packet_number,source_mac,ssid,has_vendor_specific,is_drone_id
1,00:11:32:a5:2f:c9,CBJR,true,false
2,22:11:32:a5:2f:c9,CBJRGuest,true,false
3,16:11:32:a5:2f:c9,,true,false
4,00:11:32:a5:2f:c9,CBJR,true,false
5,22:11:32:a5:2f:c9,CBJRGuest,true,false
6,16:11:32:a5:2f:c9,,true,false
7,00:11:32:a5:2f:c9,CBJR,true,false
8,22:11:32:a5:2f:c9,CBJRGuest,true,false
9,16:11:32:a5:2f:c9,,true,false
10,00:11:32:a5:2f:c9,CBJR,true,false
11,22:11:32:a5:2f:c9,CBJRGuest,true,false
12,16:11:32:a5:2f:c9,,true,false
14,00:11:32:a5:2f:c9,CBJR,true,false
15,22:11:32:a5:2f:c9,CBJRGuest,true,false
16,16:11:32:a5:2f:c9,,true,false
17,00:11:32:a5:2f:c9,CBJR,true,false
18,22:11:32:a5:2f:c9,CBJRGuest,true,false
19,16:11:32:a5:2f:c9,,true,false
20,00:11:32:a5:2f:c9,CBJR,true,false
21,22:11:32:a5:2f:c9,CBJRGuest,true,false
22,16:11:32:a5:2f:c9,,true,false
23,00:11:32:a5:2f:c9,CBJR,true,false
24,22:11:32:a5:2f:c9,CBJRGuest,true,false
25,16:11:32:a5:2f:c9,,true,false
26,00:11:32:a5:2f:c9,CBJR,true,false
27,22:11:32:a5:2f:c9,CBJRGuest,true,false
28,16:11:32:a5:2f:c9,,true,false
29,00:11:32:a5:2f:c9,CBJR,true,false
30,22:11:32:a5:2f:c9,CBJRGuest,true,false
31,16:11:32:a5:2f:c9,,true,false
32,00:11:32:a5:2f:c9,CBJR,true,false
33,22:11:32:a5:2f:c9,CBJRGuest,true,false
34,16:11:32:a5:2f:c9,,true,false
35,00:11:32:a5:2f:c9,CBJR,true,false
36,22:11:32:a5:2f:c9,CBJRGuest,true,false
37,16:11:32:a5:2f:c9,,true,false
38,00:11:32:a5:2f:c9,CBJR,true,false
39,22:11:32:a5:2f:c9,CBJRGuest,true,false
40,16:11:32:a5:2f:c9,,true,false
41,00:11:32:a5:2f:c9,CBJR,true,false
42,22:11:32:a5:2f:c9,CBJRGuest,true,false
43,16:11:32:a5:2f:c9,,true,false
46,00:11:32:a5:2f:c9,CBJR,true,false
47,22:11:32:a5:2f:c9,CBJRGuest,true,false
48,16:11:32:a5:2f:c9,,true,false
49,00:11:32:a5:2f:c9,CBJR,true,false
50,22:11:32:a5:2f:c9,CBJRGuest,true,false
51,16:11:32:a5:2f:c9,,true,false
52,00:11:32:a5:2f:c9,CBJR,true,false
53,22:11:32:a5:2f:c9,CBJRGuest,true,false
54,16:11:32:a5:2f:c9,,true,false
55,00:11:32:a5:2f:c9,CBJR,true,false
56,22:11:32:a5:2f:c9,CBJRGuest,true,false
57,16:11:32:a5:2f:c9,,true,false
58,00:11:32:a5:2f:c9,CBJR,true,false
59,22:11:32:a5:2f:c9,CBJRGuest,true,false
60,16:11:32:a5:2f:c9,,true,false
61,00:11:32:a5:2f:c9,CBJR,true,false
62,22:11:32:a5:2f:c9,CBJRGuest,true,false
63,16:11:32:a5:2f:c9,,true,false
64,00:11:32:a5:2f:c9,CBJR,true,false
65,22:11:32:a5:2f:c9,CBJRGuest,true,false
66,16:11:32:a5:2f:c9,,true,false
67,00:11:32:a5:2f:c9,CBJR,true,false
68,22:11:32:a5:2f:c9,CBJRGuest,true,false
69,16:11:32:a5:2f:c9,,true,false
70,00:11:32:a5:2f:c9,CBJR,true,false
71,22:11:32:a5:2f:c9,CBJRGuest,true,false
72,16:11:32:a5:2f:c9,,true,false
74,00:11:32:a5:2f:c9,CBJR,true,false
75,22:11:32:a5:2f:c9,CBJRGuest,true,false
76,16:11:32:a5:2f:c9,,true,false
78,00:11:32:a5:2f:c9,CBJR,true,false
79,22:11:32:a5:2f:c9,CBJRGuest,true,false
80,16:11:32:a5:2f:c9,,true,false
81,00:11:32:a5:2f:c9,CBJR,true,false
82,22:11:32:a5:2f:c9,CBJRGuest,true,false
83,16:11:32:a5:2f:c9,,true,false
89,00:11:32:a5:2f:c9,CBJR,true,false
90,22:11:32:a5:2f:c9,CBJRGuest,true,false
91,16:11:32:a5:2f:c9,,true,false
99,00:11:32:a5:2f:c9,CBJR,true,false
100,22:11:32:a5:2f:c9,CBJRGuest,true,false
101,16:11:32:a5:2f:c9,,true,false
102,00:11:32:a5:2f:c9,CBJR,true,false
103,22:11:32:a5:2f:c9,CBJRGuest,true,false
104,16:11:32:a5:2f:c9,,true,false
105,00:11:32:a5:2f:c9,CBJR,true,false
106,22:11:32:a5:2f:c9,CBJRGuest,true,false
107,16:11:32:a5:2f:c9,,true,false
108,00:11:32:a5:2f:c9,CBJR,true,false
109,22:11:32:a5:2f:c9,CBJRGuest,true,false
110,16:11:32:a5:2f:c9,,true,false
112,00:11:32:a5:2f:c9,CBJR,true,false
113,22:11:32:a5:2f:c9,CBJRGuest,true,false
114,16:11:32:a5:2f:c9,,true,false
115,00:11:32:a5:2f:c9,CBJR,true,false
116,22:11:32:a5:2f:c9,CBJRGuest,true,false
117,16:11:32:a5:2f:c9,,true,false
119,00:11:32:a5:2f:c9,CBJR,true,false
120,22:11:32:a5:2f:c9,CBJRGuest,true,false
121,16:11:32:a5:2f:c9,,true,false
131,00:11:32:a5:2f:c9,CBJR,true,false
132,22:11:32:a5:2f:c9,CBJRGuest,true,false
133,16:11:32:a5:2f:c9,,true,false
134,00:11:32:a5:2f:c9,CBJR,true,false
135,22:11:32:a5:2f:c9,CBJRGuest,true,false
136,16:11:32:a5:2f:c9,,true,false
139,00:11:32:a5:2f:c9,CBJR,true,false
140,22:11:32:a5:2f:c9,CBJRGuest,true,false
141,16:11:32:a5:2f:c9,,true,false
142,00:11:32:a5:2f:c9,CBJR,true,false
143,22:11:32:a5:2f:c9,CBJRGuest,true,false
144,16:11:32:a5:2f:c9,,true,false
145,00:11:32:a5:2f:c9,CBJR,true,false
146,22:11:32:a5:2f:c9,CBJRGuest,true,false
147,16:11:32:a5:2f:c9,,true,false
148,00:11:32:a5:2f:c9,CBJR,true,false
149,22:11:32:a5:2f:c9,CBJRGuest,true,false
150,16:11:32:a5:2f:c9,,true,false
151,00:11:32:a5:2f:c9,CBJR,true,false
152,22:11:32:a5:2f:c9,CBJRGuest,true,false
153,16:11:32:a5:2f:c9,,true,false
154,00:11:32:a5:2f:c9,CBJR,true,false
155,22:11:32:a5:2f:c9,CBJRGuest,true,false
156,16:11:32:a5:2f:c9,,true,false
157,00:11:32:a5:2f:c9,CBJR,true,false
158,22:11:32:a5:2f:c9,CBJRGuest,true,false
159,16:11:32:a5:2f:c9,,true,false
163,00:11:32:a5:2f:c9,CBJR,true,false
164,22:11:32:a5:2f:c9,CBJRGuest,true,false
165,16:11:32:a5:2f:c9,,true,false
166,00:11:32:a5:2f:c9,CBJR,true,false
167,22:11:32:a5:2f:c9,CBJRGuest,true,false
168,16:11:32:a5:2f:c9,,true,false
169,00:11:32:a5:2f:c9,CBJR,true,false
170,22:11:32:a5:2f:c9,CBJRGuest,true,false
171,16:11:32:a5:2f:c9,,true,false
172,00:11:32:a5:2f:c9,CBJR,true,false
173,22:11:32:a5:2f:c9,CBJRGuest,true,false
174,16:11:32:a5:2f:c9,,true,false
175,00:11:32:a5:2f:c9,CBJR,true,false
176,22:11:32:a5:2f:c9,CBJRGuest,true,false
177,16:11:32:a5:2f:c9,,true,false
178,00:11:32:a5:2f:c9,CBJR,true,false
179,22:11:32:a5:2f:c9,CBJRGuest,true,false
180,16:11:32:a5:2f:c9,,true,false
182,00:11:32:a5:2f:c9,CBJR,true,false
183,22:11:32:a5:2f:c9,CBJRGuest,true,false
184,16:11:32:a5:2f:c9,,true,false
185,00:11:32:a5:2f:c9,CBJR,true,false
186,22:11:32:a5:2f:c9,CBJRGuest,true,false
187,16:11:32:a5:2f:c9,,true,false
193,00:11:32:a5:2f:c9,CBJR,true,false
194,22:11:32:a5:2f:c9,CBJRGuest,true,false
195,16:11:32:a5:2f:c9,,true,false
203,00:11:32:a5:2f:c9,CBJR,true,false
204,22:11:32:a5:2f:c9,CBJRGuest,true,false
205,16:11:32:a5:2f:c9,,true,false
226,00:11:32:a5:2f:c9,CBJR,true,false
227,22:11:32:a5:2f:c9,CBJRGuest,true,false
228,16:11:32:a5:2f:c9,,true,false
229,00:11:32:a5:2f:c9,CBJR,true,false
230,22:11:32:a5:2f:c9,CBJRGuest,true,false
231,16:11:32:a5:2f:c9,,true,false
232,00:11:32:a5:2f:c9,CBJR,true,false
233,22:11:32:a5:2f:c9,CBJRGuest,true,false
234,16:11:32:a5:2f:c9,,true,false
239,00:11:32:a5:2f:c9,CBJR,true,false
240,22:11:32:a5:2f:c9,CBJRGuest,true,false
241,16:11:32:a5:2f:c9,,true,false
249,00:11:32:a5:2f:c9,CBJR,true,false
250,22:11:32:a5:2f:c9,CBJRGuest,true,false
251,16:11:32:a5:2f:c9,,true,false
254,00:11:32:a5:2f:c9,CBJR,true,false
255,22:11:32:a5:2f:c9,CBJRGuest,true,false
256,16:11:32:a5:2f:c9,,true,false
257,00:11:32:a5:2f:c9,CBJR,true,false
258,22:11:32:a5:2f:c9,CBJRGuest,true,false
259,16:11:32:a5:2f:c9,,true,false
262,00:11:32:a5:2f:c9,CBJR,true,false
263,22:11:32:a5:2f:c9,CBJRGuest,true,false
264,16:11:32:a5:2f:c9,,true,false
272,00:11:32:a5:2f:c9,CBJR,true,false
273,22:11:32:a5:2f:c9,CBJRGuest,true,false
274,16:11:32:a5:2f:c9,,true,false
281,00:11:32:a5:2f:c9,CBJR,true,false
282,22:11:32:a5:2f:c9,CBJRGuest,true,false
283,16:11:32:a5:2f:c9,,true,false
285,00:11:32:a5:2f:c9,CBJR,true,false
286,22:11:32:a5:2f:c9,CBJRGuest,true,false
287,16:11:32:a5:2f:c9,,true,false
290,00:11:32:a5:2f:c9,CBJR,true,false
291,22:11:32:a5:2f:c9,CBJRGuest,true,false
292,16:11:32:a5:2f:c9,,true,false
293,00:11:32:a5:2f:c9,CBJR,true,false
294,22:11:32:a5:2f:c9,CBJRGuest,true,false
295,16:11:32:a5:2f:c9,,true,false
296,00:11:32:a5:2f:c9,CBJR,true,false
297,22:11:32:a5:2f:c9,CBJRGuest,true,false
298,16:11:32:a5:2f:c9,,true,false
299,00:11:32:a5:2f:c9,CBJR,true,false
300,22:11:32:a5:2f:c9,CBJRGuest,true,false
301,16:11:32:a5:2f:c9,,true,false
302,00:11:32:a5:2f:c9,CBJR,true,false
303,22:11:32:a5:2f:c9,CBJRGuest,true,false
304,16:11:32:a5:2f:c9,,true,false
305,00:11:32:a5:2f:c9,CBJR,true,false
306,22:11:32:a5:2f:c9,CBJRGuest,true,false
307,16:11:32:a5:2f:c9,,true,false
308,00:11:32:a5:2f:c9,CBJR,true,false
309,22:11:32:a5:2f:c9,CBJRGuest,true,false
310,16:11:32:a5:2f:c9,,true,false
311,00:11:32:a5:2f:c9,CBJR,true,false
312,22:11:32:a5:2f:c9,CBJRGuest,true,false
313,16:11:32:a5:2f:c9,,true,false
314,00:11:32:a5:2f:c9,CBJR,true,false
315,22:11:32:a5:2f:c9,CBJRGuest,true,false
316,16:11:32:a5:2f:c9,,true,false
319,00:11:32:a5:2f:c9,CBJR,true,false
320,22:11:32:a5:2f:c9,CBJRGuest,true,false
321,16:11:32:a5:2f:c9,,true,false
323,00:11:32:a5:2f:c9,CBJR,true,false
324,22:11:32:a5:2f:c9,CBJRGuest,true,false
325,16:11:32:a5:2f:c9,,true,false
327,00:11:32:a5:2f:c9,CBJR,true,false
328,22:11:32:a5:2f:c9,CBJRGuest,true,false
329,16:11:32:a5:2f:c9,,true,false
330,00:11:32:a5:2f:c9,CBJR,true,false
331,22:11:32:a5:2f:c9,CBJRGuest,true,false
332,16:11:32:a5:2f:c9,,true,false
333,00:11:32:a5:2f:c9,CBJR,true,false
334,22:11:32:a5:2f:c9,CBJRGuest,true,false
335,16:11:32:a5:2f:c9,,true,false
337,00:11:32:a5:2f:c9,CBJR,true,false
338,22:11:32:a5:2f:c9,CBJRGuest,true,false
339,16:11:32:a5:2f:c9,,true,false
340,00:11:32:a5:2f:c9,CBJR,true,false
341,22:11:32:a5:2f:c9,CBJRGuest,true,false
342,16:11:32:a5:2f:c9,,true,false
348,00:11:32:a5:2f:c9,CBJR,true,false
349,22:11:32:a5:2f:c9,CBJRGuest,true,false
350,16:11:32:a5:2f:c9,,true,false
357,00:11:32:a5:2f:c9,CBJR,true,false
358,22:11:32:a5:2f:c9,CBJRGuest,true,false
359,16:11:32:a5:2f:c9,,true,false
368,00:11:32:a5:2f:c9,CBJR,true,false
369,22:11:32:a5:2f:c9,CBJRGuest,true,false
370,16:11:32:a5:2f:c9,,true,false
375,00:11:32:a5:2f:c9,CBJR,true,false
376,22:11:32:a5:2f:c9,CBJRGuest,true,false
377,16:11:32:a5:2f:c9,,true,false
389,00:11:32:a5:2f:c9,CBJR,true,false
390,22:11:32:a5:2f:c9,CBJRGuest,true,false
391,16:11:32:a5:2f:c9,,true,false
398,00:11:32:a5:2f:c9,CBJR,true,false
399,22:11:32:a5:2f:c9,CBJRGuest,true,false
400,16:11:32:a5:2f:c9,,true,false
403,00:11:32:a5:2f:c9,CBJR,true,false
404,22:11:32:a5:2f:c9,CBJRGuest,true,false
405,16:11:32:a5:2f:c9,,true,false
406,00:11:32:a5:2f:c9,CBJR,true,false
407,22:11:32:a5:2f:c9,CBJRGuest,true,false
408,16:11:32:a5:2f:c9,,true,false
409,00:11:32:a5:2f:c9,CBJR,true,false
410,22:11:32:a5:2f:c9,CBJRGuest,true,false
411,16:11:32:a5:2f:c9,,true,false
412,00:11:32:a5:2f:c9,CBJR,true,false
413,22:11:32:a5:2f:c9,CBJRGuest,true,false
414,16:11:32:a5:2f:c9,,true,false
415,00:11:32:a5:2f:c9,CBJR,true,false
416,22:11:32:a5:2f:c9,CBJRGuest,true,false
417,16:11:32:a5:2f:c9,,true,false
418,00:11:32:a5:2f:c9,CBJR,true,false
419,22:11:32:a5:2f:c9,CBJRGuest,true,false
420,16:11:32:a5:2f:c9,,true,false
422,00:11:32:a5:2f:c9,CBJR,true,false
423,22:11:32:a5:2f:c9,CBJRGuest,true,false
424,16:11:32:a5:2f:c9,,true,false
425,00:11:32:a5:2f:c9,CBJR,true,false
426,22:11:32:a5:2f:c9,CBJRGuest,true,false
427,16:11:32:a5:2f:c9,,true,false
428,00:11:32:a5:2f:c9,CBJR,true,false
429,22:11:32:a5:2f:c9,CBJRGuest,true,false
430,16:11:32:a5:2f:c9,,true,false
431,00:11:32:a5:2f:c9,CBJR,true,false
432,22:11:32:a5:2f:c9,CBJRGuest,true,false
433,16:11:32:a5:2f:c9,,true,false
434,00:11:32:a5:2f:c9,CBJR,true,false
435,22:11:32:a5:2f:c9,CBJRGuest,true,false
436,16:11:32:a5:2f:c9,,true,false
437,00:11:32:a5:2f:c9,CBJR,true,false
438,22:11:32:a5:2f:c9,CBJRGuest,true,false
439,16:11:32:a5:2f:c9,,true,false
440,00:11:32:a5:2f:c9,CBJR,true,false
441,22:11:32:a5:2f:c9,CBJRGuest,true,false
442,16:11:32:a5:2f:c9,,true,false
443,00:11:32:a5:2f:c9,CBJR,true,false
444,22:11:32:a5:2f:c9,CBJRGuest,true,false
445,16:11:32:a5:2f:c9,,true,false
446,00:11:32:a5:2f:c9,CBJR,true,false
447,22:11:32:a5:2f:c9,CBJRGuest,true,false
448,16:11:32:a5:2f:c9,,true,false
449,00:11:32:a5:2f:c9,CBJR,true,false
450,22:11:32:a5:2f:c9,CBJRGuest,true,false
451,16:11:32:a5:2f:c9,,true,false
453,00:11:32:a5:2f:c9,CBJR,true,false
454,22:11:32:a5:2f:c9,CBJRGuest,true,false
455,16:11:32:a5:2f:c9,,true,false
456,00:11:32:a5:2f:c9,CBJR,true,false
457,22:11:32:a5:2f:c9,CBJRGuest,true,false
458,16:11:32:a5:2f:c9,,true,false
459,00:11:32:a5:2f:c9,CBJR,true,false
460,22:11:32:a5:2f:c9,CBJRGuest,true,false
461,16:11:32:a5:2f:c9,,true,false
462,00:11:32:a5:2f:c9,CBJR,true,false
463,22:11:32:a5:2f:c9,CBJRGuest,true,false
464,16:11:32:a5:2f:c9,,true,false
465,00:11:32:a5:2f:c9,CBJR,true,false
466,22:11:32:a5:2f:c9,CBJRGuest,true,false
467,16:11:32:a5:2f:c9,,true,false
468,00:11:32:a5:2f:c9,CBJR,true,false
469,22:11:32:a5:2f:c9,CBJRGuest,true,false
470,16:11:32:a5:2f:c9,,true,false
472,00:11:32:a5:2f:c9,CBJR,true,false
473,22:11:32:a5:2f:c9,CBJRGuest,true,false
474,16:11:32:a5:2f:c9,,true,false
476,00:11:32:a5:2f:c9,CBJR,true,false
477,22:11:32:a5:2f:c9,CBJRGuest,true,false
478,16:11:32:a5:2f:c9,,true,false
479,00:11:32:a5:2f:c9,CBJR,true,false
480,22:11:32:a5:2f:c9,CBJRGuest,true,false
481,16:11:32:a5:2f:c9,,true,false
482,00:11:32:a5:2f:c9,CBJR,true,false
483,22:11:32:a5:2f:c9,CBJRGuest,true,false
484,16:11:32:a5:2f:c9,,true,false
488,00:11:32:a5:2f:c9,CBJR,true,false
489,22:11:32:a5:2f:c9,CBJRGuest,true,false
490,16:11:32:a5:2f:c9,,true,false
493,00:11:32:a5:2f:c9,CBJR,true,false
494,22:11:32:a5:2f:c9,CBJRGuest,true,false
495,16:11:32:a5:2f:c9,,true,false
499,00:11:32:a5:2f:c9,CBJR,true,false
500,22:11:32:a5:2f:c9,CBJRGuest,true,false
501,16:11:32:a5:2f:c9,,true,false
502,00:11:32:a5:2f:c9,CBJR,true,false
503,22:11:32:a5:2f:c9,CBJRGuest,true,false
504,16:11:32:a5:2f:c9,,true,false
505,00:11:32:a5:2f:c9,CBJR,true,false
506,22:11:32:a5:2f:c9,CBJRGuest,true,false
507,16:11:32:a5:2f:c9,,true,false
508,00:11:32:a5:2f:c9,CBJR,true,false
509,22:11:32:a5:2f:c9,CBJRGuest,true,false
510,16:11:32:a5:2f:c9,,true,false
511,00:11:32:a5:2f:c9,CBJR,true,false
512,22:11:32:a5:2f:c9,CBJRGuest,true,false
513,16:11:32:a5:2f:c9,,true,false
514,00:11:32:a5:2f:c9,CBJR,true,false
515,22:11:32:a5:2f:c9,CBJRGuest,true,false
516,16:11:32:a5:2f:c9,,true,false
517,00:11:32:a5:2f:c9,CBJR,true,false
518,22:11:32:a5:2f:c9,CBJRGuest,true,false
519,16:11:32:a5:2f:c9,,true,false
520,00:11:32:a5:2f:c9,CBJR,true,false
521,22:11:32:a5:2f:c9,CBJRGuest,true,false
522,16:11:32:a5:2f:c9,,true,false
524,00:11:32:a5:2f:c9,CBJR,true,false
525,22:11:32:a5:2f:c9,CBJRGuest,true,false
526,16:11:32:a5:2f:c9,,true,false
527,00:11:32:a5:2f:c9,CBJR,true,false
528,22:11:32:a5:2f:c9,CBJRGuest,true,false
529,16:11:32:a5:2f:c9,,true,false
530,00:11:32:a5:2f:c9,CBJR,true,false
531,22:11:32:a5:2f:c9,CBJRGuest,true,false
532,16:11:32:a5:2f:c9,,true,false
533,00:11:32:a5:2f:c9,CBJR,true,false
534,22:11:32:a5:2f:c9,CBJRGuest,true,false
535,16:11:32:a5:2f:c9,,true,false
537,00:11:32:a5:2f:c9,CBJR,true,false
538,22:11:32:a5:2f:c9,CBJRGuest,true,false
540,00:11:32:a5:2f:c9,CBJR,true,false
541,22:11:32:a5:2f:c9,CBJRGuest,true,false
542,16:11:32:a5:2f:c9,,true,false
543,00:11:32:a5:2f:c9,CBJR,true,false
544,22:11:32:a5:2f:c9,CBJRGuest,true,false
545,16:11:32:a5:2f:c9,,true,false
546,22:11:32:a5:2f:c9,CBJRGuest,true,false
547,16:11:32:a5:2f:c9,,true,false
548,00:11:32:a5:2f:c9,CBJR,true,false
549,22:11:32:a5:2f:c9,CBJRGuest,true,false
550,16:11:32:a5:2f:c9,,true,false
551,00:11:32:a5:2f:c9,CBJR,true,false
552,22:11:32:a5:2f:c9,CBJRGuest,true,false
553,16:11:32:a5:2f:c9,,true,false
555,00:11:32:a5:2f:c9,CBJR,true,false
556,22:11:32:a5:2f:c9,CBJRGuest,true,false
557,00:11:32:a5:2f:c9,CBJR,true,false
558,22:11:32:a5:2f:c9,CBJRGuest,true,false
559,16:11:32:a5:2f:c9,,true,false
560,00:11:32:a5:2f:c9,CBJR,true,false
561,22:11:32:a5:2f:c9,CBJRGuest,true,false
562,16:11:32:a5:2f:c9,,true,false
563,00:11:32:a5:2f:c9,CBJR,true,false
564,22:11:32:a5:2f:c9,CBJRGuest,true,false
565,16:11:32:a5:2f:c9,,true,false
566,00:11:32:a5:2f:c9,CBJR,true,false
567,22:11:32:a5:2f:c9,CBJRGuest,true,false
568,16:11:32:a5:2f:c9,,true,false
569,00:11:32:a5:2f:c9,CBJR,true,false
570,22:11:32:a5:2f:c9,CBJRGuest,true,false
571,16:11:32:a5:2f:c9,,true,false
572,00:11:32:a5:2f:c9,CBJR,true,false
573,22:11:32:a5:2f:c9,CBJRGuest,true,false
574,16:11:32:a5:2f:c9,,true,false
575,00:11:32:a5:2f:c9,CBJR,true,false
576,22:11:32:a5:2f:c9,CBJRGuest,true,false
577,16:11:32:a5:2f:c9,,true,false
578,00:11:32:a5:2f:c9,CBJR,true,false
579,22:11:32:a5:2f:c9,CBJRGuest,true,false
580,16:11:32:a5:2f:c9,,true,false
582,00:11:32:a5:2f:c9,CBJR,true,false
583,22:11:32:a5:2f:c9,CBJRGuest,true,false
584,16:11:32:a5:2f:c9,,true,false
585,00:11:32:a5:2f:c9,CBJR,true,false
586,22:11:32:a5:2f:c9,CBJRGuest,true,false
587,16:11:32:a5:2f:c9,,true,false
588,00:11:32:a5:2f:c9,CBJR,true,false
589,22:11:32:a5:2f:c9,CBJRGuest,true,false
590,16:11:32:a5:2f:c9,,true,false
591,00:11:32:a5:2f:c9,CBJR,true,false
592,22:11:32:a5:2f:c9,CBJRGuest,true,false
593,16:11:32:a5:2f:c9,,true,false
594,00:11:32:a5:2f:c9,CBJR,true,false
595,22:11:32:a5:2f:c9,CBJRGuest,true,false
596,16:11:32:a5:2f:c9,,true,false
597,00:11:32:a5:2f:c9,CBJR,true,false
598,22:11:32:a5:2f:c9,CBJRGuest,true,false
599,16:11:32:a5:2f:c9,,true,false
600,00:11:32:a5:2f:c9,CBJR,true,false
601,22:11:32:a5:2f:c9,CBJRGuest,true,false
602,16:11:32:a5:2f:c9,,true,false
603,00:11:32:a5:2f:c9,CBJR,true,false
604,22:11:32:a5:2f:c9,CBJRGuest,true,false
605,16:11:32:a5:2f:c9,,true,false
606,00:11:32:a5:2f:c9,CBJR,true,false
607,22:11:32:a5:2f:c9,CBJRGuest,true,false
608,16:11:32:a5:2f:c9,,true,false
609,00:11:32:a5:2f:c9,CBJR,true,false
610,22:11:32:a5:2f:c9,CBJRGuest,true,false
611,16:11:32:a5:2f:c9,,true,false
613,00:11:32:a5:2f:c9,CBJR,true,false
614,22:11:32:a5:2f:c9,CBJRGuest,true,false
615,00:11:32:a5:2f:c9,CBJR,true,false
616,16:11:32:a5:2f:c9,,true,false
617,22:11:32:a5:2f:c9,CBJRGuest,true,false
618,16:11:32:a5:2f:c9,,true,false
619,00:11:32:a5:2f:c9,CBJR,true,false
620,22:11:32:a5:2f:c9,CBJRGuest,true,false
621,16:11:32:a5:2f:c9,,true,false
622,00:11:32:a5:2f:c9,CBJR,true,false
623,22:11:32:a5:2f:c9,CBJRGuest,true,false
624,16:11:32:a5:2f:c9,,true,false
625,00:11:32:a5:2f:c9,CBJR,true,false
626,22:11:32:a5:2f:c9,CBJRGuest,true,false
627,00:11:32:a5:2f:c9,CBJR,true,false
628,22:11:32:a5:2f:c9,CBJRGuest,true,false
629,16:11:32:a5:2f:c9,,true,false
630,00:11:32:a5:2f:c9,CBJR,true,false
631,22:11:32:a5:2f:c9,CBJRGuest,true,false
632,16:11:32:a5:2f:c9,,true,false
633,00:11:32:a5:2f:c9,CBJR,true,false
634,22:11:32:a5:2f:c9,CBJRGuest,true,false
635,16:11:32:a5:2f:c9,,true,false
637,00:11:32:a5:2f:c9,CBJR,true,false
638,16:11:32:a5:2f:c9,,true,false
639,00:11:32:a5:2f:c9,CBJR,true,false
640,22:11:32:a5:2f:c9,CBJRGuest,true,false
641,16:11:32:a5:2f:c9,,true,false
642,00:11:32:a5:2f:c9,CBJR,true,false
643,22:11:32:a5:2f:c9,CBJRGuest,true,false
644,16:11:32:a5:2f:c9,,true,false
646,00:11:32:a5:2f:c9,CBJR,true,false
647,22:11:32:a5:2f:c9,CBJRGuest,true,false
648,16:11:32:a5:2f:c9,,true,false
649,00:11:32:a5:2f:c9,CBJR,true,false
650,22:11:32:a5:2f:c9,CBJRGuest,true,false
651,16:11:32:a5:2f:c9,,true,false
661,00:11:32:a5:2f:c9,CBJR,true,false
662,22:11:32:a5:2f:c9,CBJRGuest,true,false
663,00:11:32:a5:2f:c9,CBJR,true,false
664,22:11:32:a5:2f:c9,CBJRGuest,true,false
665,16:11:32:a5:2f:c9,,true,false
677,00:11:32:a5:2f:c9,CBJR,true,false
678,22:11:32:a5:2f:c9,CBJRGuest,true,false
679,16:11:32:a5:2f:c9,,true,false
680,00:11:32:a5:2f:c9,CBJR,true,false
681,22:11:32:a5:2f:c9,CBJRGuest,true,false
682,16:11:32:a5:2f:c9,,true,false
684,00:11:32:a5:2f:c9,CBJR,true,false
685,22:11:32:a5:2f:c9,CBJRGuest,true,false
686,16:11:32:a5:2f:c9,,true,false
689,00:11:32:a5:2f:c9,CBJR,true,false
690,22:11:32:a5:2f:c9,CBJRGuest,true,false
691,16:11:32:a5:2f:c9,,true,false
693,00:11:32:a5:2f:c9,CBJR,true,false
694,22:11:32:a5:2f:c9,CBJRGuest,true,false
695,16:11:32:a5:2f:c9,,true,false
696,00:11:32:a5:2f:c9,CBJR,true,false
697,22:11:32:a5:2f:c9,CBJRGuest,true,false
698,16:11:32:a5:2f:c9,,true,false
699,00:11:32:a5:2f:c9,CBJR,true,false
700,22:11:32:a5:2f:c9,CBJRGuest,true,false
701,16:11:32:a5:2f:c9,,true,false
702,00:11:32:a5:2f:c9,CBJR,true,false
703,22:11:32:a5:2f:c9,CBJRGuest,true,false
704,16:11:32:a5:2f:c9,,true,false
705,00:11:32:a5:2f:c9,CBJR,true,false
706,22:11:32:a5:2f:c9,CBJRGuest,true,false
707,16:11:32:a5:2f:c9,,true,false
708,00:11:32:a5:2f:c9,CBJR,true,false
709,22:11:32:a5:2f:c9,CBJRGuest,true,false
710,16:11:32:a5:2f:c9,,true,false
711,00:11:32:a5:2f:c9,CBJR,true,false
712,22:11:32:a5:2f:c9,CBJRGuest,true,false
713,16:11:32:a5:2f:c9,,true,false
714,00:11:32:a5:2f:c9,CBJR,true,false
715,22:11:32:a5:2f:c9,CBJRGuest,true,false
716,16:11:32:a5:2f:c9,,true,false
717,00:11:32:a5:2f:c9,CBJR,true,false
718,22:11:32:a5:2f:c9,CBJRGuest,true,false
719,16:11:32:a5:2f:c9,,true,false
721,00:11:32:a5:2f:c9,CBJR,true,false
722,22:11:32:a5:2f:c9,CBJRGuest,true,false
723,16:11:32:a5:2f:c9,,true,false
726,00:11:32:a5:2f:c9,CBJR,true,false
727,22:11:32:a5:2f:c9,CBJRGuest,true,false
728,16:11:32:a5:2f:c9,,true,false
729,00:11:32:a5:2f:c9,CBJR,true,false
730,22:11:32:a5:2f:c9,CBJRGuest,true,false
731,16:11:32:a5:2f:c9,,true,false
732,00:11:32:a5:2f:c9,CBJR,true,false
733,22:11:32:a5:2f:c9,CBJRGuest,true,false
734,16:11:32:a5:2f:c9,,true,false
735,00:11:32:a5:2f:c9,CBJR,true,false
736,22:11:32:a5:2f:c9,CBJRGuest,true,false
737,16:11:32:a5:2f:c9,,true,false
738,00:11:32:a5:2f:c9,CBJR,true,false
739,22:11:32:a5:2f:c9,CBJRGuest,true,false
740,16:11:32:a5:2f:c9,,true,false
741,00:11:32:a5:2f:c9,CBJR,true,false
742,22:11:32:a5:2f:c9,CBJRGuest,true,false
743,16:11:32:a5:2f:c9,,true,false
744,00:11:32:a5:2f:c9,CBJR,true,false
745,22:11:32:a5:2f:c9,CBJRGuest,true,false
746,16:11:32:a5:2f:c9,,true,false
747,00:11:32:a5:2f:c9,CBJR,true,false
748,22:11:32:a5:2f:c9,CBJRGuest,true,false
749,16:11:32:a5:2f:c9,,true,false
750,00:11:32:a5:2f:c9,CBJR,true,false
751,22:11:32:a5:2f:c9,CBJRGuest,true,false
752,16:11:32:a5:2f:c9,,true,false
754,00:11:32:a5:2f:c9,CBJR,true,false
755,22:11:32:a5:2f:c9,CBJRGuest,true,false
756,16:11:32:a5:2f:c9,,true,false
758,00:11:32:a5:2f:c9,CBJR,true,false
759,22:11:32:a5:2f:c9,CBJRGuest,true,false
760,16:11:32:a5:2f:c9,,true,false
769,00:11:32:a5:2f:c9,CBJR,true,false
770,22:11:32:a5:2f:c9,CBJRGuest,true,false
771,16:11:32:a5:2f:c9,,true,false
772,00:11:32:a5:2f:c9,CBJR,true,false
773,22:11:32:a5:2f:c9,CBJRGuest,true,false
774,16:11:32:a5:2f:c9,,true,false
775,00:11:32:a5:2f:c9,CBJR,true,false
776,22:11:32:a5:2f:c9,CBJRGuest,true,false
777,16:11:32:a5:2f:c9,,true,false
778,00:11:32:a5:2f:c9,CBJR,true,false
779,22:11:32:a5:2f:c9,CBJRGuest,true,false
780,16:11:32:a5:2f:c9,,true,false
781,00:11:32:a5:2f:c9,CBJR,true,false
782,22:11:32:a5:2f:c9,CBJRGuest,true,false
783,16:11:32:a5:2f:c9,,true,false
784,00:11:32:a5:2f:c9,CBJR,true,false
785,22:11:32:a5:2f:c9,CBJRGuest,true,false
786,16:11:32:a5:2f:c9,,true,false
787,00:11:32:a5:2f:c9,CBJR,true,false
788,22:11:32:a5:2f:c9,CBJRGuest,true,false
789,16:11:32:a5:2f:c9,,true,false
791,00:11:32:a5:2f:c9,CBJR,true,false
792,22:11:32:a5:2f:c9,CBJRGuest,true,false
793,16:11:32:a5:2f:c9,,true,false
795,00:11:32:a5:2f:c9,CBJR,true,false
796,22:11:32:a5:2f:c9,CBJRGuest,true,false
797,16:11:32:a5:2f:c9,,true,false
798,00:11:32:a5:2f:c9,CBJR,true,false
799,22:11:32:a5:2f:c9,CBJRGuest,true,false
800,16:11:32:a5:2f:c9,,true,false
801,00:11:32:a5:2f:c9,CBJR,true,false
802,22:11:32:a5:2f:c9,CBJRGuest,true,false
803,16:11:32:a5:2f:c9,,true,false
804,00:11:32:a5:2f:c9,CBJR,true,false
805,22:11:32:a5:2f:c9,CBJRGuest,true,false
806,16:11:32:a5:2f:c9,,true,false
807,00:11:32:a5:2f:c9,CBJR,true,false
808,22:11:32:a5:2f:c9,CBJRGuest,true,false
809,16:11:32:a5:2f:c9,,true,false
810,00:11:32:a5:2f:c9,CBJR,true,false
811,22:11:32:a5:2f:c9,CBJRGuest,true,false
812,16:11:32:a5:2f:c9,,true,false
813,00:11:32:a5:2f:c9,CBJR,true,false
814,22:11:32:a5:2f:c9,CBJRGuest,true,false
815,16:11:32:a5:2f:c9,,true,false
816,00:11:32:a5:2f:c9,CBJR,true,false
817,22:11:32:a5:2f:c9,CBJRGuest,true,false
818,16:11:32:a5:2f:c9,,true,false
819,00:11:32:a5:2f:c9,CBJR,true,false
820,22:11:32:a5:2f:c9,CBJRGuest,true,false
821,16:11:32:a5:2f:c9,,true,false
823,00:11:32:a5:2f:c9,CBJR,true,false
824,22:11:32:a5:2f:c9,CBJRGuest,true,false
825,16:11:32:a5:2f:c9,,true,false
826,00:11:32:a5:2f:c9,CBJR,true,false
827,22:11:32:a5:2f:c9,CBJRGuest,true,false
828,16:11:32:a5:2f:c9,,true,false
829,00:11:32:a5:2f:c9,CBJR,true,false
830,22:11:32:a5:2f:c9,CBJRGuest,true,false
831,16:11:32:a5:2f:c9,,true,false
832,00:11:32:a5:2f:c9,CBJR,true,false
833,22:11:32:a5:2f:c9,CBJRGuest,true,false
834,16:11:32:a5:2f:c9,,true,false
836,00:11:32:a5:2f:c9,CBJR,true,false
837,22:11:32:a5:2f:c9,CBJRGuest,true,false
838,16:11:32:a5:2f:c9,,true,false
839,00:11:32:a5:2f:c9,CBJR,true,false
840,22:11:32:a5:2f:c9,CBJRGuest,true,false
841,16:11:32:a5:2f:c9,,true,false
842,00:11:32:a5:2f:c9,CBJR,true,false
843,22:11:32:a5:2f:c9,CBJRGuest,true,false
844,16:11:32:a5:2f:c9,,true,false
845,00:11:32:a5:2f:c9,CBJR,true,false
846,22:11:32:a5:2f:c9,CBJRGuest,true,false
847,16:11:32:a5:2f:c9,,true,false
848,00:11:32:a5:2f:c9,CBJR,true,false
849,22:11:32:a5:2f:c9,CBJRGuest,true,false
850,16:11:32:a5:2f:c9,,true,false
851,00:11:32:a5:2f:c9,CBJR,true,false
852,22:11:32:a5:2f:c9,CBJRGuest,true,false
853,16:11:32:a5:2f:c9,,true,false
855,00:11:32:a5:2f:c9,CBJR,true,false
856,22:11:32:a5:2f:c9,CBJRGuest,true,false
857,16:11:32:a5:2f:c9,,true,false
858,00:11:32:a5:2f:c9,CBJR,true,false
859,22:11:32:a5:2f:c9,CBJRGuest,true,false
860,16:11:32:a5:2f:c9,,true,false
861,00:11:32:a5:2f:c9,CBJR,true,false
862,22:11:32:a5:2f:c9,CBJRGuest,true,false
863,16:11:32:a5:2f:c9,,true,false
864,00:11:32:a5:2f:c9,CBJR,true,false
865,22:11:32:a5:2f:c9,CBJRGuest,true,false
866,16:11:32:a5:2f:c9,,true,false
867,00:11:32:a5:2f:c9,CBJR,true,false
868,22:11:32:a5:2f:c9,CBJRGuest,true,false
869,16:11:32:a5:2f:c9,,true,false
870,00:11:32:a5:2f:c9,CBJR,true,false
871,22:11:32:a5:2f:c9,CBJRGuest,true,false
872,16:11:32:a5:2f:c9,,true,false
873,00:11:32:a5:2f:c9,CBJR,true,false
874,22:11:32:a5:2f:c9,CBJRGuest,true,false
875,16:11:32:a5:2f:c9,,true,false
876,00:11:32:a5:2f:c9,CBJR,true,false
877,22:11:32:a5:2f:c9,CBJRGuest,true,false
878,16:11:32:a5:2f:c9,,true,false
879,00:11:32:a5:2f:c9,CBJR,true,false
880,22:11:32:a5:2f:c9,CBJRGuest,true,false
881,16:11:32:a5:2f:c9,,true,false
882,00:11:32:a5:2f:c9,CBJR,true,false
883,22:11:32:a5:2f:c9,CBJRGuest,true,false
884,16:11:32:a5:2f:c9,,true,false
886,00:11:32:a5:2f:c9,CBJR,true,false
887,22:11:32:a5:2f:c9,CBJRGuest,true,false
888,16:11:32:a5:2f:c9,,true,false
890,00:11:32:a5:2f:c9,CBJR,true,false
891,22:11:32:a5:2f:c9,CBJRGuest,true,false
892,16:11:32:a5:2f:c9,,true,false
894,00:11:32:a5:2f:c9,CBJR,true,false
895,22:11:32:a5:2f:c9,CBJRGuest,true,false
896,16:11:32:a5:2f:c9,,true,false
900,00:11:32:a5:2f:c9,CBJR,true,false
901,22:11:32:a5:2f:c9,CBJRGuest,true,false
902,16:11:32:a5:2f:c9,,true,false
903,00:11:32:a5:2f:c9,CBJR,true,false
904,22:11:32:a5:2f:c9,CBJRGuest,true,false
905,16:11:32:a5:2f:c9,,true,false
906,00:11:32:a5:2f:c9,CBJR,true,false
907,22:11:32:a5:2f:c9,CBJRGuest,true,false
908,16:11:32:a5:2f:c9,,true,false
909,00:11:32:a5:2f:c9,CBJR,true,false
910,22:11:32:a5:2f:c9,CBJRGuest,true,false
911,16:11:32:a5:2f:c9,,true,false
912,00:11:32:a5:2f:c9,CBJR,true,false
913,22:11:32:a5:2f:c9,CBJRGuest,true,false
914,16:11:32:a5:2f:c9,,true,false
915,00:11:32:a5:2f:c9,CBJR,true,false
916,22:11:32:a5:2f:c9,CBJRGuest,true,false
917,16:11:32:a5:2f:c9,,true,false
918,00:11:32:a5:2f:c9,CBJR,true,false
919,22:11:32:a5:2f:c9,CBJRGuest,true,false
920,16:11:32:a5:2f:c9,,true,false
922,00:11:32:a5:2f:c9,CBJR,true,false
923,22:11:32:a5:2f:c9,CBJRGuest,true,false
924,16:11:32:a5:2f:c9,,true,false
925,00:11:32:a5:2f:c9,CBJR,true,false
926,22:11:32:a5:2f:c9,CBJRGuest,true,false
927,16:11:32:a5:2f:c9,,true,false
928,00:11:32:a5:2f:c9,CBJR,true,false
929,22:11:32:a5:2f:c9,CBJRGuest,true,false
930,16:11:32:a5:2f:c9,,true,false
931,00:11:32:a5:2f:c9,CBJR,true,false
932,22:11:32:a5:2f:c9,CBJRGuest,true,false
933,16:11:32:a5:2f:c9,,true,false
934,00:11:32:a5:2f:c9,CBJR,true,false
935,22:11:32:a5:2f:c9,CBJRGuest,true,false
936,16:11:32:a5:2f:c9,,true,false
937,00:11:32:a5:2f:c9,CBJR,true,false
938,22:11:32:a5:2f:c9,CBJRGuest,true,false
939,16:11:32:a5:2f:c9,,true,false
940,00:11:32:a5:2f:c9,CBJR,true,false
941,22:11:32:a5:2f:c9,CBJRGuest,true,false
942,16:11:32:a5:2f:c9,,true,false
943,00:11:32:a5:2f:c9,CBJR,true,false
944,22:11:32:a5:2f:c9,CBJRGuest,true,false
945,16:11:32:a5:2f:c9,,true,false
946,00:11:32:a5:2f:c9,CBJR,true,false
947,22:11:32:a5:2f:c9,CBJRGuest,true,false
948,16:11:32:a5:2f:c9,,true,false
949,00:11:32:a5:2f:c9,CBJR,true,false
950,22:11:32:a5:2f:c9,CBJRGuest,true,false
951,16:11:32:a5:2f:c9,,true,false
953,00:11:32:a5:2f:c9,CBJR,true,false
954,22:11:32:a5:2f:c9,CBJRGuest,true,false
955,16:11:32:a5:2f:c9,,true,false
956,00:11:32:a5:2f:c9,CBJR,true,false
957,22:11:32:a5:2f:c9,CBJRGuest,true,false
958,16:11:32:a5:2f:c9,,true,false
959,00:11:32:a5:2f:c9,CBJR,true,false
960,22:11:32:a5:2f:c9,CBJRGuest,true,false
961,16:11:32:a5:2f:c9,,true,false
962,00:11:32:a5:2f:c9,CBJR,true,false
963,22:11:32:a5:2f:c9,CBJRGuest,true,false
964,16:11:32:a5:2f:c9,,true,false
965,00:11:32:a5:2f:c9,CBJR,true,false
966,22:11:32:a5:2f:c9,CBJRGuest,true,false
967,16:11:32:a5:2f:c9,,true,false
968,00:11:32:a5:2f:c9,CBJR,true,false
969,22:11:32:a5:2f:c9,CBJRGuest,true,false
970,16:11:32:a5:2f:c9,,true,false
971,00:11:32:a5:2f:c9,CBJR,true,false
972,22:11:32:a5:2f:c9,CBJRGuest,true,false
973,16:11:32:a5:2f:c9,,true,false
974,00:11:32:a5:2f:c9,CBJR,true,false
975,22:11:32:a5:2f:c9,CBJRGuest,true,false
976,16:11:32:a5:2f:c9,,true,false
977,00:11:32:a5:2f:c9,CBJR,true,false
978,22:11:32:a5:2f:c9,CBJRGuest,true,false
979,16:11:32:a5:2f:c9,,true,false
981,00:11:32:a5:2f:c9,CBJR,true,false
982,22:11:32:a5:2f:c9,CBJRGuest,true,false
983,16:11:32:a5:2f:c9,,true,false
984,00:11:32:a5:2f:c9,CBJR,true,false
985,22:11:32:a5:2f:c9,CBJRGuest,true,false
986,16:11:32:a5:2f:c9,,true,false
987,00:11:32:a5:2f:c9,CBJR,true,false
988,22:11:32:a5:2f:c9,CBJRGuest,true,false
989,16:11:32:a5:2f:c9,,true,false
994,00:11:32:a5:2f:c9,CBJR,true,false
995,22:11:32:a5:2f:c9,CBJRGuest,true,false
996,16:11:32:a5:2f:c9,,true,false
998,00:11:32:a5:2f:c9,CBJR,true,false
999,22:11:32:a5:2f:c9,CBJRGuest,true,false
1000,16:11:32:a5:2f:c9,,true,false
1001,00:11:32:a5:2f:c9,CBJR,true,false
1002,22:11:32:a5:2f:c9,CBJRGuest,true,false
1003,16:11:32:a5:2f:c9,,true,false
1004,00:11:32:a5:2f:c9,CBJR,true,false
1005,22:11:32:a5:2f:c9,CBJRGuest,true,false
1006,16:11:32:a5:2f:c9,,true,false
1007,00:11:32:a5:2f:c9,CBJR,true,false
1008,22:11:32:a5:2f:c9,CBJRGuest,true,false
1009,16:11:32:a5:2f:c9,,true,false
1017,00:11:32:a5:2f:c9,CBJR,true,false
1018,22:11:32:a5:2f:c9,CBJRGuest,true,false
1019,16:11:32:a5:2f:c9,,true,false
1021,00:11:32:a5:2f:c9,CBJR,true,false
1022,22:11:32:a5:2f:c9,CBJRGuest,true,false
1023,16:11:32:a5:2f:c9,,true,false
1026,00:11:32:a5:2f:c9,CBJR,true,false
1027,22:11:32:a5:2f:c9,CBJRGuest,true,false
1028,16:11:32:a5:2f:c9,,true,false
1030,00:11:32:a5:2f:c9,CBJR,true,false
1031,22:11:32:a5:2f:c9,CBJRGuest,true,false
1032,16:11:32:a5:2f:c9,,true,false
1033,00:11:32:a5:2f:c9,CBJR,true,false
1034,22:11:32:a5:2f:c9,CBJRGuest,true,false
1035,16:11:32:a5:2f:c9,,true,false
1041,00:11:32:a5:2f:c9,CBJR,true,false
1042,22:11:32:a5:2f:c9,CBJRGuest,true,false
1043,16:11:32:a5:2f:c9,,true,false
1044,00:11:32:a5:2f:c9,CBJR,true,false
1045,22:11:32:a5:2f:c9,CBJRGuest,true,false
1046,16:11:32:a5:2f:c9,,true,false
1047,00:11:32:a5:2f:c9,CBJR,true,false
1048,22:11:32:a5:2f:c9,CBJRGuest,true,false
1049,16:11:32:a5:2f:c9,,true,false
1050,00:11:32:a5:2f:c9,CBJR,true,false
1051,22:11:32:a5:2f:c9,CBJRGuest,true,false
1052,16:11:32:a5:2f:c9,,true,false
1053,00:11:32:a5:2f:c9,CBJR,true,false
1054,22:11:32:a5:2f:c9,CBJRGuest,true,false
1055,16:11:32:a5:2f:c9,,true,false
1059,00:11:32:a5:2f:c9,CBJR,true,false
1060,22:11:32:a5:2f:c9,CBJRGuest,true,false
1061,16:11:32:a5:2f:c9,,true,false
1062,00:11:32:a5:2f:c9,CBJR,true,false
1063,22:11:32:a5:2f:c9,CBJRGuest,true,false
1064,16:11:32:a5:2f:c9,,true,false
1066,00:11:32:a5:2f:c9,CBJR,true,false
1067,22:11:32:a5:2f:c9,CBJRGuest,true,false
1068,16:11:32:a5:2f:c9,,true,false
1069,00:11:32:a5:2f:c9,CBJR,true,false
1070,22:11:32:a5:2f:c9,CBJRGuest,true,false
1071,16:11:32:a5:2f:c9,,true,false
1072,00:11:32:a5:2f:c9,CBJR,true,false
1073,22:11:32:a5:2f:c9,CBJRGuest,true,false
1074,16:11:32:a5:2f:c9,,true,false
1076,00:11:32:a5:2f:c9,CBJR,true,false
1077,22:11:32:a5:2f:c9,CBJRGuest,true,false
1078,16:11:32:a5:2f:c9,,true,false
1079,00:11:32:a5:2f:c9,CBJR,true,false
1080,22:11:32:a5:2f:c9,CBJRGuest,true,false
1081,16:11:32:a5:2f:c9,,true,false
1082,00:11:32:a5:2f:c9,CBJR,true,false
1083,22:11:32:a5:2f:c9,CBJRGuest,true,false
1084,16:11:32:a5:2f:c9,,true,false
1085,00:11:32:a5:2f:c9,CBJR,true,false
1086,22:11:32:a5:2f:c9,CBJRGuest,true,false
1087,16:11:32:a5:2f:c9,,true,false
1088,00:11:32:a5:2f:c9,CBJR,true,false
1089,22:11:32:a5:2f:c9,CBJRGuest,true,false
1090,16:11:32:a5:2f:c9,,true,false
1091,00:11:32:a5:2f:c9,CBJR,true,false
1092,22:11:32:a5:2f:c9,CBJRGuest,true,false
1093,16:11:32:a5:2f:c9,,true,false
1094,00:11:32:a5:2f:c9,CBJR,true,false
1095,22:11:32:a5:2f:c9,CBJRGuest,true,false
1096,16:11:32:a5:2f:c9,,true,false
1098,00:11:32:a5:2f:c9,CBJR,true,false
1099,22:11:32:a5:2f:c9,CBJRGuest,true,false
1100,16:11:32:a5:2f:c9,,true,false
1101,00:11:32:a5:2f:c9,CBJR,true,false
1102,22:11:32:a5:2f:c9,CBJRGuest,true,false
1103,16:11:32:a5:2f:c9,,true,false
1104,00:11:32:a5:2f:c9,CBJR,true,false
1105,22:11:32:a5:2f:c9,CBJRGuest,true,false
1106,16:11:32:a5:2f:c9,,true,false
1108,00:11:32:a5:2f:c9,CBJR,true,false
1109,22:11:32:a5:2f:c9,CBJRGuest,true,false
1110,16:11:32:a5:2f:c9,,true,false
1111,00:11:32:a5:2f:c9,CBJR,true,false
1112,22:11:32:a5:2f:c9,CBJRGuest,true,false
1113,16:11:32:a5:2f:c9,,true,false
1114,00:11:32:a5:2f:c9,CBJR,true,false
1115,22:11:32:a5:2f:c9,CBJRGuest,true,false
1116,16:11:32:a5:2f:c9,,true,false
1117,00:11:32:a5:2f:c9,CBJR,true,false
1118,22:11:32:a5:2f:c9,CBJRGuest,true,false
1119,16:11:32:a5:2f:c9,,true,false
1120,00:11:32:a5:2f:c9,CBJR,true,false
1121,22:11:32:a5:2f:c9,CBJRGuest,true,false
1122,16:11:32:a5:2f:c9,,true,false
1123,00:11:32:a5:2f:c9,CBJR,true,false
1124,22:11:32:a5:2f:c9,CBJRGuest,true,false
1125,16:11:32:a5:2f:c9,,true,false
1128,00:11:32:a5:2f:c9,CBJR,true,false
1129,22:11:32:a5:2f:c9,CBJRGuest,true,false
1130,16:11:32:a5:2f:c9,,true,false
1131,00:11:32:a5:2f:c9,CBJR,true,false
1132,22:11:32:a5:2f:c9,CBJRGuest,true,false
1133,16:11:32:a5:2f:c9,,true,false
1134,00:11:32:a5:2f:c9,CBJR,true,false
1135,22:11:32:a5:2f:c9,CBJRGuest,true,false
1136,16:11:32:a5:2f:c9,,true,false
1138,00:11:32:a5:2f:c9,CBJR,true,false
1139,22:11:32:a5:2f:c9,CBJRGuest,true,false
1140,16:11:32:a5:2f:c9,,true,false
1141,00:11:32:a5:2f:c9,CBJR,true,false
1142,22:11:32:a5:2f:c9,CBJRGuest,true,false
1143,16:11:32:a5:2f:c9,,true,false
1144,00:11:32:a5:2f:c9,CBJR,true,false
1145,22:11:32:a5:2f:c9,CBJRGuest,true,false
1146,16:11:32:a5:2f:c9,,true,false
1147,00:11:32:a5:2f:c9,CBJR,true,false
1148,22:11:32:a5:2f:c9,CBJRGuest,true,false
1149,16:11:32:a5:2f:c9,,true,false
1150,00:11:32:a5:2f:c9,CBJR,true,false
1151,22:11:32:a5:2f:c9,CBJRGuest,true,false
1152,16:11:32:a5:2f:c9,,true,false
1153,00:11:32:a5:2f:c9,CBJR,true,false
1154,22:11:32:a5:2f:c9,CBJRGuest,true,false
1155,16:11:32:a5:2f:c9,,true,false
1156,00:11:32:a5:2f:c9,CBJR,true,false
1157,22:11:32:a5:2f:c9,CBJRGuest,true,false
1158,16:11:32:a5:2f:c9,,true,false
1159,00:11:32:a5:2f:c9,CBJR,true,false
1160,22:11:32:a5:2f:c9,CBJRGuest,true,false
1161,16:11:32:a5:2f:c9,,true,false
1163,00:11:32:a5:2f:c9,CBJR,true,false
1164,22:11:32:a5:2f:c9,CBJRGuest,true,false
1165,16:11:32:a5:2f:c9,,true,false
1166,16:11:32:a5:2f:c9,,true,false
1167,00:11:32:a5:2f:c9,CBJR,true,false
1168,16:11:32:a5:2f:c9,,true,false
1169,22:11:32:a5:2f:c9,CBJRGuest,true,false
1170,16:11:32:a5:2f:c9,,true,false
1172,00:11:32:a5:2f:c9,CBJR,true,false
1173,22:11:32:a5:2f:c9,CBJRGuest,true,false
1174,16:11:32:a5:2f:c9,,true,false
1175,00:11:32:a5:2f:c9,CBJR,true,false
1176,22:11:32:a5:2f:c9,CBJRGuest,true,false
1177,16:11:32:a5:2f:c9,,true,false
1178,00:11:32:a5:2f:c9,CBJR,true,false
1179,22:11:32:a5:2f:c9,CBJRGuest,true,false
1180,16:11:32:a5:2f:c9,,true,false
1181,00:11:32:a5:2f:c9,CBJR,true,false
1182,22:11:32:a5:2f:c9,CBJRGuest,true,false
1183,16:11:32:a5:2f:c9,,true,false
1184,00:11:32:a5:2f:c9,CBJR,true,false
1185,16:11:32:a5:2f:c9,,true,false
1187,00:11:32:a5:2f:c9,CBJR,true,false
1188,22:11:32:a5:2f:c9,CBJRGuest,true,false
1189,16:11:32:a5:2f:c9,,true,false
1190,00:11:32:a5:2f:c9,CBJR,true,false
1191,16:11:32:a5:2f:c9,,true,false
1194,22:11:32:a5:2f:c9,CBJRGuest,true,false
1195,16:11:32:a5:2f:c9,,true,false
1196,00:11:32:a5:2f:c9,CBJR,true,false
1197,22:11:32:a5:2f:c9,CBJRGuest,true,false
1198,16:11:32:a5:2f:c9,,true,false
1199,00:11:32:a5:2f:c9,CBJR,true,false
1200,22:11:32:a5:2f:c9,CBJRGuest,true,false
1201,16:11:32:a5:2f:c9,,true,false
1202,00:11:32:a5:2f:c9,CBJR,true,false
1203,22:11:32:a5:2f:c9,CBJRGuest,true,false
1204,16:11:32:a5:2f:c9,,true,false
1205,00:11:32:a5:2f:c9,CBJR,true,false
1206,22:11:32:a5:2f:c9,CBJRGuest,true,false
1207,16:11:32:a5:2f:c9,,true,false
1214,00:11:32:a5:2f:c9,CBJR,true,false
1215,22:11:32:a5:2f:c9,CBJRGuest,true,false
1216,16:11:32:a5:2f:c9,,true,false
1217,00:11:32:a5:2f:c9,CBJR,true,false
1218,22:11:32:a5:2f:c9,CBJRGuest,true,false
1219,16:11:32:a5:2f:c9,,true,false
1228,00:11:32:a5:2f:c9,CBJR,true,false
1229,22:11:32:a5:2f:c9,CBJRGuest,true,false
1230,16:11:32:a5:2f:c9,,true,false
1232,00:11:32:a5:2f:c9,CBJR,true,false
1233,22:11:32:a5:2f:c9,CBJRGuest,true,false
1234,16:11:32:a5:2f:c9,,true,false
1236,00:11:32:a5:2f:c9,CBJR,true,false
1237,22:11:32:a5:2f:c9,CBJRGuest,true,false
1238,16:11:32:a5:2f:c9,,true,false
1239,00:11:32:a5:2f:c9,CBJR,true,false
1240,22:11:32:a5:2f:c9,CBJRGuest,true,false
1241,16:11:32:a5:2f:c9,,true,false
1242,00:11:32:a5:2f:c9,CBJR,true,false
1243,22:11:32:a5:2f:c9,CBJRGuest,true,false
1244,16:11:32:a5:2f:c9,,true,false
1245,00:11:32:a5:2f:c9,CBJR,true,false
1246,22:11:32:a5:2f:c9,CBJRGuest,true,false
1247,16:11:32:a5:2f:c9,,true,false
1248,00:11:32:a5:2f:c9,CBJR,true,false
1249,22:11:32:a5:2f:c9,CBJRGuest,true,false
1250,16:11:32:a5:2f:c9,,true,false
1251,00:11:32:a5:2f:c9,CBJR,true,false
1252,22:11:32:a5:2f:c9,CBJRGuest,true,false
1253,16:11:32:a5:2f:c9,,true,false
1254,00:11:32:a5:2f:c9,CBJR,true,false
1255,22:11:32:a5:2f:c9,CBJRGuest,true,false
1256,16:11:32:a5:2f:c9,,true,false
1257,00:11:32:a5:2f:c9,CBJR,true,false
1258,22:11:32:a5:2f:c9,CBJRGuest,true,false
1259,16:11:32:a5:2f:c9,,true,false
1299,00:11:32:a5:2f:c9,CBJR,true,false
1300,22:11:32:a5:2f:c9,CBJRGuest,true,false
1301,16:11:32:a5:2f:c9,,true,false
1303,00:11:32:a5:2f:c9,CBJR,true,false
1304,22:11:32:a5:2f:c9,CBJRGuest,true,false
1305,16:11:32:a5:2f:c9,,true,false
1306,00:11:32:a5:2f:c9,CBJR,true,false
1307,22:11:32:a5:2f:c9,CBJRGuest,true,false
1308,16:11:32:a5:2f:c9,,true,false
1309,00:11:32:a5:2f:c9,CBJR,true,false
1310,22:11:32:a5:2f:c9,CBJRGuest,true,false
1311,16:11:32:a5:2f:c9,,true,false
1312,00:11:32:a5:2f:c9,CBJR,true,false
1313,22:11:32:a5:2f:c9,CBJRGuest,true,false
1314,16:11:32:a5:2f:c9,,true,false
1315,00:11:32:a5:2f:c9,CBJR,true,false
1316,22:11:32:a5:2f:c9,CBJRGuest,true,false
1317,16:11:32:a5:2f:c9,,true,false
1321,00:11:32:a5:2f:c9,CBJR,true,false
1322,22:11:32:a5:2f:c9,CBJRGuest,true,false
1336,00:11:32:a5:2f:c9,CBJR,true,false
1348,22:11:32:a5:2f:c9,CBJRGuest,true,false
1360,00:11:32:a5:2f:c9,CBJR,true,false
1361,16:11:32:a5:2f:c9,,true,false
1368,22:11:32:a5:2f:c9,CBJRGuest,true,false
1369,16:11:32:a5:2f:c9,,true,false
1383,00:11:32:a5:2f:c9,CBJR,true,false
1384,22:11:32:a5:2f:c9,CBJRGuest,true,false
1385,16:11:32:a5:2f:c9,,true,false
1386,00:11:32:a5:2f:c9,CBJR,true,false
1387,22:11:32:a5:2f:c9,CBJRGuest,true,false
1388,16:11:32:a5:2f:c9,,true,false
1395,00:11:32:a5:2f:c9,CBJR,true,false
1396,22:11:32:a5:2f:c9,CBJRGuest,true,false
1397,16:11:32:a5:2f:c9,,true,false
1400,00:11:32:a5:2f:c9,CBJR,true,false
1401,22:11:32:a5:2f:c9,CBJRGuest,true,false
1402,16:11:32:a5:2f:c9,,true,false
1405,00:11:32:a5:2f:c9,CBJR,true,false
1406,22:11:32:a5:2f:c9,CBJRGuest,true,false
1407,16:11:32:a5:2f:c9,,true,false
1408,00:11:32:a5:2f:c9,CBJR,true,false
1409,22:11:32:a5:2f:c9,CBJRGuest,true,false
1410,16:11:32:a5:2f:c9,,true,false
1411,00:11:32:a5:2f:c9,CBJR,true,false
1412,22:11:32:a5:2f:c9,CBJRGuest,true,false
1413,16:11:32:a5:2f:c9,,true,false
1419,00:11:32:a5:2f:c9,CBJR,true,false
1420,22:11:32:a5:2f:c9,CBJRGuest,true,false
1421,16:11:32:a5:2f:c9,,true,false
1424,00:11:32:a5:2f:c9,CBJR,true,false
1425,22:11:32:a5:2f:c9,CBJRGuest,true,false
1426,16:11:32:a5:2f:c9,,true,false
1428,00:11:32:a5:2f:c9,CBJR,true,false
1429,22:11:32:a5:2f:c9,CBJRGuest,true,false
1430,16:11:32:a5:2f:c9,,true,false
1431,00:11:32:a5:2f:c9,CBJR,true,false
1432,22:11:32:a5:2f:c9,CBJRGuest,true,false
1433,16:11:32:a5:2f:c9,,true,false
1434,00:11:32:a5:2f:c9,CBJR,true,false
1435,22:11:32:a5:2f:c9,CBJRGuest,true,false
1436,16:11:32:a5:2f:c9,,true,false
1437,00:11:32:a5:2f:c9,CBJR,true,false
1438,22:11:32:a5:2f:c9,CBJRGuest,true,false
1439,16:11:32:a5:2f:c9,,true,false
1440,00:11:32:a5:2f:c9,CBJR,true,false
1441,22:11:32:a5:2f:c9,CBJRGuest,true,false
1442,16:11:32:a5:2f:c9,,true,false
1443,00:11:32:a5:2f:c9,CBJR,true,false
1444,22:11:32:a5:2f:c9,CBJRGuest,true,false
1445,16:11:32:a5:2f:c9,,true,false
1447,00:11:32:a5:2f:c9,CBJR,true,false
1448,22:11:32:a5:2f:c9,CBJRGuest,true,false
1449,16:11:32:a5:2f:c9,,true,false
1450,00:11:32:a5:2f:c9,CBJR,true,false
1451,22:11:32:a5:2f:c9,CBJRGuest,true,false
1452,16:11:32:a5:2f:c9,,true,false
1453,00:11:32:a5:2f:c9,CBJR,true,false
1454,22:11:32:a5:2f:c9,CBJRGuest,true,false
1455,16:11:32:a5:2f:c9,,true,false
1457,00:11:32:a5:2f:c9,CBJR,true,false
1458,22:11:32:a5:2f:c9,CBJRGuest,true,false
1459,16:11:32:a5:2f:c9,,true,false
1463,00:11:32:a5:2f:c9,CBJR,true,false
1464,22:11:32:a5:2f:c9,CBJRGuest,true,false
1465,16:11:32:a5:2f:c9,,true,false
1467,00:11:32:a5:2f:c9,CBJR,true,false
1468,22:11:32:a5:2f:c9,CBJRGuest,true,false
1469,16:11:32:a5:2f:c9,,true,false
1471,00:11:32:a5:2f:c9,CBJR,true,false
1472,22:11:32:a5:2f:c9,CBJRGuest,true,false
1473,16:11:32:a5:2f:c9,,true,false
1474,00:11:32:a5:2f:c9,CBJR,true,false
1475,22:11:32:a5:2f:c9,CBJRGuest,true,false
1476,16:11:32:a5:2f:c9,,true,false
1477,00:11:32:a5:2f:c9,CBJR,true,false
1478,22:11:32:a5:2f:c9,CBJRGuest,true,false
1479,16:11:32:a5:2f:c9,,true,false
1480,00:11:32:a5:2f:c9,CBJR,true,false
1481,22:11:32:a5:2f:c9,CBJRGuest,true,false
1482,16:11:32:a5:2f:c9,,true,false
1483,00:11:32:a5:2f:c9,CBJR,true,false
1484,22:11:32:a5:2f:c9,CBJRGuest,true,false
1485,16:11:32:a5:2f:c9,,true,false
1486,00:11:32:a5:2f:c9,CBJR,true,false
1487,22:11:32:a5:2f:c9,CBJRGuest,true,false
1488,16:11:32:a5:2f:c9,,true,false
1489,00:11:32:a5:2f:c9,CBJR,true,false
1490,22:11:32:a5:2f:c9,CBJRGuest,true,false
1491,16:11:32:a5:2f:c9,,true,false
1492,00:11:32:a5:2f:c9,CBJR,true,false
1493,22:11:32:a5:2f:c9,CBJRGuest,true,false
1494,16:11:32:a5:2f:c9,,true,false
1496,00:11:32:a5:2f:c9,CBJR,true,false
1497,22:11:32:a5:2f:c9,CBJRGuest,true,false
1498,16:11:32:a5:2f:c9,,true,false
1500,00:11:32:a5:2f:c9,CBJR,true,false
1501,22:11:32:a5:2f:c9,CBJRGuest,true,false
1502,16:11:32:a5:2f:c9,,true,false
1503,00:11:32:a5:2f:c9,CBJR,true,false
1504,22:11:32:a5:2f:c9,CBJRGuest,true,false
1505,16:11:32:a5:2f:c9,,true,false
1506,00:11:32:a5:2f:c9,CBJR,true,false
1507,22:11:32:a5:2f:c9,CBJRGuest,true,false
1508,16:11:32:a5:2f:c9,,true,false
1509,00:11:32:a5:2f:c9,CBJR,true,false
1510,22:11:32:a5:2f:c9,CBJRGuest,true,false
1511,16:11:32:a5:2f:c9,,true,false
1512,00:11:32:a5:2f:c9,CBJR,true,false
1513,22:11:32:a5:2f:c9,CBJRGuest,true,false
1514,16:11:32:a5:2f:c9,,true,false
1515,00:11:32:a5:2f:c9,CBJR,true,false
1516,22:11:32:a5:2f:c9,CBJRGuest,true,false
1517,16:11:32:a5:2f:c9,,true,false
1518,00:11:32:a5:2f:c9,CBJR,true,false
1519,22:11:32:a5:2f:c9,CBJRGuest,true,false
1520,16:11:32:a5:2f:c9,,true,false
1521,00:11:32:a5:2f:c9,CBJR,true,false
1522,22:11:32:a5:2f:c9,CBJRGuest,true,false
1523,16:11:32:a5:2f:c9,,true,false
1524,00:11:32:a5:2f:c9,CBJR,true,false
1525,22:11:32:a5:2f:c9,CBJRGuest,true,false
1526,16:11:32:a5:2f:c9,,true,false
1528,00:11:32:a5:2f:c9,CBJR,true,false
1529,22:11:32:a5:2f:c9,CBJRGuest,true,false
1530,16:11:32:a5:2f:c9,,true,false
1531,00:11:32:a5:2f:c9,CBJR,true,false
1532,22:11:32:a5:2f:c9,CBJRGuest,true,false
1533,16:11:32:a5:2f:c9,,true,false
1553,00:11:32:a5:2f:c9,CBJR,true,false
1554,22:11:32:a5:2f:c9,CBJRGuest,true,false
1555,16:11:32:a5:2f:c9,,true,false
1556,00:11:32:a5:2f:c9,CBJR,true,false
1557,22:11:32:a5:2f:c9,CBJRGuest,true,false
1558,16:11:32:a5:2f:c9,,true,false
1561,00:11:32:a5:2f:c9,CBJR,true,false
1562,22:11:32:a5:2f:c9,CBJRGuest,true,false
1563,16:11:32:a5:2f:c9,,true,false
1564,00:11:32:a5:2f:c9,CBJR,true,false
1565,22:11:32:a5:2f:c9,CBJRGuest,true,false
1566,16:11:32:a5:2f:c9,,true,false
1567,00:11:32:a5:2f:c9,CBJR,true,false
1568,22:11:32:a5:2f:c9,CBJRGuest,true,false
1569,16:11:32:a5:2f:c9,,true,false
1570,00:11:32:a5:2f:c9,CBJR,true,false
1571,22:11:32:a5:2f:c9,CBJRGuest,true,false
1572,16:11:32:a5:2f:c9,,true,false
1573,00:11:32:a5:2f:c9,CBJR,true,false
1574,22:11:32:a5:2f:c9,CBJRGuest,true,false
1575,16:11:32:a5:2f:c9,,true,false
1577,00:11:32:a5:2f:c9,CBJR,true,false
1578,22:11:32:a5:2f:c9,CBJRGuest,true,false
1579,16:11:32:a5:2f:c9,,true,false
1581,00:11:32:a5:2f:c9,CBJR,true,false
1582,22:11:32:a5:2f:c9,CBJRGuest,true,false
1583,16:11:32:a5:2f:c9,,true,false
1584,00:11:32:a5:2f:c9,CBJR,true,false
1585,22:11:32:a5:2f:c9,CBJRGuest,true,false
1586,16:11:32:a5:2f:c9,,true,false
1587,00:11:32:a5:2f:c9,CBJR,true,false
1588,22:11:32:a5:2f:c9,CBJRGuest,true,false
1589,16:11:32:a5:2f:c9,,true,false
1590,00:11:32:a5:2f:c9,CBJR,true,false
1591,22:11:32:a5:2f:c9,CBJRGuest,true,false
1592,16:11:32:a5:2f:c9,,true,false
1593,00:11:32:a5:2f:c9,CBJR,true,false
1594,22:11:32:a5:2f:c9,CBJRGuest,true,false
1595,16:11:32:a5:2f:c9,,true,false
1598,00:11:32:a5:2f:c9,CBJR,true,false
1599,22:11:32:a5:2f:c9,CBJRGuest,true,false
1600,16:11:32:a5:2f:c9,,true,false
1601,00:11:32:a5:2f:c9,CBJR,true,false
1602,22:11:32:a5:2f:c9,CBJRGuest,true,false
1603,16:11:32:a5:2f:c9,,true,false
1604,00:11:32:a5:2f:c9,CBJR,true,false
1605,22:11:32:a5:2f:c9,CBJRGuest,true,false
1606,16:11:32:a5:2f:c9,,true,false
1607,00:11:32:a5:2f:c9,CBJR,true,false
1608,22:11:32:a5:2f:c9,CBJRGuest,true,false
1609,16:11:32:a5:2f:c9,,true,false
1610,00:11:32:a5:2f:c9,CBJR,true,false
1611,22:11:32:a5:2f:c9,CBJRGuest,true,false
1612,16:11:32:a5:2f:c9,,true,false
1615,00:11:32:a5:2f:c9,CBJR,true,false
1616,22:11:32:a5:2f:c9,CBJRGuest,true,false
1617,16:11:32:a5:2f:c9,,true,false
1618,00:11:32:a5:2f:c9,CBJR,true,false
1619,22:11:32:a5:2f:c9,CBJRGuest,true,false
1620,16:11:32:a5:2f:c9,,true,false
1621,00:11:32:a5:2f:c9,CBJR,true,false
1622,22:11:32:a5:2f:c9,CBJRGuest,true,false
1623,16:11:32:a5:2f:c9,,true,false
1624,00:11:32:a5:2f:c9,CBJR,true,false
1625,22:11:32:a5:2f:c9,CBJRGuest,true,false
1626,16:11:32:a5:2f:c9,,true,false
1627,00:11:32:a5:2f:c9,CBJR,true,false
1628,22:11:32:a5:2f:c9,CBJRGuest,true,false
1629,16:11:32:a5:2f:c9,,true,false
1630,00:11:32:a5:2f:c9,CBJR,true,false
1631,22:11:32:a5:2f:c9,CBJRGuest,true,false
1632,16:11:32:a5:2f:c9,,true,false
1635,00:11:32:a5:2f:c9,CBJR,true,false
1636,22:11:32:a5:2f:c9,CBJRGuest,true,false
1637,16:11:32:a5:2f:c9,,true,false
1638,00:11:32:a5:2f:c9,CBJR,true,false
1639,22:11:32:a5:2f:c9,CBJRGuest,true,false
1640,16:11:32:a5:2f:c9,,true,false
1641,00:11:32:a5:2f:c9,CBJR,true,false
1642,22:11:32:a5:2f:c9,CBJRGuest,true,false
1643,16:11:32:a5:2f:c9,,true,false
1645,00:11:32:a5:2f:c9,CBJR,true,false
1646,22:11:32:a5:2f:c9,CBJRGuest,true,false
1647,16:11:32:a5:2f:c9,,true,false
1649,00:11:32:a5:2f:c9,CBJR,true,false
1650,22:11:32:a5:2f:c9,CBJRGuest,true,false
1651,16:11:32:a5:2f:c9,,true,false
1652,00:11:32:a5:2f:c9,CBJR,true,false
1653,22:11:32:a5:2f:c9,CBJRGuest,true,false
1654,16:11:32:a5:2f:c9,,true,false
1655,00:11:32:a5:2f:c9,CBJR,true,false
1656,22:11:32:a5:2f:c9,CBJRGuest,true,false
1657,16:11:32:a5:2f:c9,,true,false
1658,00:11:32:a5:2f:c9,CBJR,true,false
1659,22:11:32:a5:2f:c9,CBJRGuest,true,false
1660,16:11:32:a5:2f:c9,,true,false
1661,00:11:32:a5:2f:c9,CBJR,true,false
1662,22:11:32:a5:2f:c9,CBJRGuest,true,false
1663,16:11:32:a5:2f:c9,,true,false
1664,00:11:32:a5:2f:c9,CBJR,true,false
1665,22:11:32:a5:2f:c9,CBJRGuest,true,false
1666,16:11:32:a5:2f:c9,,true,false
1667,00:11:32:a5:2f:c9,CBJR,true,false
1668,22:11:32:a5:2f:c9,CBJRGuest,true,false
1669,16:11:32:a5:2f:c9,,true,false
1670,00:11:32:a5:2f:c9,CBJR,true,false
1671,22:11:32:a5:2f:c9,CBJRGuest,true,false
1672,16:11:32:a5:2f:c9,,true,false
1673,00:11:32:a5:2f:c9,CBJR,true,false
1674,22:11:32:a5:2f:c9,CBJRGuest,true,false
1675,16:11:32:a5:2f:c9,,true,false
1676,00:11:32:a5:2f:c9,CBJR,true,false
1677,22:11:32:a5:2f:c9,CBJRGuest,true,false
1678,16:11:32:a5:2f:c9,,true,false
1682,00:11:32:a5:2f:c9,CBJR,true,false
1683,22:11:32:a5:2f:c9,CBJRGuest,true,false
1684,16:11:32:a5:2f:c9,,true,false
1687,00:11:32:a5:2f:c9,CBJR,true,false
1688,22:11:32:a5:2f:c9,CBJRGuest,true,false
1689,16:11:32:a5:2f:c9,,true,false
1690,00:11:32:a5:2f:c9,CBJR,true,false
1691,22:11:32:a5:2f:c9,CBJRGuest,true,false
1692,16:11:32:a5:2f:c9,,true,false
1693,00:11:32:a5:2f:c9,CBJR,true,false
1694,22:11:32:a5:2f:c9,CBJRGuest,true,false
1695,16:11:32:a5:2f:c9,,true,false
1696,00:11:32:a5:2f:c9,CBJR,true,false
1697,22:11:32:a5:2f:c9,CBJRGuest,true,false
1698,16:11:32:a5:2f:c9,,true,false
1699,00:11:32:a5:2f:c9,CBJR,true,false
1700,22:11:32:a5:2f:c9,CBJRGuest,true,false
1701,16:11:32:a5:2f:c9,,true,false
1702,00:11:32:a5:2f:c9,CBJR,true,false
1703,22:11:32:a5:2f:c9,CBJRGuest,true,false
1704,16:11:32:a5:2f:c9,,true,false
1705,00:11:32:a5:2f:c9,CBJR,true,false
1706,22:11:32:a5:2f:c9,CBJRGuest,true,false
1707,16:11:32:a5:2f:c9,,true,false
1708,00:11:32:a5:2f:c9,CBJR,true,false
1709,22:11:32:a5:2f:c9,CBJRGuest,true,false
1710,16:11:32:a5:2f:c9,,true,false
1712,00:11:32:a5:2f:c9,CBJR,true,false
1713,22:11:32:a5:2f:c9,CBJRGuest,true,false
1714,16:11:32:a5:2f:c9,,true,false
1715,00:11:32:a5:2f:c9,CBJR,true,false
1716,22:11:32:a5:2f:c9,CBJRGuest,true,false
1717,16:11:32:a5:2f:c9,,true,false
1718,00:11:32:a5:2f:c9,CBJR,true,false
1719,22:11:32:a5:2f:c9,CBJRGuest,true,false
1720,16:11:32:a5:2f:c9,,true,false
1721,00:11:32:a5:2f:c9,CBJR,true,false
1722,22:11:32:a5:2f:c9,CBJRGuest,true,false
1723,16:11:32:a5:2f:c9,,true,false
1724,00:11:32:a5:2f:c9,CBJR,true,false
1725,22:11:32:a5:2f:c9,CBJRGuest,true,false
1726,16:11:32:a5:2f:c9,,true,false
1727,00:11:32:a5:2f:c9,CBJR,true,false
1728,22:11:32:a5:2f:c9,CBJRGuest,true,false
1729,16:11:32:a5:2f:c9,,true,false
1730,00:11:32:a5:2f:c9,CBJR,true,false
1731,22:11:32:a5:2f:c9,CBJRGuest,true,false
1732,16:11:32:a5:2f:c9,,true,false
1733,00:11:32:a5:2f:c9,CBJR,true,false
1734,22:11:32:a5:2f:c9,CBJRGuest,true,false
1735,16:11:32:a5:2f:c9,,true,false
1736,00:11:32:a5:2f:c9,CBJR,true,false
1737,22:11:32:a5:2f:c9,CBJRGuest,true,false
1738,16:11:32:a5:2f:c9,,true,false
1739,00:11:32:a5:2f:c9,CBJR,true,false
1740,22:11:32:a5:2f:c9,CBJRGuest,true,false
1741,16:11:32:a5:2f:c9,,true,false
1743,00:11:32:a5:2f:c9,CBJR,true,false
1744,22:11:32:a5:2f:c9,CBJRGuest,true,false
1745,16:11:32:a5:2f:c9,,true,false
1746,00:11:32:a5:2f:c9,CBJR,true,false
1747,22:11:32:a5:2f:c9,CBJRGuest,true,false
1748,16:11:32:a5:2f:c9,,true,false
1749,00:11:32:a5:2f:c9,CBJR,true,false
1750,22:11:32:a5:2f:c9,CBJRGuest,true,false
1751,16:11:32:a5:2f:c9,,true,false
1752,00:11:32:a5:2f:c9,CBJR,true,false
1753,22:11:32:a5:2f:c9,CBJRGuest,true,false
1754,16:11:32:a5:2f:c9,,true,false
1755,00:11:32:a5:2f:c9,CBJR,true,false
1756,22:11:32:a5:2f:c9,CBJRGuest,true,false
1757,16:11:32:a5:2f:c9,,true,false
1758,00:11:32:a5:2f:c9,CBJR,true,false
1759,22:11:32:a5:2f:c9,CBJRGuest,true,false
1760,16:11:32:a5:2f:c9,,true,false
1761,00:11:32:a5:2f:c9,CBJR,true,false
1762,22:11:32:a5:2f:c9,CBJRGuest,true,false
1763,16:11:32:a5:2f:c9,,true,false
1764,00:11:32:a5:2f:c9,CBJR,true,false
1765,22:11:32:a5:2f:c9,CBJRGuest,true,false
1766,16:11:32:a5:2f:c9,,true,false
1767,00:11:32:a5:2f:c9,CBJR,true,false
1768,22:11:32:a5:2f:c9,CBJRGuest,true,false
1769,16:11:32:a5:2f:c9,,true,false
1770,00:11:32:a5:2f:c9,CBJR,true,false
1771,22:11:32:a5:2f:c9,CBJRGuest,true,false
1772,16:11:32:a5:2f:c9,,true,false
1773,00:11:32:a5:2f:c9,CBJR,true,false
1774,22:11:32:a5:2f:c9,CBJRGuest,true,false
1775,16:11:32:a5:2f:c9,,true,false
1776,00:11:32:a5:2f:c9,CBJR,true,false
1777,22:11:32:a5:2f:c9,CBJRGuest,true,false
1778,16:11:32:a5:2f:c9,,true,false
1779,00:11:32:a5:2f:c9,CBJR,true,false
1780,22:11:32:a5:2f:c9,CBJRGuest,true,false
1781,16:11:32:a5:2f:c9,,true,false
1782,00:11:32:a5:2f:c9,CBJR,true,false
1783,22:11:32:a5:2f:c9,CBJRGuest,true,false
1784,16:11:32:a5:2f:c9,,true,false
1785,00:11:32:a5:2f:c9,CBJR,true,false
1786,22:11:32:a5:2f:c9,CBJRGuest,true,false
1787,16:11:32:a5:2f:c9,,true,false
1788,00:11:32:a5:2f:c9,CBJR,true,false
1789,22:11:32:a5:2f:c9,CBJRGuest,true,false
1790,16:11:32:a5:2f:c9,,true,false
1791,00:11:32:a5:2f:c9,CBJR,true,false
1792,22:11:32:a5:2f:c9,CBJRGuest,true,false
1793,16:11:32:a5:2f:c9,,true,false
1796,00:11:32:a5:2f:c9,CBJR,true,false
1797,22:11:32:a5:2f:c9,CBJRGuest,true,false
1798,16:11:32:a5:2f:c9,,true,false
1800,00:11:32:a5:2f:c9,CBJR,true,false
1801,22:11:32:a5:2f:c9,CBJRGuest,true,false
1802,16:11:32:a5:2f:c9,,true,false
1804,00:11:32:a5:2f:c9,CBJR,true,false
1805,22:11:32:a5:2f:c9,CBJRGuest,true,false
1806,16:11:32:a5:2f:c9,,true,false
1807,00:11:32:a5:2f:c9,CBJR,true,false
1808,22:11:32:a5:2f:c9,CBJRGuest,true,false
1809,16:11:32:a5:2f:c9,,true,false
1810,00:11:32:a5:2f:c9,CBJR,true,false
1811,22:11:32:a5:2f:c9,CBJRGuest,true,false
1812,16:11:32:a5:2f:c9,,true,false
1813,00:11:32:a5:2f:c9,CBJR,true,false
1814,22:11:32:a5:2f:c9,CBJRGuest,true,false
1815,16:11:32:a5:2f:c9,,true,false
1816,00:11:32:a5:2f:c9,CBJR,true,false
1817,22:11:32:a5:2f:c9,CBJRGuest,true,false
1818,16:11:32:a5:2f:c9,,true,false
1819,00:11:32:a5:2f:c9,CBJR,true,false
1820,22:11:32:a5:2f:c9,CBJRGuest,true,false
1821,16:11:32:a5:2f:c9,,true,false
1822,00:11:32:a5:2f:c9,CBJR,true,false
1823,22:11:32:a5:2f:c9,CBJRGuest,true,false
1824,16:11:32:a5:2f:c9,,true,false
1825,00:11:32:a5:2f:c9,CBJR,true,false
1826,22:11:32:a5:2f:c9,CBJRGuest,true,false
1827,16:11:32:a5:2f:c9,,true,false
1829,00:11:32:a5:2f:c9,CBJR,true,false
1830,22:11:32:a5:2f:c9,CBJRGuest,true,false
1831,16:11:32:a5:2f:c9,,true,false
1832,00:11:32:a5:2f:c9,CBJR,true,false
1833,22:11:32:a5:2f:c9,CBJRGuest,true,false
1834,16:11:32:a5:2f:c9,,true,false
1835,00:11:32:a5:2f:c9,CBJR,true,false
1836,22:11:32:a5:2f:c9,CBJRGuest,true,false
1837,16:11:32:a5:2f:c9,,true,false
1839,00:11:32:a5:2f:c9,CBJR,true,false
1840,22:11:32:a5:2f:c9,CBJRGuest,true,false
1841,16:11:32:a5:2f:c9,,true,false
1842,00:11:32:a5:2f:c9,CBJR,true,false
1843,22:11:32:a5:2f:c9,CBJRGuest,true,false
1844,16:11:32:a5:2f:c9,,true,false
1845,00:11:32:a5:2f:c9,CBJR,true,false
1846,22:11:32:a5:2f:c9,CBJRGuest,true,false
1847,16:11:32:a5:2f:c9,,true,false
1849,00:11:32:a5:2f:c9,CBJR,true,false
1850,22:11:32:a5:2f:c9,CBJRGuest,true,false
1851,16:11:32:a5:2f:c9,,true,false
1852,00:11:32:a5:2f:c9,CBJR,true,false
1853,22:11:32:a5:2f:c9,CBJRGuest,true,false
1854,16:11:32:a5:2f:c9,,true,false
1855,22:11:32:7f:bf:96,CBJRGuest,true,false
1856,00:11:32:a5:2f:c9,CBJR,true,false
1857,22:11:32:a5:2f:c9,CBJRGuest,true,false
1858,16:11:32:a5:2f:c9,,true,false
1859,00:11:32:a5:2f:c9,CBJR,true,false
1860,22:11:32:a5:2f:c9,CBJRGuest,true,false
1861,16:11:32:a5:2f:c9,,true,false
1862,00:11:32:a5:2f:c9,CBJR,true,false
1863,22:11:32:a5:2f:c9,CBJRGuest,true,false
1864,16:11:32:a5:2f:c9,,true,false
1865,00:11:32:a5:2f:c9,CBJR,true,false
1866,22:11:32:a5:2f:c9,CBJRGuest,true,false
1867,16:11:32:a5:2f:c9,,true,false
1868,00:11:32:a5:2f:c9,CBJR,true,false
1869,22:11:32:a5:2f:c9,CBJRGuest,true,false
1870,16:11:32:a5:2f:c9,,true,false
1872,00:11:32:a5:2f:c9,CBJR,true,false
1873,22:11:32:a5:2f:c9,CBJRGuest,true,false
1874,16:11:32:a5:2f:c9,,true,false
1875,00:11:32:a5:2f:c9,CBJR,true,false
1876,22:11:32:a5:2f:c9,CBJRGuest,true,false
1877,16:11:32:a5:2f:c9,,true,false
1878,00:11:32:a5:2f:c9,CBJR,true,false
1879,22:11:32:a5:2f:c9,CBJRGuest,true,false
1880,16:11:32:a5:2f:c9,,true,false
1881,00:11:32:a5:2f:c9,CBJR,true,false
1882,22:11:32:a5:2f:c9,CBJRGuest,true,false
1883,16:11:32:a5:2f:c9,,true,false
1884,00:11:32:a5:2f:c9,CBJR,true,false
1885,22:11:32:a5:2f:c9,CBJRGuest,true,false
1886,16:11:32:a5:2f:c9,,true,false
1887,00:11:32:a5:2f:c9,CBJR,true,false
1888,22:11:32:a5:2f:c9,CBJRGuest,true,false
1889,16:11:32:a5:2f:c9,,true,false
1890,00:11:32:a5:2f:c9,CBJR,true,false
1891,22:11:32:a5:2f:c9,CBJRGuest,true,false
1892,16:11:32:a5:2f:c9,,true,false
1893,00:11:32:a5:2f:c9,CBJR,true,false
1894,22:11:32:a5:2f:c9,CBJRGuest,true,false
1895,16:11:32:a5:2f:c9,,true,false
1896,00:11:32:a5:2f:c9,CBJR,true,false
1897,22:11:32:a5:2f:c9,CBJRGuest,true,false
1898,16:11:32:a5:2f:c9,,true,false
1899,00:11:32:a5:2f:c9,CBJR,true,false
1900,22:11:32:a5:2f:c9,CBJRGuest,true,false
1901,16:11:32:a5:2f:c9,,true,false
1903,00:11:32:a5:2f:c9,CBJR,true,false
1904,22:11:32:a5:2f:c9,CBJRGuest,true,false
1905,16:11:32:a5:2f:c9,,true,false
1906,00:11:32:a5:2f:c9,CBJR,true,false
1907,22:11:32:a5:2f:c9,CBJRGuest,true,false
1908,16:11:32:a5:2f:c9,,true,false
1910,00:11:32:a5:2f:c9,CBJR,true,false
1911,22:11:32:a5:2f:c9,CBJRGuest,true,false
1912,16:11:32:a5:2f:c9,,true,false
1913,00:11:32:a5:2f:c9,CBJR,true,false
1914,22:11:32:a5:2f:c9,CBJRGuest,true,false
1915,16:11:32:a5:2f:c9,,true,false
1916,00:11:32:a5:2f:c9,CBJR,true,false
1917,22:11:32:a5:2f:c9,CBJRGuest,true,false
1918,16:11:32:a5:2f:c9,,true,false
1919,00:11:32:a5:2f:c9,CBJR,true,false
1920,22:11:32:a5:2f:c9,CBJRGuest,true,false
1921,16:11:32:a5:2f:c9,,true,false
1922,00:11:32:a5:2f:c9,CBJR,true,false
1923,22:11:32:a5:2f:c9,CBJRGuest,true,false
1924,16:11:32:a5:2f:c9,,true,false
1925,00:11:32:a5:2f:c9,CBJR,true,false
1926,22:11:32:a5:2f:c9,CBJRGuest,true,false
1927,16:11:32:a5:2f:c9,,true,false
1928,00:11:32:a5:2f:c9,CBJR,true,false
1929,22:11:32:a5:2f:c9,CBJRGuest,true,false
1930,16:11:32:a5:2f:c9,,true,false
1931,00:11:32:a5:2f:c9,CBJR,true,false
1932,22:11:32:a5:2f:c9,CBJRGuest,true,false
1933,16:11:32:a5:2f:c9,,true,false
1934,00:11:32:a5:2f:c9,CBJR,true,false
1935,22:11:32:a5:2f:c9,CBJRGuest,true,false
1936,16:11:32:a5:2f:c9,,true,false
1937,00:11:32:a5:2f:c9,CBJR,true,false
1938,22:11:32:a5:2f:c9,CBJRGuest,true,false
1939,16:11:32:a5:2f:c9,,true,false
1940,00:11:32:a5:2f:c9,CBJR,true,false
1941,22:11:32:a5:2f:c9,CBJRGuest,true,false
1942,16:11:32:a5:2f:c9,,true,false
1943,00:11:32:a5:2f:c9,CBJR,true,false
1944,22:11:32:a5:2f:c9,CBJRGuest,true,false
1945,16:11:32:a5:2f:c9,,true,false
1946,00:11:32:a5:2f:c9,CBJR,true,false
1947,22:11:32:a5:2f:c9,CBJRGuest,true,false
1948,16:11:32:a5:2f:c9,,true,false
1949,00:11:32:a5:2f:c9,CBJR,true,false
1950,22:11:32:a5:2f:c9,CBJRGuest,true,false
1951,16:11:32:a5:2f:c9,,true,false
1952,00:11:32:a5:2f:c9,CBJR,true,false
1953,22:11:32:a5:2f:c9,CBJRGuest,true,false
1954,16:11:32:a5:2f:c9,,true,false
1956,00:11:32:a5:2f:c9,CBJR,true,false
1957,22:11:32:a5:2f:c9,CBJRGuest,true,false
1958,16:11:32:a5:2f:c9,,true,false
1959,00:11:32:a5:2f:c9,CBJR,true,false
1960,22:11:32:a5:2f:c9,CBJRGuest,true,false
1961,16:11:32:a5:2f:c9,,true,false
1962,00:11:32:a5:2f:c9,CBJR,true,false
1963,22:11:32:a5:2f:c9,CBJRGuest,true,false
1964,16:11:32:a5:2f:c9,,true,false
1965,00:11:32:a5:2f:c9,CBJR,true,false
1966,22:11:32:a5:2f:c9,CBJRGuest,true,false
1967,16:11:32:a5:2f:c9,,true,false
1969,00:11:32:a5:2f:c9,CBJR,true,false
1970,22:11:32:a5:2f:c9,CBJRGuest,true,false
1971,16:11:32:a5:2f:c9,,true,false
1972,00:11:32:a5:2f:c9,CBJR,true,false
1973,22:11:32:a5:2f:c9,CBJRGuest,true,false
1974,16:11:32:a5:2f:c9,,true,false
1975,00:11:32:a5:2f:c9,CBJR,true,false
1976,22:11:32:a5:2f:c9,CBJRGuest,true,false
1977,16:11:32:a5:2f:c9,,true,false
1978,00:11:32:a5:2f:c9,CBJR,true,false
1979,22:11:32:a5:2f:c9,CBJRGuest,true,false
1980,16:11:32:a5:2f:c9,,true,false
1981,00:11:32:a5:2f:c9,CBJR,true,false
1982,22:11:32:a5:2f:c9,CBJRGuest,true,false
1983,16:11:32:a5:2f:c9,,true,false
1984,00:11:32:a5:2f:c9,CBJR,true,false
1985,22:11:32:a5:2f:c9,CBJRGuest,true,false
1986,16:11:32:a5:2f:c9,,true,false
1988,00:11:32:a5:2f:c9,CBJR,true,false
1989,22:11:32:a5:2f:c9,CBJRGuest,true,false
1990,16:11:32:a5:2f:c9,,true,false
1991,00:11:32:a5:2f:c9,CBJR,true,false
1992,22:11:32:a5:2f:c9,CBJRGuest,true,false
1993,16:11:32:a5:2f:c9,,true,false
1994,00:11:32:a5:2f:c9,CBJR,true,false
1995,22:11:32:a5:2f:c9,CBJRGuest,true,false
1996,16:11:32:a5:2f:c9,,true,false
1997,00:11:32:a5:2f:c9,CBJR,true,false
1998,22:11:32:a5:2f:c9,CBJRGuest,true,false
1999,16:11:32:a5:2f:c9,,true,false
2001,00:11:32:a5:2f:c9,CBJR,true,false
2002,22:11:32:a5:2f:c9,CBJRGuest,true,false
2003,16:11:32:a5:2f:c9,,true,false
2004,00:11:32:a5:2f:c9,CBJR,true,false
2005,22:11:32:a5:2f:c9,CBJRGuest,true,false
2006,16:11:32:a5:2f:c9,,true,false
2007,00:11:32:a5:2f:c9,CBJR,true,false
2008,22:11:32:a5:2f:c9,CBJRGuest,true,false
2009,16:11:32:a5:2f:c9,,true,false
2010,00:11:32:a5:2f:c9,CBJR,true,false
2011,22:11:32:a5:2f:c9,CBJRGuest,true,false
2012,16:11:32:a5:2f:c9,,true,false
2013,00:11:32:a5:2f:c9,CBJR,true,false
2014,22:11:32:a5:2f:c9,CBJRGuest,true,false
2015,16:11:32:a5:2f:c9,,true,false
2016,00:11:32:a5:2f:c9,CBJR,true,false
2017,22:11:32:a5:2f:c9,CBJRGuest,true,false
2018,16:11:32:a5:2f:c9,,true,false
2020,00:11:32:a5:2f:c9,CBJR,true,false
2021,22:11:32:a5:2f:c9,CBJRGuest,true,false
2022,16:11:32:a5:2f:c9,,true,false
2023,00:11:32:a5:2f:c9,CBJR,true,false
2024,22:11:32:a5:2f:c9,CBJRGuest,true,false
2025,16:11:32:a5:2f:c9,,true,false
2026,00:11:32:a5:2f:c9,CBJR,true,false
2027,22:11:32:a5:2f:c9,CBJRGuest,true,false
2028,16:11:32:a5:2f:c9,,true,false
2029,00:11:32:a5:2f:c9,CBJR,true,false
2030,22:11:32:a5:2f:c9,CBJRGuest,true,false
2031,16:11:32:a5:2f:c9,,true,false
2033,00:11:32:a5:2f:c9,CBJR,true,false
2034,22:11:32:a5:2f:c9,CBJRGuest,true,false
2035,16:11:32:a5:2f:c9,,true,false
2036,00:11:32:a5:2f:c9,CBJR,true,false
2037,22:11:32:a5:2f:c9,CBJRGuest,true,false
2038,16:11:32:a5:2f:c9,,true,false
2040,00:11:32:a5:2f:c9,CBJR,true,false
2041,22:11:32:a5:2f:c9,CBJRGuest,true,false
2042,16:11:32:a5:2f:c9,,true,false
2046,00:11:32:a5:2f:c9,CBJR,true,false
2047,22:11:32:a5:2f:c9,CBJRGuest,true,false
2048,16:11:32:a5:2f:c9,,true,false
2053,00:11:32:a5:2f:c9,CBJR,true,false
2054,22:11:32:a5:2f:c9,CBJRGuest,true,false
2055,16:11:32:a5:2f:c9,,true,false
2056,00:11:32:a5:2f:c9,CBJR,true,false
2057,22:11:32:a5:2f:c9,CBJRGuest,true,false
2058,16:11:32:a5:2f:c9,,true,false
2059,00:11:32:a5:2f:c9,CBJR,true,false
2060,22:11:32:a5:2f:c9,CBJRGuest,true,false
2061,16:11:32:a5:2f:c9,,true,false
2062,00:11:32:a5:2f:c9,CBJR,true,false
2063,22:11:32:a5:2f:c9,CBJRGuest,true,false
2064,16:11:32:a5:2f:c9,,true,false
2065,00:11:32:a5:2f:c9,CBJR,true,false
2066,22:11:32:a5:2f:c9,CBJRGuest,true,false
2067,16:11:32:a5:2f:c9,,true,false
2068,00:11:32:a5:2f:c9,CBJR,true,false
2069,22:11:32:a5:2f:c9,CBJRGuest,true,false
2070,16:11:32:a5:2f:c9,,true,false
2071,00:11:32:a5:2f:c9,CBJR,true,false
2072,22:11:32:a5:2f:c9,CBJRGuest,true,false
2073,16:11:32:a5:2f:c9,,true,false
2075,00:11:32:a5:2f:c9,CBJR,true,false
2076,22:11:32:a5:2f:c9,CBJRGuest,true,false
2077,16:11:32:a5:2f:c9,,true,false
2079,00:11:32:a5:2f:c9,CBJR,true,false
2080,22:11:32:a5:2f:c9,CBJRGuest,true,false
2081,16:11:32:a5:2f:c9,,true,false
2082,00:11:32:a5:2f:c9,CBJR,true,false
2083,22:11:32:a5:2f:c9,CBJRGuest,true,false
2084,16:11:32:a5:2f:c9,,true,false
2086,00:11:32:a5:2f:c9,CBJR,true,false
2087,22:11:32:a5:2f:c9,CBJRGuest,true,false
2088,16:11:32:a5:2f:c9,,true,false
2089,00:11:32:a5:2f:c9,CBJR,true,false
2090,22:11:32:a5:2f:c9,CBJRGuest,true,false
2091,16:11:32:a5:2f:c9,,true,false
2092,00:11:32:a5:2f:c9,CBJR,true,false
2093,22:11:32:a5:2f:c9,CBJRGuest,true,false
2094,16:11:32:a5:2f:c9,,true,false
2095,00:11:32:a5:2f:c9,CBJR,true,false
2096,22:11:32:a5:2f:c9,CBJRGuest,true,false
2097,16:11:32:a5:2f:c9,,true,false
2098,00:11:32:a5:2f:c9,CBJR,true,false
2099,22:11:32:a5:2f:c9,CBJRGuest,true,false
2100,16:11:32:a5:2f:c9,,true,false
2101,00:11:32:a5:2f:c9,CBJR,true,false
2102,22:11:32:a5:2f:c9,CBJRGuest,true,false
2103,16:11:32:a5:2f:c9,,true,false
2104,00:11:32:a5:2f:c9,CBJR,true,false
2105,22:11:32:a5:2f:c9,CBJRGuest,true,false
2106,16:11:32:a5:2f:c9,,true,false
2107,00:11:32:a5:2f:c9,CBJR,true,false
2108,22:11:32:a5:2f:c9,CBJRGuest,true,false
2109,16:11:32:a5:2f:c9,,true,false
2110,00:11:32:a5:2f:c9,CBJR,true,false
2111,22:11:32:a5:2f:c9,CBJRGuest,true,false
2112,16:11:32:a5:2f:c9,,true,false
2117,00:11:32:a5:2f:c9,CBJR,true,false
2118,22:11:32:a5:2f:c9,CBJRGuest,true,false
2119,16:11:32:a5:2f:c9,,true,false
2121,00:11:32:a5:2f:c9,CBJR,true,false
2122,22:11:32:a5:2f:c9,CBJRGuest,true,false
2123,16:11:32:a5:2f:c9,,true,false
2125,00:11:32:a5:2f:c9,CBJR,true,false
2126,22:11:32:a5:2f:c9,CBJRGuest,true,false
2127,16:11:32:a5:2f:c9,,true,false
2130,00:11:32:a5:2f:c9,CBJR,true,false
2131,22:11:32:a5:2f:c9,CBJRGuest,true,false
2132,16:11:32:a5:2f:c9,,true,false
2133,00:11:32:a5:2f:c9,CBJR,true,false
2134,22:11:32:a5:2f:c9,CBJRGuest,true,false
2135,16:11:32:a5:2f:c9,,true,false
2140,00:11:32:a5:2f:c9,CBJR,true,false
2141,22:11:32:a5:2f:c9,CBJRGuest,true,false
2142,16:11:32:a5:2f:c9,,true,false
2143,00:11:32:a5:2f:c9,CBJR,true,false
2144,22:11:32:a5:2f:c9,CBJRGuest,true,false
2145,16:11:32:a5:2f:c9,,true,false
2146,00:11:32:a5:2f:c9,CBJR,true,false
2147,22:11:32:a5:2f:c9,CBJRGuest,true,false
2148,16:11:32:a5:2f:c9,,true,false
2149,00:11:32:a5:2f:c9,CBJR,true,false
2150,22:11:32:a5:2f:c9,CBJRGuest,true,false
2151,16:11:32:a5:2f:c9,,true,false
2152,00:11:32:a5:2f:c9,CBJR,true,false
2153,22:11:32:a5:2f:c9,CBJRGuest,true,false
2154,16:11:32:a5:2f:c9,,true,false
2159,00:11:32:a5:2f:c9,CBJR,true,false
2160,22:11:32:a5:2f:c9,CBJRGuest,true,false
2161,16:11:32:a5:2f:c9,,true,false
2162,00:11:32:a5:2f:c9,CBJR,true,false
2163,22:11:32:a5:2f:c9,CBJRGuest,true,false
2164,16:11:32:a5:2f:c9,,true,false
2165,00:11:32:a5:2f:c9,CBJR,true,false
2166,22:11:32:a5:2f:c9,CBJRGuest,true,false
2167,16:11:32:a5:2f:c9,,true,false
2168,00:11:32:a5:2f:c9,CBJR,true,false
2169,22:11:32:a5:2f:c9,CBJRGuest,true,false
2170,16:11:32:a5:2f:c9,,true,false
2171,00:11:32:a5:2f:c9,CBJR,true,false
2172,22:11:32:a5:2f:c9,CBJRGuest,true,false
2173,16:11:32:a5:2f:c9,,true,false
2178,00:11:32:a5:2f:c9,CBJR,true,false
2179,22:11:32:a5:2f:c9,CBJRGuest,true,false
2180,16:11:32:a5:2f:c9,,true,false
2181,00:11:32:a5:2f:c9,CBJR,true,false
2182,22:11:32:a5:2f:c9,CBJRGuest,true,false
2183,16:11:32:a5:2f:c9,,true,false
2184,00:11:32:a5:2f:c9,CBJR,true,false
2185,22:11:32:a5:2f:c9,CBJRGuest,true,false
2186,16:11:32:a5:2f:c9,,true,false
2187,00:11:32:a5:2f:c9,CBJR,true,false
2188,22:11:32:a5:2f:c9,CBJRGuest,true,false
2189,16:11:32:a5:2f:c9,,true,false
2190,00:11:32:a5:2f:c9,CBJR,true,false
2191,22:11:32:a5:2f:c9,CBJRGuest,true,false
2192,16:11:32:a5:2f:c9,,true,false
2193,00:11:32:a5:2f:c9,CBJR,true,false
2194,22:11:32:a5:2f:c9,CBJRGuest,true,false
2195,16:11:32:a5:2f:c9,,true,false
2196,00:11:32:a5:2f:c9,CBJR,true,false
2197,22:11:32:a5:2f:c9,CBJRGuest,true,false
2198,16:11:32:a5:2f:c9,,true,false
2199,00:11:32:a5:2f:c9,CBJR,true,false
2200,22:11:32:a5:2f:c9,CBJRGuest,true,false
2201,16:11:32:a5:2f:c9,,true,false
2202,00:11:32:a5:2f:c9,CBJR,true,false
2203,22:11:32:a5:2f:c9,CBJRGuest,true,false
2204,16:11:32:a5:2f:c9,,true,false
2205,00:11:32:a5:2f:c9,CBJR,true,false
2206,22:11:32:a5:2f:c9,CBJRGuest,true,false
2207,16:11:32:a5:2f:c9,,true,false
2208,00:11:32:a5:2f:c9,CBJR,true,false
2209,22:11:32:a5:2f:c9,CBJRGuest,true,false
2210,16:11:32:a5:2f:c9,,true,false
2212,00:11:32:a5:2f:c9,CBJR,true,false
2213,22:11:32:a5:2f:c9,CBJRGuest,true,false
2214,16:11:32:a5:2f:c9,,true,false
2215,00:11:32:a5:2f:c9,CBJR,true,false
2216,22:11:32:a5:2f:c9,CBJRGuest,true,false
2217,16:11:32:a5:2f:c9,,true,false
2218,00:11:32:a5:2f:c9,CBJR,true,false
2219,22:11:32:a5:2f:c9,CBJRGuest,true,false
2220,16:11:32:a5:2f:c9,,true,false
2221,00:11:32:a5:2f:c9,CBJR,true,false
2222,22:11:32:a5:2f:c9,CBJRGuest,true,false
2223,16:11:32:a5:2f:c9,,true,false
2224,00:11:32:a5:2f:c9,CBJR,true,false
2225,22:11:32:a5:2f:c9,CBJRGuest,true,false
2226,16:11:32:a5:2f:c9,,true,false
2227,00:11:32:a5:2f:c9,CBJR,true,false
2228,22:11:32:a5:2f:c9,CBJRGuest,true,false
2229,16:11:32:a5:2f:c9,,true,false
2230,00:11:32:a5:2f:c9,CBJR,true,false
2231,22:11:32:a5:2f:c9,CBJRGuest,true,false
2232,16:11:32:a5:2f:c9,,true,false
2233,00:11:32:a5:2f:c9,CBJR,true,false
2234,22:11:32:a5:2f:c9,CBJRGuest,true,false
2235,16:11:32:a5:2f:c9,,true,false
2236,00:11:32:a5:2f:c9,CBJR,true,false
2237,22:11:32:a5:2f:c9,CBJRGuest,true,false
2238,16:11:32:a5:2f:c9,,true,false
2240,00:11:32:a5:2f:c9,CBJR,true,false
2241,22:11:32:a5:2f:c9,CBJRGuest,true,false
2242,16:11:32:a5:2f:c9,,true,false
2243,00:11:32:a5:2f:c9,CBJR,true,false
2244,22:11:32:a5:2f:c9,CBJRGuest,true,false
2245,16:11:32:a5:2f:c9,,true,false
2246,00:11:32:a5:2f:c9,CBJR,true,false
2247,22:11:32:a5:2f:c9,CBJRGuest,true,false
2248,16:11:32:a5:2f:c9,,true,false
2249,00:11:32:a5:2f:c9,CBJR,true,false
2250,22:11:32:a5:2f:c9,CBJRGuest,true,false
2251,16:11:32:a5:2f:c9,,true,false
2254,00:11:32:a5:2f:c9,CBJR,true,false
2255,22:11:32:a5:2f:c9,CBJRGuest,true,false
2256,16:11:32:a5:2f:c9,,true,false
2259,00:11:32:a5:2f:c9,CBJR,true,false
2260,22:11:32:a5:2f:c9,CBJRGuest,true,false
2261,16:11:32:a5:2f:c9,,true,false
2262,00:11:32:a5:2f:c9,CBJR,true,false
2263,22:11:32:a5:2f:c9,CBJRGuest,true,false
2264,16:11:32:a5:2f:c9,,true,false
2265,00:11:32:a5:2f:c9,CBJR,true,false
2266,22:11:32:a5:2f:c9,CBJRGuest,true,false
2267,16:11:32:a5:2f:c9,,true,false
2268,00:11:32:a5:2f:c9,CBJR,true,false
2269,22:11:32:a5:2f:c9,CBJRGuest,true,false
2270,16:11:32:a5:2f:c9,,true,false
2271,00:11:32:a5:2f:c9,CBJR,true,false
2272,22:11:32:a5:2f:c9,CBJRGuest,true,false
2273,16:11:32:a5:2f:c9,,true,false
2275,00:11:32:a5:2f:c9,CBJR,true,false
2276,22:11:32:a5:2f:c9,CBJRGuest,true,false
2277,16:11:32:a5:2f:c9,,true,false
2278,00:11:32:a5:2f:c9,CBJR,true,false
2279,22:11:32:a5:2f:c9,CBJRGuest,true,false
2280,16:11:32:a5:2f:c9,,true,false
2281,00:11:32:a5:2f:c9,CBJR,true,false
2282,22:11:32:a5:2f:c9,CBJRGuest,true,false
2283,16:11:32:a5:2f:c9,,true,false
2284,00:11:32:a5:2f:c9,CBJR,true,false
2285,22:11:32:a5:2f:c9,CBJRGuest,true,false
2286,16:11:32:a5:2f:c9,,true,false
2287,00:11:32:a5:2f:c9,CBJR,true,false
2288,22:11:32:a5:2f:c9,CBJRGuest,true,false
2289,16:11:32:a5:2f:c9,,true,false
2290,00:11:32:a5:2f:c9,CBJR,true,false
2291,22:11:32:a5:2f:c9,CBJRGuest,true,false
2292,16:11:32:a5:2f:c9,,true,false
2293,00:11:32:a5:2f:c9,CBJR,true,false
2294,22:11:32:a5:2f:c9,CBJRGuest,true,false
2295,16:11:32:a5:2f:c9,,true,false
2297,00:11:32:a5:2f:c9,CBJR,true,false
2298,22:11:32:a5:2f:c9,CBJRGuest,true,false
2299,16:11:32:a5:2f:c9,,true,false
2300,00:11:32:a5:2f:c9,CBJR,true,false
2301,22:11:32:a5:2f:c9,CBJRGuest,true,false
2302,16:11:32:a5:2f:c9,,true,false
2303,00:11:32:a5:2f:c9,CBJR,true,false
2304,22:11:32:a5:2f:c9,CBJRGuest,true,false
2305,16:11:32:a5:2f:c9,,true,false
2306,00:11:32:a5:2f:c9,CBJR,true,false
2307,22:11:32:a5:2f:c9,CBJRGuest,true,false
2308,16:11:32:a5:2f:c9,,true,false
2309,00:11:32:a5:2f:c9,CBJR,true,false
2310,22:11:32:a5:2f:c9,CBJRGuest,true,false
2311,16:11:32:a5:2f:c9,,true,false
2312,00:11:32:a5:2f:c9,CBJR,true,false
2313,22:11:32:a5:2f:c9,CBJRGuest,true,false
2314,16:11:32:a5:2f:c9,,true,false
2315,00:11:32:a5:2f:c9,CBJR,true,false
2316,22:11:32:a5:2f:c9,CBJRGuest,true,false
2317,16:11:32:a5:2f:c9,,true,false
2318,00:11:32:a5:2f:c9,CBJR,true,false
2319,22:11:32:a5:2f:c9,CBJRGuest,true,false
2320,16:11:32:a5:2f:c9,,true,false
2328,00:11:32:a5:2f:c9,CBJR,true,false
2329,22:11:32:a5:2f:c9,CBJRGuest,true,false
2330,16:11:32:a5:2f:c9,,true,false
2331,00:11:32:a5:2f:c9,CBJR,true,false
2332,22:11:32:a5:2f:c9,CBJRGuest,true,false
2333,16:11:32:a5:2f:c9,,true,false
2336,00:11:32:a5:2f:c9,CBJR,true,false
2337,22:11:32:a5:2f:c9,CBJRGuest,true,false
2338,16:11:32:a5:2f:c9,,true,false
2339,00:11:32:a5:2f:c9,CBJR,true,false
2340,22:11:32:a5:2f:c9,CBJRGuest,true,false
2341,16:11:32:a5:2f:c9,,true,false
2342,00:11:32:a5:2f:c9,CBJR,true,false
2343,22:11:32:a5:2f:c9,CBJRGuest,true,false
2344,16:11:32:a5:2f:c9,,true,false
2345,00:11:32:a5:2f:c9,CBJR,true,false
2346,22:11:32:a5:2f:c9,CBJRGuest,true,false
2347,16:11:32:a5:2f:c9,,true,false
2348,00:11:32:a5:2f:c9,CBJR,true,false
2349,22:11:32:a5:2f:c9,CBJRGuest,true,false
2350,16:11:32:a5:2f:c9,,true,false
2351,00:11:32:a5:2f:c9,CBJR,true,false
2352,22:11:32:a5:2f:c9,CBJRGuest,true,false
2353,16:11:32:a5:2f:c9,,true,false
2354,00:11:32:a5:2f:c9,CBJR,true,false
2355,22:11:32:a5:2f:c9,CBJRGuest,true,false
2356,16:11:32:a5:2f:c9,,true,false
2357,00:11:32:a5:2f:c9,CBJR,true,false
2358,22:11:32:a5:2f:c9,CBJRGuest,true,false
2359,16:11:32:a5:2f:c9,,true,false
2360,00:11:32:a5:2f:c9,CBJR,true,false
2361,22:11:32:a5:2f:c9,CBJRGuest,true,false
2362,16:11:32:a5:2f:c9,,true,false
2363,00:11:32:a5:2f:c9,CBJR,true,false
2364,22:11:32:a5:2f:c9,CBJRGuest,true,false
2365,16:11:32:a5:2f:c9,,true,false
2366,00:11:32:a5:2f:c9,CBJR,true,false
2367,22:11:32:a5:2f:c9,CBJRGuest,true,false
2368,16:11:32:a5:2f:c9,,true,false
2369,00:11:32:a5:2f:c9,CBJR,true,false
2370,22:11:32:a5:2f:c9,CBJRGuest,true,false
2371,16:11:32:a5:2f:c9,,true,false
2372,00:11:32:a5:2f:c9,CBJR,true,false
2373,22:11:32:a5:2f:c9,CBJRGuest,true,false
2374,16:11:32:a5:2f:c9,,true,false
2375,00:11:32:a5:2f:c9,CBJR,true,false
2376,22:11:32:a5:2f:c9,CBJRGuest,true,false
2377,16:11:32:a5:2f:c9,,true,false
2378,00:11:32:a5:2f:c9,CBJR,true,false
2379,22:11:32:a5:2f:c9,CBJRGuest,true,false
2380,16:11:32:a5:2f:c9,,true,false
2381,00:11:32:a5:2f:c9,CBJR,true,false
2382,22:11:32:a5:2f:c9,CBJRGuest,true,false
2383,16:11:32:a5:2f:c9,,true,false
2384,00:11:32:a5:2f:c9,CBJR,true,false
2385,22:11:32:a5:2f:c9,CBJRGuest,true,false
2386,16:11:32:a5:2f:c9,,true,false
2387,00:11:32:a5:2f:c9,CBJR,true,false
2388,22:11:32:a5:2f:c9,CBJRGuest,true,false
2389,16:11:32:a5:2f:c9,,true,false
2390,00:11:32:a5:2f:c9,CBJR,true,false
2391,22:11:32:a5:2f:c9,CBJRGuest,true,false
2392,16:11:32:a5:2f:c9,,true,false
2393,00:11:32:a5:2f:c9,CBJR,true,false
2394,22:11:32:a5:2f:c9,CBJRGuest,true,false
2395,16:11:32:a5:2f:c9,,true,false
2396,00:11:32:a5:2f:c9,CBJR,true,false
2397,22:11:32:a5:2f:c9,CBJRGuest,true,false
2398,16:11:32:a5:2f:c9,,true,false
2404,00:11:32:a5:2f:c9,CBJR,true,false
2405,22:11:32:a5:2f:c9,CBJRGuest,true,false
2406,16:11:32:a5:2f:c9,,true,false
2407,00:11:32:a5:2f:c9,CBJR,true,false
2408,22:11:32:a5:2f:c9,CBJRGuest,true,false
2409,16:11:32:a5:2f:c9,,true,false
2411,00:11:32:a5:2f:c9,CBJR,true,false
2412,22:11:32:a5:2f:c9,CBJRGuest,true,false
2413,16:11:32:a5:2f:c9,,true,false
2417,00:11:32:a5:2f:c9,CBJR,true,false
2418,22:11:32:a5:2f:c9,CBJRGuest,true,false
2419,16:11:32:a5:2f:c9,,true,false
2422,00:11:32:a5:2f:c9,CBJR,true,false
2423,22:11:32:a5:2f:c9,CBJRGuest,true,false
2424,16:11:32:a5:2f:c9,,true,false
2430,00:11:32:a5:2f:c9,CBJR,true,false
2431,22:11:32:a5:2f:c9,CBJRGuest,true,false
2432,16:11:32:a5:2f:c9,,true,false
2435,00:11:32:a5:2f:c9,CBJR,true,false
2436,22:11:32:a5:2f:c9,CBJRGuest,true,false
2437,16:11:32:a5:2f:c9,,true,false
2438,00:11:32:a5:2f:c9,CBJR,true,false
2439,22:11:32:a5:2f:c9,CBJRGuest,true,false
2440,16:11:32:a5:2f:c9,,true,false
2441,00:11:32:a5:2f:c9,CBJR,true,false
2442,22:11:32:a5:2f:c9,CBJRGuest,true,false
2443,16:11:32:a5:2f:c9,,true,false
2444,00:11:32:a5:2f:c9,CBJR,true,false
2445,22:11:32:a5:2f:c9,CBJRGuest,true,false
2446,16:11:32:a5:2f:c9,,true,false
2447,00:11:32:a5:2f:c9,CBJR,true,false
2448,22:11:32:a5:2f:c9,CBJRGuest,true,false
2449,16:11:32:a5:2f:c9,,true,false
2450,00:11:32:a5:2f:c9,CBJR,true,false
2451,22:11:32:a5:2f:c9,CBJRGuest,true,false
2452,16:11:32:a5:2f:c9,,true,false
2455,00:11:32:a5:2f:c9,CBJR,true,false
2456,22:11:32:a5:2f:c9,CBJRGuest,true,false
2457,16:11:32:a5:2f:c9,,true,false
2463,00:11:32:a5:2f:c9,CBJR,true,false
2464,22:11:32:a5:2f:c9,CBJRGuest,true,false
2465,16:11:32:a5:2f:c9,,true,false
2466,00:11:32:a5:2f:c9,CBJR,true,false
2467,22:11:32:a5:2f:c9,CBJRGuest,true,false
2468,16:11:32:a5:2f:c9,,true,false
2470,00:11:32:a5:2f:c9,CBJR,true,false
2471,22:11:32:a5:2f:c9,CBJRGuest,true,false
2472,16:11:32:a5:2f:c9,,true,false
2474,00:11:32:a5:2f:c9,CBJR,true,false
2475,22:11:32:a5:2f:c9,CBJRGuest,true,false
2476,16:11:32:a5:2f:c9,,true,false
2478,00:11:32:a5:2f:c9,CBJR,true,false
2479,22:11:32:a5:2f:c9,CBJRGuest,true,false
2480,16:11:32:a5:2f:c9,,true,false
2482,00:11:32:a5:2f:c9,CBJR,true,false
2483,22:11:32:a5:2f:c9,CBJRGuest,true,false
2484,16:11:32:a5:2f:c9,,true,false
2486,00:11:32:a5:2f:c9,CBJR,true,false
2487,22:11:32:a5:2f:c9,CBJRGuest,true,false
2488,16:11:32:a5:2f:c9,,true,false
2489,00:11:32:a5:2f:c9,CBJR,true,false
2490,22:11:32:a5:2f:c9,CBJRGuest,true,false
2491,16:11:32:a5:2f:c9,,true,false
2492,00:11:32:a5:2f:c9,CBJR,true,false
2493,22:11:32:a5:2f:c9,CBJRGuest,true,false
2494,16:11:32:a5:2f:c9,,true,false
2497,00:11:32:a5:2f:c9,CBJR,true,false
2498,22:11:32:a5:2f:c9,CBJRGuest,true,false
2499,16:11:32:a5:2f:c9,,true,false
2500,00:11:32:a5:2f:c9,CBJR,true,false
2501,22:11:32:a5:2f:c9,CBJRGuest,true,false
2502,16:11:32:a5:2f:c9,,true,false
2504,00:11:32:a5:2f:c9,CBJR,true,false
2505,22:11:32:a5:2f:c9,CBJRGuest,true,false
2506,16:11:32:a5:2f:c9,,true,false
2507,00:11:32:a5:2f:c9,CBJR,true,false
2508,22:11:32:a5:2f:c9,CBJRGuest,true,false
2509,16:11:32:a5:2f:c9,,true,false
2510,00:11:32:a5:2f:c9,CBJR,true,false
2511,22:11:32:a5:2f:c9,CBJRGuest,true,false
2512,16:11:32:a5:2f:c9,,true,false
2513,00:11:32:a5:2f:c9,CBJR,true,false
2514,22:11:32:a5:2f:c9,CBJRGuest,true,false
2515,16:11:32:a5:2f:c9,,true,false
2516,00:11:32:a5:2f:c9,CBJR,true,false
2517,22:11:32:a5:2f:c9,CBJRGuest,true,false
2518,16:11:32:a5:2f:c9,,true,false
2519,00:11:32:a5:2f:c9,CBJR,true,false
2520,22:11:32:a5:2f:c9,CBJRGuest,true,false
2521,16:11:32:a5:2f:c9,,true,false
2523,00:11:32:a5:2f:c9,CBJR,true,false
2524,22:11:32:a5:2f:c9,CBJRGuest,true,false
2525,16:11:32:a5:2f:c9,,true,false
2527,00:11:32:a5:2f:c9,CBJR,true,false
2528,22:11:32:a5:2f:c9,CBJRGuest,true,false
2529,16:11:32:a5:2f:c9,,true,false
2530,00:11:32:a5:2f:c9,CBJR,true,false
2531,22:11:32:a5:2f:c9,CBJRGuest,true,false
2532,16:11:32:a5:2f:c9,,true,false
2533,00:11:32:a5:2f:c9,CBJR,true,false
2534,22:11:32:a5:2f:c9,CBJRGuest,true,false
2535,16:11:32:a5:2f:c9,,true,false
2538,00:11:32:a5:2f:c9,CBJR,true,false
2539,22:11:32:a5:2f:c9,CBJRGuest,true,false
2540,16:11:32:a5:2f:c9,,true,false
2541,00:11:32:a5:2f:c9,CBJR,true,false
2542,22:11:32:a5:2f:c9,CBJRGuest,true,false
2543,16:11:32:a5:2f:c9,,true,false
2544,00:11:32:a5:2f:c9,CBJR,true,false
2545,22:11:32:a5:2f:c9,CBJRGuest,true,false
2546,16:11:32:a5:2f:c9,,true,false
2547,00:11:32:a5:2f:c9,CBJR,true,false
2548,22:11:32:a5:2f:c9,CBJRGuest,true,false
2549,16:11:32:a5:2f:c9,,true,false
2550,00:11:32:a5:2f:c9,CBJR,true,false
2551,22:11:32:a5:2f:c9,CBJRGuest,true,false
2552,16:11:32:a5:2f:c9,,true,false
2553,00:11:32:a5:2f:c9,CBJR,true,false
2554,22:11:32:a5:2f:c9,CBJRGuest,true,false
2555,16:11:32:a5:2f:c9,,true,false
2556,00:11:32:a5:2f:c9,CBJR,true,false
2557,22:11:32:a5:2f:c9,CBJRGuest,true,false
2558,16:11:32:a5:2f:c9,,true,false
2559,00:11:32:a5:2f:c9,CBJR,true,false
2560,22:11:32:a5:2f:c9,CBJRGuest,true,false
2561,16:11:32:a5:2f:c9,,true,false
2562,00:11:32:a5:2f:c9,CBJR,true,false
2563,22:11:32:a5:2f:c9,CBJRGuest,true,false
2564,16:11:32:a5:2f:c9,,true,false
2565,00:11:32:a5:2f:c9,CBJR,true,false
2566,22:11:32:a5:2f:c9,CBJRGuest,true,false
2567,16:11:32:a5:2f:c9,,true,false
2568,00:11:32:a5:2f:c9,CBJR,true,false
2569,22:11:32:a5:2f:c9,CBJRGuest,true,false
2570,16:11:32:a5:2f:c9,,true,false
2571,00:11:32:a5:2f:c9,CBJR,true,false
2572,22:11:32:a5:2f:c9,CBJRGuest,true,false
2573,16:11:32:a5:2f:c9,,true,false
2574,00:11:32:a5:2f:c9,CBJR,true,false
2575,22:11:32:a5:2f:c9,CBJRGuest,true,false
2576,16:11:32:a5:2f:c9,,true,false
2577,00:11:32:a5:2f:c9,CBJR,true,false
2578,22:11:32:a5:2f:c9,CBJRGuest,true,false
2579,16:11:32:a5:2f:c9,,true,false
2580,00:11:32:a5:2f:c9,CBJR,true,false
2581,22:11:32:a5:2f:c9,CBJRGuest,true,false
2582,16:11:32:a5:2f:c9,,true,false
2583,00:11:32:a5:2f:c9,CBJR,true,false
2584,22:11:32:a5:2f:c9,CBJRGuest,true,false
2585,16:11:32:a5:2f:c9,,true,false
2586,00:11:32:a5:2f:c9,CBJR,true,false
2587,22:11:32:a5:2f:c9,CBJRGuest,true,false
2588,16:11:32:a5:2f:c9,,true,false
2590,00:11:32:a5:2f:c9,CBJR,true,false
2591,22:11:32:a5:2f:c9,CBJRGuest,true,false
2592,16:11:32:a5:2f:c9,,true,false
2593,00:11:32:a5:2f:c9,CBJR,true,false
2594,22:11:32:a5:2f:c9,CBJRGuest,true,false
2595,16:11:32:a5:2f:c9,,true,false
2597,00:11:32:a5:2f:c9,CBJR,true,false
2598,22:11:32:a5:2f:c9,CBJRGuest,true,false
2599,16:11:32:a5:2f:c9,,true,false
2600,00:11:32:a5:2f:c9,CBJR,true,false
2601,22:11:32:a5:2f:c9,CBJRGuest,true,false
2602,16:11:32:a5:2f:c9,,true,false
2603,00:11:32:a5:2f:c9,CBJR,true,false
2604,22:11:32:a5:2f:c9,CBJRGuest,true,false
2605,16:11:32:a5:2f:c9,,true,false
2606,00:11:32:a5:2f:c9,CBJR,true,false
2607,22:11:32:a5:2f:c9,CBJRGuest,true,false
2608,16:11:32:a5:2f:c9,,true,false
2609,00:11:32:a5:2f:c9,CBJR,true,false
2610,22:11:32:a5:2f:c9,CBJRGuest,true,false
2611,16:11:32:a5:2f:c9,,true,false
2612,00:11:32:a5:2f:c9,CBJR,true,false
2613,22:11:32:a5:2f:c9,CBJRGuest,true,false
2614,16:11:32:a5:2f:c9,,true,false
2615,00:11:32:a5:2f:c9,CBJR,true,false
2616,22:11:32:a5:2f:c9,CBJRGuest,true,false
2617,16:11:32:a5:2f:c9,,true,false
2618,00:11:32:a5:2f:c9,CBJR,true,false
2619,22:11:32:a5:2f:c9,CBJRGuest,true,false
2620,16:11:32:a5:2f:c9,,true,false
2621,00:11:32:a5:2f:c9,CBJR,true,false
2622,22:11:32:a5:2f:c9,CBJRGuest,true,false
2623,16:11:32:a5:2f:c9,,true,false
2624,00:11:32:a5:2f:c9,CBJR,true,false
2625,22:11:32:a5:2f:c9,CBJRGuest,true,false
2626,16:11:32:a5:2f:c9,,true,false
2627,00:11:32:a5:2f:c9,CBJR,true,false
2628,22:11:32:a5:2f:c9,CBJRGuest,true,false
2629,16:11:32:a5:2f:c9,,true,false
2630,00:11:32:a5:2f:c9,CBJR,true,false
2631,22:11:32:a5:2f:c9,CBJRGuest,true,false
2632,16:11:32:a5:2f:c9,,true,false
2633,00:11:32:a5:2f:c9,CBJR,true,false
2634,22:11:32:a5:2f:c9,CBJRGuest,true,false
2635,16:11:32:a5:2f:c9,,true,false
2636,00:11:32:a5:2f:c9,CBJR,true,false
2637,22:11:32:a5:2f:c9,CBJRGuest,true,false
2638,16:11:32:a5:2f:c9,,true,false
2639,00:11:32:a5:2f:c9,CBJR,true,false
2640,22:11:32:a5:2f:c9,CBJRGuest,true,false
2641,16:11:32:a5:2f:c9,,true,false
2642,00:11:32:a5:2f:c9,CBJR,true,false
2643,22:11:32:a5:2f:c9,CBJRGuest,true,false
2644,16:11:32:a5:2f:c9,,true,false
2646,00:11:32:a5:2f:c9,CBJR,true,false
2647,22:11:32:a5:2f:c9,CBJRGuest,true,false
2648,16:11:32:a5:2f:c9,,true,false
2649,00:11:32:a5:2f:c9,CBJR,true,false
2650,22:11:32:a5:2f:c9,CBJRGuest,true,false
2651,16:11:32:a5:2f:c9,,true,false
2652,00:11:32:a5:2f:c9,CBJR,true,false
2653,22:11:32:a5:2f:c9,CBJRGuest,true,false
2654,16:11:32:a5:2f:c9,,true,false
2655,00:11:32:a5:2f:c9,CBJR,true,false
2656,22:11:32:a5:2f:c9,CBJRGuest,true,false
2657,16:11:32:a5:2f:c9,,true,false
2660,00:11:32:a5:2f:c9,CBJR,true,false
2661,22:11:32:a5:2f:c9,CBJRGuest,true,false
2662,16:11:32:a5:2f:c9,,true,false
2664,00:11:32:a5:2f:c9,CBJR,true,false
2665,22:11:32:a5:2f:c9,CBJRGuest,true,false
2666,16:11:32:a5:2f:c9,,true,false
2667,00:11:32:a5:2f:c9,CBJR,true,false
2668,22:11:32:a5:2f:c9,CBJRGuest,true,false
2669,16:11:32:a5:2f:c9,,true,false
2670,00:11:32:a5:2f:c9,CBJR,true,false
2671,22:11:32:a5:2f:c9,CBJRGuest,true,false
2672,16:11:32:a5:2f:c9,,true,false
2675,00:11:32:a5:2f:c9,CBJR,true,false
2676,22:11:32:a5:2f:c9,CBJRGuest,true,false
2677,16:11:32:a5:2f:c9,,true,false
2678,00:11:32:a5:2f:c9,CBJR,true,false
2679,22:11:32:a5:2f:c9,CBJRGuest,true,false
2680,16:11:32:a5:2f:c9,,true,false
2681,00:11:32:a5:2f:c9,CBJR,true,false
2682,22:11:32:a5:2f:c9,CBJRGuest,true,false
2683,16:11:32:a5:2f:c9,,true,false
2684,00:11:32:a5:2f:c9,CBJR,true,false
2685,22:11:32:a5:2f:c9,CBJRGuest,true,false
2686,16:11:32:a5:2f:c9,,true,false
2687,00:11:32:a5:2f:c9,CBJR,true,false
2688,22:11:32:a5:2f:c9,CBJRGuest,true,false
2689,16:11:32:a5:2f:c9,,true,false
2690,00:11:32:a5:2f:c9,CBJR,true,false
2691,22:11:32:a5:2f:c9,CBJRGuest,true,false
2692,16:11:32:a5:2f:c9,,true,false
2693,00:11:32:a5:2f:c9,CBJR,true,false
2694,22:11:32:a5:2f:c9,CBJRGuest,true,false
2695,16:11:32:a5:2f:c9,,true,false
2696,00:11:32:a5:2f:c9,CBJR,true,false
2697,22:11:32:a5:2f:c9,CBJRGuest,true,false
2698,16:11:32:a5:2f:c9,,true,false
2699,00:11:32:a5:2f:c9,CBJR,true,false
2700,22:11:32:a5:2f:c9,CBJRGuest,true,false
2701,16:11:32:a5:2f:c9,,true,false
2702,00:11:32:a5:2f:c9,CBJR,true,false
2703,22:11:32:a5:2f:c9,CBJRGuest,true,false
2704,16:11:32:a5:2f:c9,,true,false
2715,00:11:32:a5:2f:c9,CBJR,true,false
2716,22:11:32:a5:2f:c9,CBJRGuest,true,false
2717,16:11:32:a5:2f:c9,,true,false
2722,22:11:32:7f:bf:96,CBJRGuest,true,false
2723,00:11:32:a5:2f:c9,CBJR,true,false
2724,22:11:32:a5:2f:c9,CBJRGuest,true,false
2725,16:11:32:a5:2f:c9,,true,false
2726,00:11:32:a5:2f:c9,CBJR,true,false
2727,22:11:32:a5:2f:c9,CBJRGuest,true,false
2728,16:11:32:a5:2f:c9,,true,false
2730,00:11:32:a5:2f:c9,CBJR,true,false
2731,22:11:32:a5:2f:c9,CBJRGuest,true,false
2732,16:11:32:a5:2f:c9,,true,false
2734,00:11:32:a5:2f:c9,CBJR,true,false
2735,22:11:32:a5:2f:c9,CBJRGuest,true,false
2736,16:11:32:a5:2f:c9,,true,false
2740,00:11:32:a5:2f:c9,CBJR,true,false
2741,22:11:32:a5:2f:c9,CBJRGuest,true,false
2742,16:11:32:a5:2f:c9,,true,false
2746,00:11:32:a5:2f:c9,CBJR,true,false
2747,22:11:32:a5:2f:c9,CBJRGuest,true,false
2748,16:11:32:a5:2f:c9,,true,false
2749,00:11:32:a5:2f:c9,CBJR,true,false
2750,22:11:32:a5:2f:c9,CBJRGuest,true,false
2751,16:11:32:a5:2f:c9,,true,false
2752,00:11:32:a5:2f:c9,CBJR,true,false
2753,22:11:32:a5:2f:c9,CBJRGuest,true,false
2754,16:11:32:a5:2f:c9,,true,false
2759,00:11:32:a5:2f:c9,CBJR,true,false
2760,22:11:32:a5:2f:c9,CBJRGuest,true,false
2761,16:11:32:a5:2f:c9,,true,false
2766,00:11:32:a5:2f:c9,CBJR,true,false
2767,22:11:32:a5:2f:c9,CBJRGuest,true,false
2768,16:11:32:a5:2f:c9,,true,false
2774,00:11:32:a5:2f:c9,CBJR,true,false
2775,22:11:32:a5:2f:c9,CBJRGuest,true,false
2776,16:11:32:a5:2f:c9,,true,false
2784,00:11:32:a5:2f:c9,CBJR,true,false
2785,22:11:32:a5:2f:c9,CBJRGuest,true,false
2786,16:11:32:a5:2f:c9,,true,false
2787,00:11:32:a5:2f:c9,CBJR,true,false
2788,22:11:32:a5:2f:c9,CBJRGuest,true,false
2789,16:11:32:a5:2f:c9,,true,false
2801,00:11:32:a5:2f:c9,CBJR,true,false
2802,22:11:32:a5:2f:c9,CBJRGuest,true,false
2803,16:11:32:a5:2f:c9,,true,false
2804,00:11:32:a5:2f:c9,CBJR,true,false
2805,22:11:32:a5:2f:c9,CBJRGuest,true,false
2806,16:11:32:a5:2f:c9,,true,false
2808,00:11:32:a5:2f:c9,CBJR,true,false
2809,22:11:32:a5:2f:c9,CBJRGuest,true,false
2810,16:11:32:a5:2f:c9,,true,false
2811,00:11:32:a5:2f:c9,CBJR,true,false
2812,22:11:32:a5:2f:c9,CBJRGuest,true,false
2813,16:11:32:a5:2f:c9,,true,false
2815,00:11:32:a5:2f:c9,CBJR,true,false
2816,22:11:32:a5:2f:c9,CBJRGuest,true,false
2817,16:11:32:a5:2f:c9,,true,false
2823,00:11:32:a5:2f:c9,CBJR,true,false
2824,22:11:32:a5:2f:c9,CBJRGuest,true,false
2825,16:11:32:a5:2f:c9,,true,false
2826,00:11:32:a5:2f:c9,CBJR,true,false
2827,22:11:32:a5:2f:c9,CBJRGuest,true,false
2828,16:11:32:a5:2f:c9,,true,false
2830,00:11:32:a5:2f:c9,CBJR,true,false
2831,22:11:32:a5:2f:c9,CBJRGuest,true,false
2832,16:11:32:a5:2f:c9,,true,false
2844,00:11:32:a5:2f:c9,CBJR,true,false
2845,22:11:32:a5:2f:c9,CBJRGuest,true,false
2846,16:11:32:a5:2f:c9,,true,false
2848,00:11:32:a5:2f:c9,CBJR,true,false
2849,22:11:32:a5:2f:c9,CBJRGuest,true,false
2850,16:11:32:a5:2f:c9,,true,false
2863,00:11:32:a5:2f:c9,CBJR,true,false
2864,22:11:32:a5:2f:c9,CBJRGuest,true,false
2865,16:11:32:a5:2f:c9,,true,false
2866,00:11:32:a5:2f:c9,CBJR,true,false
2867,22:11:32:a5:2f:c9,CBJRGuest,true,false
2868,16:11:32:a5:2f:c9,,true,false
2871,00:11:32:a5:2f:c9,CBJR,true,false
2872,22:11:32:a5:2f:c9,CBJRGuest,true,false
2873,16:11:32:a5:2f:c9,,true,false
2875,00:11:32:a5:2f:c9,CBJR,true,false
2876,22:11:32:a5:2f:c9,CBJRGuest,true,false
2877,16:11:32:a5:2f:c9,,true,false
2879,00:11:32:a5:2f:c9,CBJR,true,false
2880,22:11:32:a5:2f:c9,CBJRGuest,true,false
2881,16:11:32:a5:2f:c9,,true,false
2889,00:11:32:a5:2f:c9,CBJR,true,false
2890,22:11:32:a5:2f:c9,CBJRGuest,true,false
2891,16:11:32:a5:2f:c9,,true,false
2895,00:11:32:a5:2f:c9,CBJR,true,false
2896,22:11:32:a5:2f:c9,CBJRGuest,true,false
2897,16:11:32:a5:2f:c9,,true,false
2898,00:11:32:a5:2f:c9,CBJR,true,false
2899,22:11:32:a5:2f:c9,CBJRGuest,true,false
2900,16:11:32:a5:2f:c9,,true,false
2902,00:11:32:a5:2f:c9,CBJR,true,false
2903,22:11:32:a5:2f:c9,CBJRGuest,true,false
2904,16:11:32:a5:2f:c9,,true,false
2907,00:11:32:a5:2f:c9,CBJR,true,false
2908,22:11:32:a5:2f:c9,CBJRGuest,true,false
2909,16:11:32:a5:2f:c9,,true,false
2910,00:11:32:a5:2f:c9,CBJR,true,false
2911,22:11:32:a5:2f:c9,CBJRGuest,true,false
2912,16:11:32:a5:2f:c9,,true,false
2913,00:11:32:a5:2f:c9,CBJR,true,false
2914,22:11:32:a5:2f:c9,CBJRGuest,true,false
2915,16:11:32:a5:2f:c9,,true,false
2917,00:11:32:a5:2f:c9,CBJR,true,false
2918,22:11:32:a5:2f:c9,CBJRGuest,true,false
2919,16:11:32:a5:2f:c9,,true,false
2920,00:11:32:a5:2f:c9,CBJR,true,false
2921,22:11:32:a5:2f:c9,CBJRGuest,true,false
2922,16:11:32:a5:2f:c9,,true,false
2923,00:11:32:a5:2f:c9,CBJR,true,false
2924,22:11:32:a5:2f:c9,CBJRGuest,true,false
2925,16:11:32:a5:2f:c9,,true,false
2926,00:11:32:a5:2f:c9,CBJR,true,false
2927,22:11:32:a5:2f:c9,CBJRGuest,true,false
2928,16:11:32:a5:2f:c9,,true,false
2929,00:11:32:a5:2f:c9,CBJR,true,false
2930,22:11:32:a5:2f:c9,CBJRGuest,true,false
2931,16:11:32:a5:2f:c9,,true,false
2932,00:11:32:a5:2f:c9,CBJR,true,false
2933,22:11:32:a5:2f:c9,CBJRGuest,true,false
2934,16:11:32:a5:2f:c9,,true,false
2935,00:11:32:a5:2f:c9,CBJR,true,false
2936,22:11:32:a5:2f:c9,CBJRGuest,true,false
2937,16:11:32:a5:2f:c9,,true,false
2939,00:11:32:a5:2f:c9,CBJR,true,false
2940,22:11:32:a5:2f:c9,CBJRGuest,true,false
2941,16:11:32:a5:2f:c9,,true,false
2942,00:11:32:a5:2f:c9,CBJR,true,false
2943,22:11:32:a5:2f:c9,CBJRGuest,true,false
2944,16:11:32:a5:2f:c9,,true,false
2945,00:11:32:a5:2f:c9,CBJR,true,false
2946,22:11:32:a5:2f:c9,CBJRGuest,true,false
2947,16:11:32:a5:2f:c9,,true,false
2948,00:11:32:a5:2f:c9,CBJR,true,false
2949,22:11:32:a5:2f:c9,CBJRGuest,true,false
2950,16:11:32:a5:2f:c9,,true,false
2951,00:11:32:a5:2f:c9,CBJR,true,false
2952,22:11:32:a5:2f:c9,CBJRGuest,true,false
2953,16:11:32:a5:2f:c9,,true,false
2954,00:11:32:a5:2f:c9,CBJR,true,false
2955,22:11:32:a5:2f:c9,CBJRGuest,true,false
2956,16:11:32:a5:2f:c9,,true,false
2957,00:11:32:a5:2f:c9,CBJR,true,false
2958,22:11:32:a5:2f:c9,CBJRGuest,true,false
2959,16:11:32:a5:2f:c9,,true,false
2960,00:11:32:a5:2f:c9,CBJR,true,false
2961,22:11:32:a5:2f:c9,CBJRGuest,true,false
2962,16:11:32:a5:2f:c9,,true,false
2963,00:11:32:a5:2f:c9,CBJR,true,false
2964,22:11:32:a5:2f:c9,CBJRGuest,true,false
2965,16:11:32:a5:2f:c9,,true,false
2966,00:11:32:a5:2f:c9,CBJR,true,false
2967,22:11:32:a5:2f:c9,CBJRGuest,true,false
2968,16:11:32:a5:2f:c9,,true,false
2969,00:11:32:a5:2f:c9,CBJR,true,false
2970,22:11:32:a5:2f:c9,CBJRGuest,true,false
2971,16:11:32:a5:2f:c9,,true,false
2972,22:11:32:a5:2f:c9,CBJRGuest,true,false
2973,16:11:32:a5:2f:c9,,true,false
2975,00:11:32:a5:2f:c9,CBJR,true,false
2976,22:11:32:a5:2f:c9,CBJRGuest,true,false
2977,00:11:32:a5:2f:c9,CBJR,true,false
2978,22:11:32:a5:2f:c9,CBJRGuest,true,false
2979,16:11:32:a5:2f:c9,,true,false
2980,22:11:32:a5:2f:c9,CBJRGuest,true,false
2981,16:11:32:a5:2f:c9,,true,false
2982,00:11:32:a5:2f:c9,CBJR,true,false
2983,22:11:32:a5:2f:c9,CBJRGuest,true,false
2984,16:11:32:a5:2f:c9,,true,false
2985,00:11:32:a5:2f:c9,CBJR,true,false
2986,22:11:32:a5:2f:c9,CBJRGuest,true,false
2987,16:11:32:a5:2f:c9,,true,false
2988,00:11:32:a5:2f:c9,CBJR,true,false
2989,22:11:32:a5:2f:c9,CBJRGuest,true,false
2990,00:11:32:a5:2f:c9,CBJR,true,false
2991,22:11:32:a5:2f:c9,CBJRGuest,true,false
2992,16:11:32:a5:2f:c9,,true,false
2993,00:11:32:a5:2f:c9,CBJR,true,false
2994,22:11:32:a5:2f:c9,CBJRGuest,true,false
2995,16:11:32:a5:2f:c9,,true,false
2996,24:95:04:db:3c:4c,SFR_3C48,true,false
2997,24:95:04:db:3c:4c,SFR_3C48,true,false
2998,24:95:04:db:3c:4c,SFR_3C48,true,false
2999,24:95:04:db:3c:4c,SFR_3C48,true,false
3000,24:95:04:db:3c:4c,SFR_3C48,true,false
3001,24:95:04:db:3c:4c,SFR_3C48,true,false
3002,24:95:04:db:3c:4c,SFR_3C48,true,false
3003,24:95:04:db:3c:4c,SFR_3C48,true,false
3004,24:95:04:db:3c:4c,SFR_3C48,true,false
3005,24:95:04:db:3c:4c,SFR_3C48,true,false
3006,24:95:04:db:3c:4c,SFR_3C48,true,false
3007,24:95:04:db:3c:4c,SFR_3C48,true,false
3008,24:95:04:db:3c:4c,SFR_3C48,true,false
3009,24:95:04:db:3c:4c,SFR_3C48,true,false
3010,24:95:04:db:3c:4c,SFR_3C48,true,false
3011,24:95:04:db:3c:4c,SFR_3C48,true,false
3012,24:95:04:db:3c:4c,SFR_3C48,true,false
3013,24:95:04:db:3c:4c,SFR_3C48,true,false
3014,24:95:04:db:3c:4c,SFR_3C48,true,false
3015,24:95:04:db:3c:4c,SFR_3C48,true,false
3016,24:95:04:db:3c:4c,SFR_3C48,true,false
3017,24:95:04:db:3c:4c,SFR_3C48,true,false
3018,24:95:04:db:3c:4c,SFR_3C48,true,false
3019,24:95:04:db:3c:4c,SFR_3C48,true,false
3020,24:95:04:db:3c:4c,SFR_3C48,true,false
3021,24:95:04:db:3c:4c,SFR_3C48,true,false
3022,24:95:04:db:3c:4c,SFR_3C48,true,false
3023,24:95:04:db:3c:4c,SFR_3C48,true,false
3024,24:95:04:db:3c:4c,SFR_3C48,true,false
3025,24:95:04:db:3c:4c,SFR_3C48,true,false
3026,24:95:04:db:3c:4c,SFR_3C48,true,false
3027,24:95:04:db:3c:4c,SFR_3C48,true,false
3028,24:95:04:db:3c:4c,SFR_3C48,true,false
3029,24:95:04:db:3c:4c,SFR_3C48,true,false
3030,24:95:04:db:3c:4c,SFR_3C48,true,false
3031,24:95:04:db:3c:4c,SFR_3C48,true,false
3039,24:95:04:db:3c:4c,SFR_3C48,true,false
3040,24:95:04:db:3c:4c,SFR_3C48,true,false
3041,24:95:04:db:3c:4c,SFR_3C48,true,false
3042,24:95:04:db:3c:4c,SFR_3C48,true,false
3043,24:95:04:db:3c:4c,SFR_3C48,true,false
3044,24:95:04:db:3c:4c,SFR_3C48,true,false
3045,24:95:04:db:3c:4c,SFR_3C48,true,false
3046,24:95:04:db:3c:4c,SFR_3C48,true,false
3047,24:95:04:db:3c:4c,SFR_3C48,true,false
3048,24:95:04:db:3c:4c,SFR_3C48,true,false
3049,24:95:04:db:3c:4c,SFR_3C48,true,false
3050,24:95:04:db:3c:4c,SFR_3C48,true,false
3051,24:95:04:db:3c:4c,SFR_3C48,true,false
3052,24:95:04:db:3c:4c,SFR_3C48,true,false
3053,24:95:04:db:3c:4c,SFR_3C48,true,false
3054,24:95:04:db:3c:4c,SFR_3C48,true,false
3055,24:95:04:db:3c:4c,SFR_3C48,true,false
3056,24:95:04:db:3c:4c,SFR_3C48,true,false
3057,24:95:04:db:3c:4c,SFR_3C48,true,false
3058,24:95:04:db:3c:4c,SFR_3C48,true,false
3059,24:95:04:db:3c:4c,SFR_3C48,true,false
3060,24:95:04:db:3c:4c,SFR_3C48,true,false
3061,24:95:04:db:3c:4c,SFR_3C48,true,false
3062,24:95:04:db:3c:4c,SFR_3C48,true,false
3063,24:95:04:db:3c:4c,SFR_3C48,true,false
3064,24:95:04:db:3c:4c,SFR_3C48,true,false
3065,24:95:04:db:3c:4c,SFR_3C48,true,false
3066,24:95:04:db:3c:4c,SFR_3C48,true,false
3067,24:95:04:db:3c:4c,SFR_3C48,true,false
3068,24:95:04:db:3c:4c,SFR_3C48,true,false
3069,24:95:04:db:3c:4c,SFR_3C48,true,false
3070,24:95:04:db:3c:4c,SFR_3C48,true,false
3071,24:95:04:db:3c:4c,SFR_3C48,true,false
3072,24:95:04:db:3c:4c,SFR_3C48,true,false
3073,24:95:04:db:3c:4c,SFR_3C48,true,false
3074,24:95:04:db:3c:4c,SFR_3C48,true,false
3075,24:95:04:db:3c:4c,SFR_3C48,true,false
3076,24:95:04:db:3c:4c,SFR_3C48,true,false
3077,24:95:04:db:3c:4c,SFR_3C48,true,false
3078,24:95:04:db:3c:4c,SFR_3C48,true,false
3079,24:95:04:db:3c:4c,SFR_3C48,true,false
3080,24:95:04:db:3c:4c,SFR_3C48,true,false
3081,24:95:04:db:3c:4c,SFR_3C48,true,false
3082,24:95:04:db:3c:4c,SFR_3C48,true,false
3083,24:95:04:db:3c:4c,SFR_3C48,true,false
3084,24:95:04:db:3c:4c,SFR_3C48,true,false
3085,24:95:04:db:3c:4c,SFR_3C48,true,false
3086,24:95:04:db:3c:4c,SFR_3C48,true,false
3087,24:95:04:db:3c:4c,SFR_3C48,true,false
3088,24:95:04:db:3c:4c,SFR_3C48,true,false
3089,24:95:04:db:3c:4c,SFR_3C48,true,false
3090,24:95:04:db:3c:4c,SFR_3C48,true,false
3091,24:95:04:db:3c:4c,SFR_3C48,true,false
3092,24:95:04:db:3c:4c,SFR_3C48,true,false
3093,24:95:04:db:3c:4c,SFR_3C48,true,false
3094,24:95:04:db:3c:4c,SFR_3C48,true,false
3095,24:95:04:db:3c:4c,SFR_3C48,true,false
3096,24:95:04:db:3c:4c,SFR_3C48,true,false
3097,24:95:04:db:3c:4c,SFR_3C48,true,false
3098,24:95:04:db:3c:4c,SFR_3C48,true,false
3099,24:95:04:db:3c:4c,SFR_3C48,true,false
3100,24:95:04:db:3c:4c,SFR_3C48,true,false
3101,24:95:04:db:3c:4c,SFR_3C48,true,false
3102,24:95:04:db:3c:4c,SFR_3C48,true,false
3103,24:95:04:db:3c:4c,SFR_3C48,true,false
3104,24:95:04:db:3c:4c,SFR_3C48,true,false
3105,24:95:04:db:3c:4c,SFR_3C48,true,false
3106,24:95:04:db:3c:4c,SFR_3C48,true,false
3107,24:95:04:db:3c:4c,SFR_3C48,true,false
3108,24:95:04:db:3c:4c,SFR_3C48,true,false
3109,24:95:04:db:3c:4c,SFR_3C48,true,false
3110,24:95:04:db:3c:4c,SFR_3C48,true,false
3111,24:95:04:db:3c:4c,SFR_3C48,true,false
3112,24:95:04:db:3c:4c,SFR_3C48,true,false
3113,24:95:04:db:3c:4c,SFR_3C48,true,false
3114,24:95:04:db:3c:4c,SFR_3C48,true,false
3115,24:95:04:db:3c:4c,SFR_3C48,true,false
3116,24:95:04:db:3c:4c,SFR_3C48,true,false
3117,24:95:04:db:3c:4c,SFR_3C48,true,false
3118,24:95:04:db:3c:4c,SFR_3C48,true,false
3119,24:95:04:db:3c:4c,SFR_3C48,true,false
3120,24:95:04:db:3c:4c,SFR_3C48,true,false
3121,24:95:04:db:3c:4c,SFR_3C48,true,false
3122,24:95:04:db:3c:4c,SFR_3C48,true,false
3123,24:95:04:db:3c:4c,SFR_3C48,true,false
3124,24:95:04:db:3c:4c,SFR_3C48,true,false
3125,24:95:04:db:3c:4c,SFR_3C48,true,false
3126,24:95:04:db:3c:4c,SFR_3C48,true,false
3127,24:95:04:db:3c:4c,SFR_3C48,true,false
3128,24:95:04:db:3c:4c,SFR_3C48,true,false
3129,24:95:04:db:3c:4c,SFR_3C48,true,false
3130,24:95:04:db:3c:4c,SFR_3C48,true,false
3131,24:95:04:db:3c:4c,SFR_3C48,true,false
3132,24:95:04:db:3c:4c,SFR_3C48,true,false
3133,24:95:04:db:3c:4c,SFR_3C48,true,false
3134,24:95:04:db:3c:4c,SFR_3C48,true,false
3135,24:95:04:db:3c:4c,SFR_3C48,true,false
3136,24:95:04:db:3c:4c,SFR_3C48,true,false
3137,24:95:04:db:3c:4c,SFR_3C48,true,false
3138,24:95:04:db:3c:4c,SFR_3C48,true,false
3139,24:95:04:db:3c:4c,SFR_3C48,true,false
3140,24:95:04:db:3c:4c,SFR_3C48,true,false
3141,24:95:04:db:3c:4c,SFR_3C48,true,false
3142,24:95:04:db:3c:4c,SFR_3C48,true,false
3143,24:95:04:db:3c:4c,SFR_3C48,true,false
3144,24:95:04:db:3c:4c,SFR_3C48,true,false
3147,24:95:04:db:3c:4c,SFR_3C48,true,false
3149,24:95:04:db:3c:4c,SFR_3C48,true,false
3150,24:95:04:db:3c:4c,SFR_3C48,true,false
3151,24:95:04:db:3c:4c,SFR_3C48,true,false
3152,24:95:04:db:3c:4c,SFR_3C48,true,false
3153,24:95:04:db:3c:4c,SFR_3C48,true,false
3154,24:95:04:db:3c:4c,SFR_3C48,true,false
3155,24:95:04:db:3c:4c,SFR_3C48,true,false
3156,24:95:04:db:3c:4c,SFR_3C48,true,false
3157,24:95:04:db:3c:4c,SFR_3C48,true,false
3158,24:95:04:db:3c:4c,SFR_3C48,true,false
3159,24:95:04:db:3c:4c,SFR_3C48,true,false
3160,24:95:04:db:3c:4c,SFR_3C48,true,false
3161,24:95:04:db:3c:4c,SFR_3C48,true,false
3162,24:95:04:db:3c:4c,SFR_3C48,true,false
3163,24:95:04:db:3c:4c,SFR_3C48,true,false
3164,24:95:04:db:3c:4c,SFR_3C48,true,false
3165,24:95:04:db:3c:4c,SFR_3C48,true,false
3166,24:95:04:db:3c:4c,SFR_3C48,true,false
3167,24:95:04:db:3c:4c,SFR_3C48,true,false
3168,24:95:04:db:3c:4c,SFR_3C48,true,false
3169,24:95:04:db:3c:4c,SFR_3C48,true,false
3170,24:95:04:db:3c:4c,SFR_3C48,true,false
3171,24:95:04:db:3c:4c,SFR_3C48,true,false
3172,24:95:04:db:3c:4c,SFR_3C48,true,false
3173,24:95:04:db:3c:4c,SFR_3C48,true,false
3174,24:95:04:db:3c:4c,SFR_3C48,true,false
3175,24:95:04:db:3c:4c,SFR_3C48,true,false
3176,24:95:04:db:3c:4c,SFR_3C48,true,false
3177,24:95:04:db:3c:4c,SFR_3C48,true,false
3178,24:95:04:db:3c:4c,SFR_3C48,true,false
3179,24:95:04:db:3c:4c,SFR_3C48,true,false
3180,24:95:04:db:3c:4c,SFR_3C48,true,false
3181,24:95:04:db:3c:4c,SFR_3C48,true,false
3182,24:95:04:db:3c:4c,SFR_3C48,true,false
3183,24:95:04:db:3c:4c,SFR_3C48,true,false
3184,24:95:04:db:3c:4c,SFR_3C48,true,false
3185,24:95:04:db:3c:4c,SFR_3C48,true,false
3186,24:95:04:db:3c:4c,SFR_3C48,true,false
3187,24:95:04:db:3c:4c,SFR_3C48,true,false
3188,24:95:04:db:3c:4c,SFR_3C48,true,false
3189,24:95:04:db:3c:4c,SFR_3C48,true,false
3190,24:95:04:db:3c:4c,SFR_3C48,true,false
3191,24:95:04:db:3c:4c,SFR_3C48,true,false
3192,24:95:04:db:3c:4c,SFR_3C48,true,false
3193,24:95:04:db:3c:4c,SFR_3C48,true,false
3194,24:95:04:db:3c:4c,SFR_3C48,true,false
3195,24:95:04:db:3c:4c,SFR_3C48,true,false
3196,24:95:04:db:3c:4c,SFR_3C48,true,false
3197,24:95:04:db:3c:4c,SFR_3C48,true,false
3198,24:95:04:db:3c:4c,SFR_3C48,true,false
3199,24:95:04:db:3c:4c,SFR_3C48,true,false
3200,24:95:04:db:3c:4c,SFR_3C48,true,false
3201,24:95:04:db:3c:4c,SFR_3C48,true,false
3202,24:95:04:db:3c:4c,SFR_3C48,true,false
3203,24:95:04:db:3c:4c,SFR_3C48,true,false
3204,24:95:04:db:3c:4c,SFR_3C48,true,false
3205,24:95:04:db:3c:4c,SFR_3C48,true,false
3206,24:95:04:db:3c:4c,SFR_3C48,true,false
3207,24:95:04:db:3c:4c,SFR_3C48,true,false
3208,24:95:04:db:3c:4c,SFR_3C48,true,false
3209,24:95:04:db:3c:4c,SFR_3C48,true,false
3210,24:95:04:db:3c:4c,SFR_3C48,true,false
3211,24:95:04:db:3c:4c,SFR_3C48,true,false
3212,24:95:04:db:3c:4c,SFR_3C48,true,false
3213,24:95:04:db:3c:4c,SFR_3C48,true,false
3214,24:95:04:db:3c:4c,SFR_3C48,true,false
3215,24:95:04:db:3c:4c,SFR_3C48,true,false
3216,24:95:04:db:3c:4c,SFR_3C48,true,false
3217,24:95:04:db:3c:4c,SFR_3C48,true,false
3218,24:95:04:db:3c:4c,SFR_3C48,true,false
3219,24:95:04:db:3c:4c,SFR_3C48,true,false
3220,24:95:04:db:3c:4c,SFR_3C48,true,false
3221,24:95:04:db:3c:4c,SFR_3C48,true,false
3222,24:95:04:db:3c:4c,SFR_3C48,true,false
3223,24:95:04:db:3c:4c,SFR_3C48,true,false
3224,24:95:04:db:3c:4c,SFR_3C48,true,false
3225,24:95:04:db:3c:4c,SFR_3C48,true,false
3226,24:95:04:db:3c:4c,SFR_3C48,true,false
3227,24:95:04:db:3c:4c,SFR_3C48,true,false
3228,24:95:04:db:3c:4c,SFR_3C48,true,false
3229,24:95:04:db:3c:4c,SFR_3C48,true,false
3230,24:95:04:db:3c:4c,SFR_3C48,true,false
3231,24:95:04:db:3c:4c,SFR_3C48,true,false
3232,24:95:04:db:3c:4c,SFR_3C48,true,false
3233,24:95:04:db:3c:4c,SFR_3C48,true,false
3234,24:95:04:db:3c:4c,SFR_3C48,true,false
3235,24:95:04:db:3c:4c,SFR_3C48,true,false
3236,24:95:04:db:3c:4c,SFR_3C48,true,false
3237,24:95:04:db:3c:4c,SFR_3C48,true,false
3238,24:95:04:db:3c:4c,SFR_3C48,true,false
3239,24:95:04:db:3c:4c,SFR_3C48,true,false
3240,24:95:04:db:3c:4c,SFR_3C48,true,false
3241,24:95:04:db:3c:4c,SFR_3C48,true,false
3242,24:95:04:db:3c:4c,SFR_3C48,true,false
3243,24:95:04:db:3c:4c,SFR_3C48,true,false
3252,24:95:04:db:3c:4c,SFR_3C48,true,false
3253,24:95:04:db:3c:4c,SFR_3C48,true,false
3254,24:95:04:db:3c:4c,SFR_3C48,true,false
3255,24:95:04:db:3c:4c,SFR_3C48,true,false
3256,24:95:04:db:3c:4c,SFR_3C48,true,false
3257,24:95:04:db:3c:4c,SFR_3C48,true,false
3258,24:95:04:db:3c:4c,SFR_3C48,true,false
3259,24:95:04:db:3c:4c,SFR_3C48,true,false
3260,24:95:04:db:3c:4c,SFR_3C48,true,false
3261,24:95:04:db:3c:4c,SFR_3C48,true,false
3262,24:95:04:db:3c:4c,SFR_3C48,true,false
3263,24:95:04:db:3c:4c,SFR_3C48,true,false
3268,24:95:04:db:3c:4c,SFR_3C48,true,false
3269,24:95:04:db:3c:4c,SFR_3C48,true,false
3270,24:95:04:db:3c:4c,SFR_3C48,true,false
3271,24:95:04:db:3c:4c,SFR_3C48,true,false
3272,24:95:04:db:3c:4c,SFR_3C48,true,false
3273,24:95:04:db:3c:4c,SFR_3C48,true,false
3274,24:95:04:db:3c:4c,SFR_3C48,true,false
3275,24:95:04:db:3c:4c,SFR_3C48,true,false
3276,24:95:04:db:3c:4c,SFR_3C48,true,false
3277,24:95:04:db:3c:4c,SFR_3C48,true,false
3278,24:95:04:db:3c:4c,SFR_3C48,true,false
3279,24:95:04:db:3c:4c,SFR_3C48,true,false
3280,24:95:04:db:3c:4c,SFR_3C48,true,false
3281,24:95:04:db:3c:4c,SFR_3C48,true,false
3282,24:95:04:db:3c:4c,SFR_3C48,true,false
3283,24:95:04:db:3c:4c,SFR_3C48,true,false
3284,24:95:04:db:3c:4c,SFR_3C48,true,false
3285,24:95:04:db:3c:4c,SFR_3C48,true,false
3286,24:95:04:db:3c:4c,SFR_3C48,true,false
3287,24:95:04:db:3c:4c,SFR_3C48,true,false
3288,24:95:04:db:3c:4c,SFR_3C48,true,false
3289,24:95:04:db:3c:4c,SFR_3C48,true,false
3290,24:95:04:db:3c:4c,SFR_3C48,true,false
3291,24:95:04:db:3c:4c,SFR_3C48,true,false
3292,24:95:04:db:3c:4c,SFR_3C48,true,false
3293,24:95:04:db:3c:4c,SFR_3C48,true,false
3294,24:95:04:db:3c:4c,SFR_3C48,true,false
3295,24:95:04:db:3c:4c,SFR_3C48,true,false
3296,24:95:04:db:3c:4c,SFR_3C48,true,false
3297,24:95:04:db:3c:4c,SFR_3C48,true,false
3298,24:95:04:db:3c:4c,SFR_3C48,true,false
3299,24:95:04:db:3c:4c,SFR_3C48,true,false
3300,24:95:04:db:3c:4c,SFR_3C48,true,false
3301,24:95:04:db:3c:4c,SFR_3C48,true,false
3302,24:95:04:db:3c:4c,SFR_3C48,true,false
3303,24:95:04:db:3c:4c,SFR_3C48,true,false
3304,24:95:04:db:3c:4c,SFR_3C48,true,false
3305,24:95:04:db:3c:4c,SFR_3C48,true,false
3306,24:95:04:db:3c:4c,SFR_3C48,true,false
3307,24:95:04:db:3c:4c,SFR_3C48,true,false
3308,24:95:04:db:3c:4c,SFR_3C48,true,false
3309,24:95:04:db:3c:4c,SFR_3C48,true,false
3310,24:95:04:db:3c:4c,SFR_3C48,true,false
3311,24:95:04:db:3c:4c,SFR_3C48,true,false
3312,24:95:04:db:3c:4c,SFR_3C48,true,false
3313,24:95:04:db:3c:4c,SFR_3C48,true,false
3314,24:95:04:db:3c:4c,SFR_3C48,true,false
3315,24:95:04:db:3c:4c,SFR_3C48,true,false
3316,24:95:04:db:3c:4c,SFR_3C48,true,false
3317,24:95:04:db:3c:4c,SFR_3C48,true,false
3318,24:95:04:db:3c:4c,SFR_3C48,true,false
3319,24:95:04:db:3c:4c,SFR_3C48,true,false
3320,24:95:04:db:3c:4c,SFR_3C48,true,false
3321,24:95:04:db:3c:4c,SFR_3C48,true,false
3324,24:95:04:db:3c:4c,SFR_3C48,true,false
3327,24:95:04:db:3c:4c,SFR_3C48,true,false
3328,24:95:04:db:3c:4c,SFR_3C48,true,false
3329,24:95:04:db:3c:4c,SFR_3C48,true,false
3330,24:95:04:db:3c:4c,SFR_3C48,true,false
3331,24:95:04:db:3c:4c,SFR_3C48,true,false
3332,24:95:04:db:3c:4c,SFR_3C48,true,false
3333,24:95:04:db:3c:4c,SFR_3C48,true,false
3334,24:95:04:db:3c:4c,SFR_3C48,true,false
3335,24:95:04:db:3c:4c,SFR_3C48,true,false
3336,24:95:04:db:3c:4c,SFR_3C48,true,false
3337,24:95:04:db:3c:4c,SFR_3C48,true,false
3338,24:95:04:db:3c:4c,SFR_3C48,true,false
3339,24:95:04:db:3c:4c,SFR_3C48,true,false
3340,24:95:04:db:3c:4c,SFR_3C48,true,false
3341,24:95:04:db:3c:4c,SFR_3C48,true,false
3342,24:95:04:db:3c:4c,SFR_3C48,true,false
3343,24:95:04:db:3c:4c,SFR_3C48,true,false
3344,24:95:04:db:3c:4c,SFR_3C48,true,false
3345,24:95:04:db:3c:4c,SFR_3C48,true,false
3346,24:95:04:db:3c:4c,SFR_3C48,true,false
3347,24:95:04:db:3c:4c,SFR_3C48,true,false
3348,24:95:04:db:3c:4c,SFR_3C48,true,false
3349,24:95:04:db:3c:4c,SFR_3C48,true,false
3350,24:95:04:db:3c:4c,SFR_3C48,true,false
3351,24:95:04:db:3c:4c,SFR_3C48,true,false
3352,24:95:04:db:3c:4c,SFR_3C48,true,false
3353,24:95:04:db:3c:4c,SFR_3C48,true,false
3354,24:95:04:db:3c:4c,SFR_3C48,true,false
3355,24:95:04:db:3c:4c,SFR_3C48,true,false
3356,24:95:04:db:3c:4c,SFR_3C48,true,false
3357,24:95:04:db:3c:4c,SFR_3C48,true,false
3358,24:95:04:db:3c:4c,SFR_3C48,true,false
3359,24:95:04:db:3c:4c,SFR_3C48,true,false
3360,24:95:04:db:3c:4c,SFR_3C48,true,false
3361,24:95:04:db:3c:4c,SFR_3C48,true,false
3362,24:95:04:db:3c:4c,SFR_3C48,true,false
3363,24:95:04:db:3c:4c,SFR_3C48,true,false
3364,24:95:04:db:3c:4c,SFR_3C48,true,false
3365,24:95:04:db:3c:4c,SFR_3C48,true,false
3366,24:95:04:db:3c:4c,SFR_3C48,true,false
3367,24:95:04:db:3c:4c,SFR_3C48,true,false
3368,24:95:04:db:3c:4c,SFR_3C48,true,false
3369,24:95:04:db:3c:4c,SFR_3C48,true,false
3370,24:95:04:db:3c:4c,SFR_3C48,true,false
3371,24:95:04:db:3c:4c,SFR_3C48,true,false
3372,24:95:04:db:3c:4c,SFR_3C48,true,false
3373,24:95:04:db:3c:4c,SFR_3C48,true,false
3374,24:95:04:db:3c:4c,SFR_3C48,true,false
3375,24:95:04:db:3c:4c,SFR_3C48,true,false
3376,24:95:04:db:3c:4c,SFR_3C48,true,false
3377,24:95:04:db:3c:4c,SFR_3C48,true,false
3378,24:95:04:db:3c:4c,SFR_3C48,true,false
3379,24:95:04:db:3c:4c,SFR_3C48,true,false
3380,24:95:04:db:3c:4c,SFR_3C48,true,false
3381,24:95:04:db:3c:4c,SFR_3C48,true,false
3382,24:95:04:db:3c:4c,SFR_3C48,true,false
3383,24:95:04:db:3c:4c,SFR_3C48,true,false
3384,24:95:04:db:3c:4c,SFR_3C48,true,false
3385,24:95:04:db:3c:4c,SFR_3C48,true,false
3386,24:95:04:db:3c:4c,SFR_3C48,true,false
3387,24:95:04:db:3c:4c,SFR_3C48,true,false
3388,24:95:04:db:3c:4c,SFR_3C48,true,false
3389,24:95:04:db:3c:4c,SFR_3C48,true,false
3390,24:95:04:db:3c:4c,SFR_3C48,true,false
3391,24:95:04:db:3c:4c,SFR_3C48,true,false
3392,24:95:04:db:3c:4c,SFR_3C48,true,false
3393,24:95:04:db:3c:4c,SFR_3C48,true,false
3394,24:95:04:db:3c:4c,SFR_3C48,true,false
3395,24:95:04:db:3c:4c,SFR_3C48,true,false
3396,24:95:04:db:3c:4c,SFR_3C48,true,false
3397,24:95:04:db:3c:4c,SFR_3C48,true,false
3398,24:95:04:db:3c:4c,SFR_3C48,true,false
3399,24:95:04:db:3c:4c,SFR_3C48,true,false
3400,24:95:04:db:3c:4c,SFR_3C48,true,false
3401,24:95:04:db:3c:4c,SFR_3C48,true,false
3402,24:95:04:db:3c:4c,SFR_3C48,true,false
3403,24:95:04:db:3c:4c,SFR_3C48,true,false
3404,24:95:04:db:3c:4c,SFR_3C48,true,false
3405,24:95:04:db:3c:4c,SFR_3C48,true,false
3406,24:95:04:db:3c:4c,SFR_3C48,true,false
3407,24:95:04:db:3c:4c,SFR_3C48,true,false
3408,24:95:04:db:3c:4c,SFR_3C48,true,false
3409,24:95:04:db:3c:4c,SFR_3C48,true,false
3410,24:95:04:db:3c:4c,SFR_3C48,true,false
3411,24:95:04:db:3c:4c,SFR_3C48,true,false
3412,24:95:04:db:3c:4c,SFR_3C48,true,false
3413,24:95:04:db:3c:4c,SFR_3C48,true,false
3414,24:95:04:db:3c:4c,SFR_3C48,true,false
3415,24:95:04:db:3c:4c,SFR_3C48,true,false
3416,24:95:04:db:3c:4c,SFR_3C48,true,false
3417,24:95:04:db:3c:4c,SFR_3C48,true,false
3418,24:95:04:db:3c:4c,SFR_3C48,true,false
3419,24:95:04:db:3c:4c,SFR_3C48,true,false
3420,24:95:04:db:3c:4c,SFR_3C48,true,false
3421,24:95:04:db:3c:4c,SFR_3C48,true,false
3422,24:95:04:db:3c:4c,SFR_3C48,true,false
3423,24:95:04:db:3c:4c,SFR_3C48,true,false
3424,24:95:04:db:3c:4c,SFR_3C48,true,false
3425,24:95:04:db:3c:4c,SFR_3C48,true,false
3426,24:95:04:db:3c:4c,SFR_3C48,true,false
3427,24:95:04:db:3c:4c,SFR_3C48,true,false
3428,24:95:04:db:3c:4c,SFR_3C48,true,false
3429,24:95:04:db:3c:4c,SFR_3C48,true,false
3430,24:95:04:db:3c:4c,SFR_3C48,true,false
3431,24:95:04:db:3c:4c,SFR_3C48,true,false
3432,24:95:04:db:3c:4c,SFR_3C48,true,false
3433,24:95:04:db:3c:4c,SFR_3C48,true,false
3434,24:95:04:db:3c:4c,SFR_3C48,true,false
3435,24:95:04:db:3c:4c,SFR_3C48,true,false
3436,24:95:04:db:3c:4c,SFR_3C48,true,false
3437,24:95:04:db:3c:4c,SFR_3C48,true,false
3438,24:95:04:db:3c:4c,SFR_3C48,true,false
3439,24:95:04:db:3c:4c,SFR_3C48,true,false
3440,24:95:04:db:3c:4c,SFR_3C48,true,false
3441,24:95:04:db:3c:4c,SFR_3C48,true,false
3442,24:95:04:db:3c:4c,SFR_3C48,true,false
3443,24:95:04:db:3c:4c,SFR_3C48,true,false
3444,24:95:04:db:3c:4c,SFR_3C48,true,false
3445,24:95:04:db:3c:4c,SFR_3C48,true,false
3446,24:95:04:db:3c:4c,SFR_3C48,true,false
3447,24:95:04:db:3c:4c,SFR_3C48,true,false
3448,24:95:04:db:3c:4c,SFR_3C48,true,false
3451,24:95:04:db:3c:4c,SFR_3C48,true,false
3453,24:95:04:db:3c:4c,SFR_3C48,true,false
3454,24:95:04:db:3c:4c,SFR_3C48,true,false
3455,24:95:04:db:3c:4c,SFR_3C48,true,false
3456,24:95:04:db:3c:4c,SFR_3C48,true,false
3457,24:95:04:db:3c:4c,SFR_3C48,true,false
3458,24:95:04:db:3c:4c,SFR_3C48,true,false
3459,24:95:04:db:3c:4c,SFR_3C48,true,false
3460,24:95:04:db:3c:4c,SFR_3C48,true,false
3461,24:95:04:db:3c:4c,SFR_3C48,true,false
3462,24:95:04:db:3c:4c,SFR_3C48,true,false
3463,24:95:04:db:3c:4c,SFR_3C48,true,false
3464,24:95:04:db:3c:4c,SFR_3C48,true,false
3465,24:95:04:db:3c:4c,SFR_3C48,true,false
3466,24:95:04:db:3c:4c,SFR_3C48,true,false
3467,24:95:04:db:3c:4c,SFR_3C48,true,false
3468,24:95:04:db:3c:4c,SFR_3C48,true,false
3469,24:95:04:db:3c:4c,SFR_3C48,true,false
3470,24:95:04:db:3c:4c,SFR_3C48,true,false
3471,24:95:04:db:3c:4c,SFR_3C48,true,false
3472,24:95:04:db:3c:4c,SFR_3C48,true,false
3473,24:95:04:db:3c:4c,SFR_3C48,true,false
3474,24:95:04:db:3c:4c,SFR_3C48,true,false
3475,24:95:04:db:3c:4c,SFR_3C48,true,false
3476,24:95:04:db:3c:4c,SFR_3C48,true,false
3477,24:95:04:db:3c:4c,SFR_3C48,true,false
3478,24:95:04:db:3c:4c,SFR_3C48,true,false
3479,24:95:04:db:3c:4c,SFR_3C48,true,false
3480,24:95:04:db:3c:4c,SFR_3C48,true,false
3481,24:95:04:db:3c:4c,SFR_3C48,true,false
3482,24:95:04:db:3c:4c,SFR_3C48,true,false
3483,24:95:04:db:3c:4c,SFR_3C48,true,false
3484,24:95:04:db:3c:4c,SFR_3C48,true,false
3485,24:95:04:db:3c:4c,SFR_3C48,true,false
3486,24:95:04:db:3c:4c,SFR_3C48,true,false
3487,24:95:04:db:3c:4c,SFR_3C48,true,false
3488,24:95:04:db:3c:4c,SFR_3C48,true,false
3489,24:95:04:db:3c:4c,SFR_3C48,true,false
3490,24:95:04:db:3c:4c,SFR_3C48,true,false
3491,24:95:04:db:3c:4c,SFR_3C48,true,false
3492,24:95:04:db:3c:4c,SFR_3C48,true,false
3493,24:95:04:db:3c:4c,SFR_3C48,true,false
3494,24:95:04:db:3c:4c,SFR_3C48,true,false
3495,24:95:04:db:3c:4c,SFR_3C48,true,false
3496,24:95:04:db:3c:4c,SFR_3C48,true,false
3497,24:95:04:db:3c:4c,SFR_3C48,true,false
3498,24:95:04:db:3c:4c,SFR_3C48,true,false
3499,24:95:04:db:3c:4c,SFR_3C48,true,false
3500,24:95:04:db:3c:4c,SFR_3C48,true,false
3501,24:95:04:db:3c:4c,SFR_3C48,true,false
3502,24:95:04:db:3c:4c,SFR_3C48,true,false
3503,24:95:04:db:3c:4c,SFR_3C48,true,false
3504,24:95:04:db:3c:4c,SFR_3C48,true,false
3505,24:95:04:db:3c:4c,SFR_3C48,true,false
3506,24:95:04:db:3c:4c,SFR_3C48,true,false
3507,24:95:04:db:3c:4c,SFR_3C48,true,false
3508,24:95:04:db:3c:4c,SFR_3C48,true,false
3509,24:95:04:db:3c:4c,SFR_3C48,true,false
3510,24:95:04:db:3c:4c,SFR_3C48,true,false
3511,24:95:04:db:3c:4c,SFR_3C48,true,false
3512,24:95:04:db:3c:4c,SFR_3C48,true,false
3513,24:95:04:db:3c:4c,SFR_3C48,true,false
3514,24:95:04:db:3c:4c,SFR_3C48,true,false
3515,24:95:04:db:3c:4c,SFR_3C48,true,false
3516,24:95:04:db:3c:4c,SFR_3C48,true,false
3517,24:95:04:db:3c:4c,SFR_3C48,true,false
3518,24:95:04:db:3c:4c,SFR_3C48,true,false
3519,24:95:04:db:3c:4c,SFR_3C48,true,false
3520,24:95:04:db:3c:4c,SFR_3C48,true,false
3521,24:95:04:db:3c:4c,SFR_3C48,true,false
3522,24:95:04:db:3c:4c,SFR_3C48,true,false
3523,24:95:04:db:3c:4c,SFR_3C48,true,false
3524,24:95:04:db:3c:4c,SFR_3C48,true,false
3525,24:95:04:db:3c:4c,SFR_3C48,true,false
3526,24:95:04:db:3c:4c,SFR_3C48,true,false
3527,24:95:04:db:3c:4c,SFR_3C48,true,false
3528,24:95:04:db:3c:4c,SFR_3C48,true,false
3529,24:95:04:db:3c:4c,SFR_3C48,true,false
3530,24:95:04:db:3c:4c,SFR_3C48,true,false
3531,24:95:04:db:3c:4c,SFR_3C48,true,false
3532,24:95:04:db:3c:4c,SFR_3C48,true,false
3533,24:95:04:db:3c:4c,SFR_3C48,true,false
3534,24:95:04:db:3c:4c,SFR_3C48,true,false
3535,24:95:04:db:3c:4c,SFR_3C48,true,false
3536,24:95:04:db:3c:4c,SFR_3C48,true,false
3537,24:95:04:db:3c:4c,SFR_3C48,true,false
3538,24:95:04:db:3c:4c,SFR_3C48,true,false
3539,24:95:04:db:3c:4c,SFR_3C48,true,false
3540,24:95:04:db:3c:4c,SFR_3C48,true,false
3541,24:95:04:db:3c:4c,SFR_3C48,true,false
3542,24:95:04:db:3c:4c,SFR_3C48,true,false
3543,24:95:04:db:3c:4c,SFR_3C48,true,false
3544,24:95:04:db:3c:4c,SFR_3C48,true,false
3545,24:95:04:db:3c:4c,SFR_3C48,true,false
3546,24:95:04:db:3c:4c,SFR_3C48,true,false
3547,24:95:04:db:3c:4c,SFR_3C48,true,false
3548,24:95:04:db:3c:4c,SFR_3C48,true,false
3549,24:95:04:db:3c:4c,SFR_3C48,true,false
3550,24:95:04:db:3c:4c,SFR_3C48,true,false
3551,24:95:04:db:3c:4c,SFR_3C48,true,false
3552,24:95:04:db:3c:4c,SFR_3C48,true,false
3553,24:95:04:db:3c:4c,SFR_3C48,true,false
3554,24:95:04:db:3c:4c,SFR_3C48,true,false
3555,24:95:04:db:3c:4c,SFR_3C48,true,false
3556,24:95:04:db:3c:4c,SFR_3C48,true,false
3557,24:95:04:db:3c:4c,SFR_3C48,true,false
3558,24:95:04:db:3c:4c,SFR_3C48,true,false
3559,24:95:04:db:3c:4c,SFR_3C48,true,false
3560,24:95:04:db:3c:4c,SFR_3C48,true,false
3561,24:95:04:db:3c:4c,SFR_3C48,true,false
3562,24:95:04:db:3c:4c,SFR_3C48,true,false
3563,24:95:04:db:3c:4c,SFR_3C48,true,false
3564,24:95:04:db:3c:4c,SFR_3C48,true,false
3565,24:95:04:db:3c:4c,SFR_3C48,true,false
3566,24:95:04:db:3c:4c,SFR_3C48,true,false
3567,24:95:04:db:3c:4c,SFR_3C48,true,false
3568,24:95:04:db:3c:4c,SFR_3C48,true,false
3569,24:95:04:db:3c:4c,SFR_3C48,true,false
3570,24:95:04:db:3c:4c,SFR_3C48,true,false
3571,24:95:04:db:3c:4c,SFR_3C48,true,false
3572,24:95:04:db:3c:4c,SFR_3C48,true,false
3573,24:95:04:db:3c:4c,SFR_3C48,true,false
3574,24:95:04:db:3c:4c,SFR_3C48,true,false
3575,24:95:04:db:3c:4c,SFR_3C48,true,false
3576,24:95:04:db:3c:4c,SFR_3C48,true,false
3577,24:95:04:db:3c:4c,SFR_3C48,true,false
3578,24:95:04:db:3c:4c,SFR_3C48,true,false
3579,24:95:04:db:3c:4c,SFR_3C48,true,false
3580,24:95:04:db:3c:4c,SFR_3C48,true,false
3581,24:95:04:db:3c:4c,SFR_3C48,true,false
3582,24:95:04:db:3c:4c,SFR_3C48,true,false
3583,24:95:04:db:3c:4c,SFR_3C48,true,false
3584,24:95:04:db:3c:4c,SFR_3C48,true,false
3585,24:95:04:db:3c:4c,SFR_3C48,true,false
3586,24:95:04:db:3c:4c,SFR_3C48,true,false
3587,24:95:04:db:3c:4c,SFR_3C48,true,false
3588,24:95:04:db:3c:4c,SFR_3C48,true,false
3589,00:11:32:93:49:d8,CBJR,true,false
3590,22:11:32:93:49:d8,CBJRGuest,true,false
3591,16:11:32:93:49:d8,,true,false
3592,ae:15:a2:d3:12:f0,,false,false
3593,00:11:32:93:49:d8,CBJR,true,false
3594,22:11:32:93:49:d8,CBJRGuest,true,false
3595,16:11:32:93:49:d8,,true,false
3600,ae:15:a2:d3:12:f0,,false,false
3601,00:11:32:93:49:d8,CBJR,true,false
3602,22:11:32:93:49:d8,CBJRGuest,true,false
3603,16:11:32:93:49:d8,,true,false
3604,ae:15:a2:d3:12:f0,,false,false
3605,00:11:32:93:49:d8,CBJR,true,false
3606,16:11:32:93:49:d8,,true,false
3607,ae:15:a2:d3:12:f0,,false,false
3608,00:11:32:93:49:d8,CBJR,true,false
3609,22:11:32:93:49:d8,CBJRGuest,true,false
3610,16:11:32:93:49:d8,,true,false
3611,ae:15:a2:d3:12:f0,,false,false
3612,00:11:32:93:49:d8,CBJR,true,false
3613,ae:15:a2:d3:12:f0,,false,false
3614,00:11:32:93:49:d8,CBJR,true,false
3615,22:11:32:93:49:d8,CBJRGuest,true,false
3616,16:11:32:93:49:d8,,true,false
3617,ae:15:a2:d3:12:f0,,false,false
3618,00:11:32:93:49:d8,CBJR,true,false
3619,22:11:32:93:49:d8,CBJRGuest,true,false
3620,16:11:32:93:49:d8,,true,false
3621,ae:15:a2:d3:12:f0,,false,false
3622,ae:15:a2:d3:12:f0,,false,false
3623,16:11:32:93:49:d8,,true,false
3624,ae:15:a2:d3:12:f0,,false,false
3625,00:11:32:93:49:d8,CBJR,true,false
3627,ae:15:a2:d3:12:f0,,false,false
3628,ae:15:a2:d3:12:f0,,false,false
3629,ae:15:a2:d3:12:f0,,false,false
3630,ae:15:a2:d3:12:f0,,false,false
3631,ae:15:a2:d3:12:f0,,false,false
3632,ae:15:a2:d3:12:f0,,false,false
3633,22:11:32:93:49:d8,CBJRGuest,true,false
3634,ae:15:a2:d3:12:f0,,false,false
3635,00:11:32:93:49:d8,CBJR,true,false
3636,22:11:32:93:49:d8,CBJRGuest,true,false
3637,ae:15:a2:d3:12:f0,,false,false
3638,00:11:32:93:49:d8,CBJR,true,false
3639,ae:15:a2:d3:12:f0,,false,false
3640,ae:15:a2:d3:12:f0,,false,false
3641,00:11:32:93:49:d8,CBJR,true,false
3642,22:11:32:93:49:d8,CBJRGuest,true,false
3643,16:11:32:93:49:d8,,true,false
3645,ae:15:a2:d3:12:f0,,false,false
3646,00:11:32:93:49:d8,CBJR,true,false
3647,22:11:32:93:49:d8,CBJRGuest,true,false
3648,16:11:32:93:49:d8,,true,false
3649,ae:15:a2:d3:12:f0,,false,false
3650,00:11:32:93:49:d8,CBJR,true,false
3651,ae:15:a2:d3:12:f0,,false,false
3652,ae:15:a2:d3:12:f0,,false,false
3653,00:11:32:93:49:d8,CBJR,true,false
3654,22:11:32:93:49:d8,CBJRGuest,true,false
3655,16:11:32:93:49:d8,,true,false
3656,ae:15:a2:d3:12:f0,,false,false
3657,22:11:32:93:49:d8,CBJRGuest,true,false
3658,ae:15:a2:d3:12:f0,,false,false
3659,00:11:32:93:49:d8,CBJR,true,false
3660,ae:15:a2:d3:12:f0,,false,false
3661,00:11:32:93:49:d8,CBJR,true,false
3662,22:11:32:93:49:d8,CBJRGuest,true,false
3663,ae:15:a2:d3:12:f0,,false,false
3664,00:11:32:93:49:d8,CBJR,true,false
3665,22:11:32:93:49:d8,CBJRGuest,true,false
3666,16:11:32:93:49:d8,,true,false
3667,ae:15:a2:d3:12:f0,,false,false
3668,00:11:32:93:49:d8,CBJR,true,false
3669,ae:15:a2:d3:12:f0,,false,false
3670,00:11:32:93:49:d8,CBJR,true,false
3671,22:11:32:93:49:d8,CBJRGuest,true,false
3673,ae:15:a2:d3:12:f0,,false,false
3674,00:11:32:93:49:d8,CBJR,true,false
3675,22:11:32:93:49:d8,CBJRGuest,true,false
3676,ae:15:a2:d3:12:f0,,false,false
3677,00:11:32:93:49:d8,CBJR,true,false
3678,22:11:32:93:49:d8,CBJRGuest,true,false
3679,16:11:32:93:49:d8,,true,false
3680,ae:15:a2:d3:12:f0,,false,false
3681,ae:15:a2:d3:12:f0,,false,false
3682,00:11:32:93:49:d8,CBJR,true,false
3683,22:11:32:93:49:d8,CBJRGuest,true,false
3684,ae:15:a2:d3:12:f0,,false,false
3685,22:11:32:93:49:d8,CBJRGuest,true,false
3686,ae:15:a2:d3:12:f0,,false,false
3687,ae:15:a2:d3:12:f0,,false,false
3688,22:11:32:93:49:d8,CBJRGuest,true,false
3689,16:11:32:93:49:d8,,true,false
3690,ae:15:a2:d3:12:f0,,false,false
3691,00:11:32:93:49:d8,CBJR,true,false
3693,ae:15:a2:d3:12:f0,,false,false
3694,ae:15:a2:d3:12:f0,,false,false
3695,00:11:32:93:49:d8,CBJR,true,false
3696,16:11:32:93:49:d8,,true,false
3697,ae:15:a2:d3:12:f0,,false,false
3698,00:11:32:93:49:d8,CBJR,true,false
3699,22:11:32:93:49:d8,CBJRGuest,true,false
3700,16:11:32:93:49:d8,,true,false
3701,ae:15:a2:d3:12:f0,,false,false
3702,00:11:32:93:49:d8,CBJR,true,false
3703,22:11:32:93:49:d8,CBJRGuest,true,false
3704,ae:15:a2:d3:12:f0,,false,false
3705,00:11:32:93:49:d8,CBJR,true,false
3706,ae:15:a2:d3:12:f0,,false,false
3707,00:11:32:93:49:d8,CBJR,true,false
3708,16:11:32:93:49:d8,,true,false
3709,ae:15:a2:d3:12:f0,,false,false
3710,22:11:32:93:49:d8,CBJRGuest,true,false
3711,ae:15:a2:d3:12:f0,,false,false
3712,16:11:32:93:49:d8,,true,false
3713,ae:15:a2:d3:12:f0,,false,false
3714,00:11:32:93:49:d8,CBJR,true,false
3715,22:11:32:93:49:d8,CBJRGuest,true,false
3716,16:11:32:93:49:d8,,true,false
3717,ae:15:a2:d3:12:f0,,false,false
3718,22:11:32:93:49:d8,CBJRGuest,true,false
3719,ae:15:a2:d3:12:f0,,false,false
3720,ae:15:a2:d3:12:f0,,false,false
3721,00:11:32:93:49:d8,CBJR,true,false
3722,22:11:32:93:49:d8,CBJRGuest,true,false
3724,ae:15:a2:d3:12:f0,,false,false
3725,00:11:32:93:49:d8,CBJR,true,false
3726,16:11:32:93:49:d8,,true,false
3728,ae:15:a2:d3:12:f0,,false,false
3729,00:11:32:93:49:d8,CBJR,true,false
3730,22:11:32:93:49:d8,CBJRGuest,true,false
3731,ae:15:a2:d3:12:f0,,false,false
3732,00:11:32:93:49:d8,CBJR,true,false
3733,22:11:32:93:49:d8,CBJRGuest,true,false
3734,16:11:32:93:49:d8,,true,false
3735,ae:15:a2:d3:12:f0,,false,false
3736,22:11:32:93:49:d8,CBJRGuest,true,false
3737,ae:15:a2:d3:12:f0,,false,false
3738,ae:15:a2:d3:12:f0,,false,false
3739,00:11:32:93:49:d8,CBJR,true,false
3740,22:11:32:93:49:d8,CBJRGuest,true,false
3741,16:11:32:93:49:d8,,true,false
3742,ae:15:a2:d3:12:f0,,false,false
3743,00:11:32:93:49:d8,CBJR,true,false
3744,22:11:32:93:49:d8,CBJRGuest,true,false
3745,16:11:32:93:49:d8,,true,false
3746,ae:15:a2:d3:12:f0,,false,false
3747,00:11:32:93:49:d8,CBJR,true,false
3748,ae:15:a2:d3:12:f0,,false,false
3749,00:11:32:93:49:d8,CBJR,true,false
3750,22:11:32:93:49:d8,CBJRGuest,true,false
3751,16:11:32:93:49:d8,,true,false
3752,ae:15:a2:d3:12:f0,,false,false
3753,00:11:32:93:49:d8,CBJR,true,false
3754,22:11:32:93:49:d8,CBJRGuest,true,false
3755,16:11:32:93:49:d8,,true,false
3756,ae:15:a2:d3:12:f0,,false,false
3757,00:11:32:93:49:d8,CBJR,true,false
3758,ae:15:a2:d3:12:f0,,false,false
3759,00:11:32:93:49:d8,CBJR,true,false
3760,22:11:32:93:49:d8,CBJRGuest,true,false
3761,16:11:32:93:49:d8,,true,false
3763,ae:15:a2:d3:12:f0,,false,false
3764,00:11:32:93:49:d8,CBJR,true,false
3765,22:11:32:93:49:d8,CBJRGuest,true,false
3766,16:11:32:93:49:d8,,true,false
3769,ae:15:a2:d3:12:f0,,false,false
3770,ae:15:a2:d3:12:f0,,false,false
3771,16:11:32:93:49:d8,,true,false
3772,ae:15:a2:d3:12:f0,,false,false
3773,00:11:32:93:49:d8,CBJR,true,false
3774,22:11:32:93:49:d8,CBJRGuest,true,false
3775,16:11:32:93:49:d8,,true,false
3776,ae:15:a2:d3:12:f0,,false,false
3777,00:11:32:93:49:d8,CBJR,true,false
3778,22:11:32:93:49:d8,CBJRGuest,true,false
3779,ae:15:a2:d3:12:f0,,false,false
3780,00:11:32:93:49:d8,CBJR,true,false
3781,ae:15:a2:d3:12:f0,,false,false
3782,00:11:32:93:49:d8,CBJR,true,false
3784,ae:15:a2:d3:12:f0,,false,false
3785,22:11:32:93:49:d8,CBJRGuest,true,false
3786,ae:15:a2:d3:12:f0,,false,false
3787,00:11:32:93:49:d8,CBJR,true,false
3788,22:11:32:93:49:d8,CBJRGuest,true,false
3789,ae:15:a2:d3:12:f0,,false,false
3790,00:11:32:93:49:d8,CBJR,true,false
3791,ae:15:a2:d3:12:f0,,false,false
3792,ae:15:a2:d3:12:f0,,false,false
3793,ae:15:a2:d3:12:f0,,false,false
3794,00:11:32:93:49:d8,CBJR,true,false
3795,22:11:32:93:49:d8,CBJRGuest,true,false
3796,ae:15:a2:d3:12:f0,,false,false
3797,00:11:32:93:49:d8,CBJR,true,false
3798,22:11:32:93:49:d8,CBJRGuest,true,false
3808,ae:15:a2:d3:12:f0,,false,false
3809,22:11:32:93:49:d8,CBJRGuest,true,false
3810,16:11:32:93:49:d8,,true,false
3812,ae:15:a2:d3:12:f0,,false,false
3813,00:11:32:93:49:d8,CBJR,true,false
3814,22:11:32:93:49:d8,CBJRGuest,true,false
3815,16:11:32:93:49:d8,,true,false
3816,ae:15:a2:d3:12:f0,,false,false
3817,00:11:32:93:49:d8,CBJR,true,false
3818,22:11:32:93:49:d8,CBJRGuest,true,false
3819,16:11:32:93:49:d8,,true,false
3821,ae:15:a2:d3:12:f0,,false,false
3822,00:11:32:93:49:d8,CBJR,true,false
3823,22:11:32:93:49:d8,CBJRGuest,true,false
3824,16:11:32:93:49:d8,,true,false
3825,ae:15:a2:d3:12:f0,,false,false
3826,22:11:32:93:49:d8,CBJRGuest,true,false
3827,ae:15:a2:d3:12:f0,,false,false
3828,ae:15:a2:d3:12:f0,,false,false
3829,22:11:32:93:49:d8,CBJRGuest,true,false
3830,16:11:32:93:49:d8,,true,false
3831,ae:15:a2:d3:12:f0,,false,false
3832,00:11:32:93:49:d8,CBJR,true,false
3834,ae:15:a2:d3:12:f0,,false,false
3835,22:11:32:93:49:d8,CBJRGuest,true,false
3836,ae:15:a2:d3:12:f0,,false,false
3837,00:11:32:93:49:d8,CBJR,true,false
3838,22:11:32:93:49:d8,CBJRGuest,true,false
3839,16:11:32:93:49:d8,,true,false
3840,ae:15:a2:d3:12:f0,,false,false
3841,00:11:32:93:49:d8,CBJR,true,false
3842,22:11:32:93:49:d8,CBJRGuest,true,false
3843,16:11:32:93:49:d8,,true,false
3845,ae:15:a2:d3:12:f0,,false,false
3846,00:11:32:93:49:d8,CBJR,true,false
3847,ae:15:a2:d3:12:f0,,false,false
3848,00:11:32:93:49:d8,CBJR,true,false
3849,22:11:32:93:49:d8,CBJRGuest,true,false
3851,ae:15:a2:d3:12:f0,,false,false
3852,00:11:32:93:49:d8,CBJR,true,false
3853,16:11:32:93:49:d8,,true,false
3854,ae:15:a2:d3:12:f0,,false,false
3855,00:11:32:93:49:d8,CBJR,true,false
3856,22:11:32:93:49:d8,CBJRGuest,true,false
3857,ae:15:a2:d3:12:f0,,false,false
3858,ae:15:a2:d3:12:f0,,false,false
3859,00:11:32:93:49:d8,CBJR,true,false
3860,22:11:32:93:49:d8,CBJRGuest,true,false
3861,ae:15:a2:d3:12:f0,,false,false
3862,22:11:32:93:49:d8,CBJRGuest,true,false
3863,16:11:32:93:49:d8,,true,false
3864,ae:15:a2:d3:12:f0,,false,false
3865,00:11:32:93:49:d8,CBJR,true,false
3866,22:11:32:93:49:d8,CBJRGuest,true,false
3867,ae:15:a2:d3:12:f0,,false,false
3868,22:11:32:93:49:d8,CBJRGuest,true,false
3869,ae:15:a2:d3:12:f0,,false,false
3870,00:11:32:93:49:d8,CBJR,true,false
3871,ae:15:a2:d3:12:f0,,false,false
3872,22:11:32:93:49:d8,CBJRGuest,true,false
3873,16:11:32:93:49:d8,,true,false
3874,ae:15:a2:d3:12:f0,,false,false
3876,ae:15:a2:d3:12:f0,,false,false
3877,00:11:32:93:49:d8,CBJR,true,false
3878,22:11:32:93:49:d8,CBJRGuest,true,false
3879,ae:15:a2:d3:12:f0,,false,false
3880,00:11:32:93:49:d8,CBJR,true,false
3882,ae:15:a2:d3:12:f0,,false,false
3883,22:11:32:93:49:d8,CBJRGuest,true,false
3884,ae:15:a2:d3:12:f0,,false,false
3885,00:11:32:93:49:d8,CBJR,true,false
3886,16:11:32:93:49:d8,,true,false
3887,ae:15:a2:d3:12:f0,,false,false
3888,00:11:32:93:49:d8,CBJR,true,false
3889,22:11:32:93:49:d8,CBJRGuest,true,false
3890,16:11:32:93:49:d8,,true,false
3891,ae:15:a2:d3:12:f0,,false,false
3892,00:11:32:93:49:d8,CBJR,true,false
3893,ae:15:a2:d3:12:f0,,false,false
3894,ae:15:a2:d3:12:f0,,false,false
3895,00:11:32:93:49:d8,CBJR,true,false
3896,22:11:32:93:49:d8,CBJRGuest,true,false
3897,16:11:32:93:49:d8,,true,false
3898,ae:15:a2:d3:12:f0,,false,false
3899,22:11:32:93:49:d8,CBJRGuest,true,false
3900,ae:15:a2:d3:12:f0,,false,false
3901,00:11:32:93:49:d8,CBJR,true,false
3902,16:11:32:93:49:d8,,true,false
3903,ae:15:a2:d3:12:f0,,false,false
3904,22:11:32:93:49:d8,CBJRGuest,true,false
3905,ae:15:a2:d3:12:f0,,false,false
3907,ae:15:a2:d3:12:f0,,false,false
3908,00:11:32:93:49:d8,CBJR,true,false
3910,ae:15:a2:d3:12:f0,,false,false
3911,00:11:32:93:49:d8,CBJR,true,false
3913,ae:15:a2:d3:12:f0,,false,false
3916,ae:15:a2:d3:12:f0,,false,false
3917,ae:15:a2:d3:12:f0,,false,false
3918,22:11:32:93:49:d8,CBJRGuest,true,false
3919,ae:15:a2:d3:12:f0,,false,false
3920,00:11:32:93:49:d8,CBJR,true,false
3921,22:11:32:93:49:d8,CBJRGuest,true,false
3922,16:11:32:93:49:d8,,true,false
3923,ae:15:a2:d3:12:f0,,false,false
3924,00:11:32:93:49:d8,CBJR,true,false
3926,ae:15:a2:d3:12:f0,,false,false
3927,00:11:32:93:49:d8,CBJR,true,false
3928,16:11:32:93:49:d8,,true,false
3929,ae:15:a2:d3:12:f0,,false,false
3930,22:11:32:93:49:d8,CBJRGuest,true,false
3931,ae:15:a2:d3:12:f0,,false,false
3933,ae:15:a2:d3:12:f0,,false,false
3934,00:11:32:93:49:d8,CBJR,true,false
3935,16:11:32:93:49:d8,,true,false
3936,ae:15:a2:d3:12:f0,,false,false
3937,22:11:32:93:49:d8,CBJRGuest,true,false
3938,16:11:32:93:49:d8,,true,false
3939,ae:15:a2:d3:12:f0,,false,false
3940,00:11:32:93:49:d8,CBJR,true,false
3941,22:11:32:93:49:d8,CBJRGuest,true,false
3942,ae:15:a2:d3:12:f0,,false,false
3943,00:11:32:93:49:d8,CBJR,true,false
3944,22:11:32:93:49:d8,CBJRGuest,true,false
3945,ae:15:a2:d3:12:f0,,false,false
3946,00:11:32:93:49:d8,CBJR,true,false
3947,ae:15:a2:d3:12:f0,,false,false
3948,22:11:32:93:49:d8,CBJRGuest,true,false
3949,ae:15:a2:d3:12:f0,,false,false
3950,00:11:32:93:49:d8,CBJR,true,false
3952,ae:15:a2:d3:12:f0,,false,false
3953,00:11:32:93:49:d8,CBJR,true,false
3954,22:11:32:93:49:d8,CBJRGuest,true,false
3956,ae:15:a2:d3:12:f0,,false,false
3957,22:11:32:93:49:d8,CBJRGuest,true,false
3958,ae:15:a2:d3:12:f0,,false,false
3959,00:11:32:93:49:d8,CBJR,true,false
3960,22:11:32:93:49:d8,CBJRGuest,true,false
3961,16:11:32:93:49:d8,,true,false
3962,ae:15:a2:d3:12:f0,,false,false
3963,22:11:32:93:49:d8,CBJRGuest,true,false
3964,22:11:32:93:49:d8,CBJRGuest,true,false
3965,16:11:32:93:49:d8,,true,false
3966,ae:15:a2:d3:12:f0,,false,false
3967,ae:15:a2:d3:12:f0,,false,false
3968,16:11:32:93:49:d8,,true,false
3970,ae:15:a2:d3:12:f0,,false,false
3971,ae:15:a2:d3:12:f0,,false,false
3972,ae:15:a2:d3:12:f0,,false,false
3973,ae:15:a2:d3:12:f0,,false,false
3974,16:11:32:93:49:d8,,true,false
3975,ae:15:a2:d3:12:f0,,false,false
3976,00:11:32:93:49:d8,CBJR,true,false
3977,22:11:32:93:49:d8,CBJRGuest,true,false
3978,16:11:32:93:49:d8,,true,false
3980,00:11:32:93:49:d8,CBJR,true,false
3981,22:11:32:93:49:d8,CBJRGuest,true,false
3982,ae:15:a2:d3:12:f0,,false,false
3983,00:11:32:93:49:d8,CBJR,true,false
3984,ae:15:a2:d3:12:f0,,false,false
3985,00:11:32:93:49:d8,CBJR,true,false
3986,16:11:32:93:49:d8,,true,false
3987,ae:15:a2:d3:12:f0,,false,false
3988,22:11:32:93:49:d8,CBJRGuest,true,false
3989,ae:15:a2:d3:12:f0,,false,false
3990,22:11:32:93:49:d8,CBJRGuest,true,false
3991,ae:15:a2:d3:12:f0,,false,false
3992,00:11:32:93:49:d8,CBJR,true,false
3993,ae:15:a2:d3:12:f0,,false,false
3994,00:11:32:93:49:d8,CBJR,true,false
3995,22:11:32:93:49:d8,CBJRGuest,true,false
3996,16:11:32:93:49:d8,,true,false
3998,ae:15:a2:d3:12:f0,,false,false
3999,22:11:32:93:49:d8,CBJRGuest,true,false
4000,ae:15:a2:d3:12:f0,,false,false
4001,22:11:32:93:49:d8,CBJRGuest,true,false
4003,00:11:32:93:49:d8,CBJR,true,false
4004,22:11:32:93:49:d8,CBJRGuest,true,false
4005,ae:15:a2:d3:12:f0,,false,false
4006,22:11:32:93:49:d8,CBJRGuest,true,false
4007,16:11:32:93:49:d8,,true,false
4008,ae:15:a2:d3:12:f0,,false,false
4009,00:11:32:93:49:d8,CBJR,true,false
4010,16:11:32:93:49:d8,,true,false
4011,ae:15:a2:d3:12:f0,,false,false
4012,22:11:32:93:49:d8,CBJRGuest,true,false
4013,ae:15:a2:d3:12:f0,,false,false
4014,00:11:32:93:49:d8,CBJR,true,false
4015,ae:15:a2:d3:12:f0,,false,false
4016,22:11:32:93:49:d8,CBJRGuest,true,false
4017,16:11:32:93:49:d8,,true,false
4018,ae:15:a2:d3:12:f0,,false,false
4020,ae:15:a2:d3:12:f0,,false,false
4021,22:11:32:93:49:d8,CBJRGuest,true,false
4022,16:11:32:93:49:d8,,true,false
4023,ae:15:a2:d3:12:f0,,false,false
4024,00:11:32:93:49:d8,CBJR,true,false
4025,22:11:32:93:49:d8,CBJRGuest,true,false
4026,16:11:32:93:49:d8,,true,false
4027,ae:15:a2:d3:12:f0,,false,false
4028,22:11:32:93:49:d8,CBJRGuest,true,false
4029,16:11:32:93:49:d8,,true,false
4030,ae:15:a2:d3:12:f0,,false,false
4031,16:11:32:93:49:d8,,true,false
4033,ae:15:a2:d3:12:f0,,false,false
4034,22:11:32:93:49:d8,CBJRGuest,true,false
4035,ae:15:a2:d3:12:f0,,false,false
4036,00:11:32:93:49:d8,CBJR,true,false
4037,22:11:32:93:49:d8,CBJRGuest,true,false
4038,ae:15:a2:d3:12:f0,,false,false
4039,ae:15:a2:d3:12:f0,,false,false
4040,00:11:32:93:49:d8,CBJR,true,false
4041,16:11:32:93:49:d8,,true,false
4042,ae:15:a2:d3:12:f0,,false,false
4043,00:11:32:93:49:d8,CBJR,true,false
4044,22:11:32:93:49:d8,CBJRGuest,true,false
4045,16:11:32:93:49:d8,,true,false
4046,ae:15:a2:d3:12:f0,,false,false
4047,00:11:32:93:49:d8,CBJR,true,false
4048,22:11:32:93:49:d8,CBJRGuest,true,false
4050,ae:15:a2:d3:12:f0,,false,false
4051,00:11:32:93:49:d8,CBJR,true,false
4052,ae:15:a2:d3:12:f0,,false,false
4053,00:11:32:93:49:d8,CBJR,true,false
4054,16:11:32:93:49:d8,,true,false
4055,ae:15:a2:d3:12:f0,,false,false
4056,00:11:32:93:49:d8,CBJR,true,false
4057,22:11:32:93:49:d8,CBJRGuest,true,false
4058,ae:15:a2:d3:12:f0,,false,false
4059,00:11:32:93:49:d8,CBJR,true,false
4060,22:11:32:93:49:d8,CBJRGuest,true,false
4061,ae:15:a2:d3:12:f0,,false,false
4062,00:11:32:93:49:d8,CBJR,true,false
4064,00:11:32:93:49:d8,CBJR,true,false
4065,22:11:32:93:49:d8,CBJRGuest,true,false
4066,16:11:32:93:49:d8,,true,false
4068,00:11:32:93:49:d8,CBJR,true,false
4069,ae:15:a2:d3:12:f0,,false,false
4070,00:11:32:93:49:d8,CBJR,true,false
4071,22:11:32:93:49:d8,CBJRGuest,true,false
4072,16:11:32:93:49:d8,,true,false
4073,ae:15:a2:d3:12:f0,,false,false
4074,00:11:32:93:49:d8,CBJR,true,false
4075,22:11:32:93:49:d8,CBJRGuest,true,false
4076,16:11:32:93:49:d8,,true,false
4078,ae:15:a2:d3:12:f0,,false,false
4079,00:11:32:93:49:d8,CBJR,true,false
4080,ae:15:a2:d3:12:f0,,false,false
4081,22:11:32:93:49:d8,CBJRGuest,true,false
4082,00:11:32:93:49:d8,CBJR,true,false
4083,16:11:32:93:49:d8,,true,false
4084,ae:15:a2:d3:12:f0,,false,false
4085,16:11:32:93:49:d8,,true,false
4088,00:11:32:93:49:d8,CBJR,true,false
4089,22:11:32:93:49:d8,CBJRGuest,true,false
4090,16:11:32:93:49:d8,,true,false
4091,ae:15:a2:d3:12:f0,,false,false
4092,00:11:32:93:49:d8,CBJR,true,false
4093,22:11:32:93:49:d8,CBJRGuest,true,false
4094,16:11:32:93:49:d8,,true,false
4095,24:95:04:db:3c:4c,SFR_3C48,true,false
4096,24:95:04:db:3c:4c,SFR_3C48,true,false
4097,24:95:04:db:3c:4c,SFR_3C48,true,false
4098,24:95:04:db:3c:4c,SFR_3C48,true,false
4099,24:95:04:db:3c:4c,SFR_3C48,true,false
4100,24:95:04:db:3c:4c,SFR_3C48,true,false
4101,24:95:04:db:3c:4c,SFR_3C48,true,false
4102,24:95:04:db:3c:4c,SFR_3C48,true,false
4103,24:95:04:db:3c:4c,SFR_3C48,true,false
4104,24:95:04:db:3c:4c,SFR_3C48,true,false
4105,24:95:04:db:3c:4c,SFR_3C48,true,false
4106,24:95:04:db:3c:4c,SFR_3C48,true,false
4107,24:95:04:db:3c:4c,SFR_3C48,true,false
4108,24:95:04:db:3c:4c,SFR_3C48,true,false
4109,24:95:04:db:3c:4c,SFR_3C48,true,false
4110,24:95:04:db:3c:4c,SFR_3C48,true,false
4111,24:95:04:db:3c:4c,SFR_3C48,true,false
4112,24:95:04:db:3c:4c,SFR_3C48,true,false
4113,24:95:04:db:3c:4c,SFR_3C48,true,false
4114,24:95:04:db:3c:4c,SFR_3C48,true,false
4115,24:95:04:db:3c:4c,SFR_3C48,true,false
4116,24:95:04:db:3c:4c,SFR_3C48,true,false
4117,24:95:04:db:3c:4c,SFR_3C48,true,false
4118,24:95:04:db:3c:4c,SFR_3C48,true,false
4119,24:95:04:db:3c:4c,SFR_3C48,true,false
4120,24:95:04:db:3c:4c,SFR_3C48,true,false
4121,24:95:04:db:3c:4c,SFR_3C48,true,false
4122,24:95:04:db:3c:4c,SFR_3C48,true,false
4123,24:95:04:db:3c:4c,SFR_3C48,true,false
4124,24:95:04:db:3c:4c,SFR_3C48,true,false
4125,24:95:04:db:3c:4c,SFR_3C48,true,false
4126,24:95:04:db:3c:4c,SFR_3C48,true,false
4127,24:95:04:db:3c:4c,SFR_3C48,true,false
4128,24:95:04:db:3c:4c,SFR_3C48,true,false
4129,24:95:04:db:3c:4c,SFR_3C48,true,false
4130,24:95:04:db:3c:4c,SFR_3C48,true,false
4131,24:95:04:db:3c:4c,SFR_3C48,true,false
4132,24:95:04:db:3c:4c,SFR_3C48,true,false
4133,24:95:04:db:3c:4c,SFR_3C48,true,false
4134,24:95:04:db:3c:4c,SFR_3C48,true,false
4135,24:95:04:db:3c:4c,SFR_3C48,true,false
4136,24:95:04:db:3c:4c,SFR_3C48,true,false
4137,24:95:04:db:3c:4c,SFR_3C48,true,false
4148,24:95:04:db:3c:4c,SFR_3C48,true,false
4149,24:95:04:db:3c:4c,SFR_3C48,true,false
4150,24:95:04:db:3c:4c,SFR_3C48,true,false
4151,24:95:04:db:3c:4c,SFR_3C48,true,false
4152,24:95:04:db:3c:4c,SFR_3C48,true,false
4153,24:95:04:db:3c:4c,SFR_3C48,true,false
4154,24:95:04:db:3c:4c,SFR_3C48,true,false
4155,24:95:04:db:3c:4c,SFR_3C48,true,false
4156,24:95:04:db:3c:4c,SFR_3C48,true,false
4157,24:95:04:db:3c:4c,SFR_3C48,true,false
4158,24:95:04:db:3c:4c,SFR_3C48,true,false
4159,24:95:04:db:3c:4c,SFR_3C48,true,false
4160,24:95:04:db:3c:4c,SFR_3C48,true,false
4161,24:95:04:db:3c:4c,SFR_3C48,true,false
4162,24:95:04:db:3c:4c,SFR_3C48,true,false
4163,24:95:04:db:3c:4c,SFR_3C48,true,false
4164,24:95:04:db:3c:4c,SFR_3C48,true,false
4165,24:95:04:db:3c:4c,SFR_3C48,true,false
4166,24:95:04:db:3c:4c,SFR_3C48,true,false
4167,24:95:04:db:3c:4c,SFR_3C48,true,false
4168,24:95:04:db:3c:4c,SFR_3C48,true,false
4169,24:95:04:db:3c:4c,SFR_3C48,true,false
4170,24:95:04:db:3c:4c,SFR_3C48,true,false
4171,24:95:04:db:3c:4c,SFR_3C48,true,false
4172,24:95:04:db:3c:4c,SFR_3C48,true,false
4173,24:95:04:db:3c:4c,SFR_3C48,true,false
4174,24:95:04:db:3c:4c,SFR_3C48,true,false
4175,24:95:04:db:3c:4c,SFR_3C48,true,false
4176,24:95:04:db:3c:4c,SFR_3C48,true,false
4177,24:95:04:db:3c:4c,SFR_3C48,true,false
4178,24:95:04:db:3c:4c,SFR_3C48,true,false
4179,24:95:04:db:3c:4c,SFR_3C48,true,false
4180,24:95:04:db:3c:4c,SFR_3C48,true,false
4181,24:95:04:db:3c:4c,SFR_3C48,true,false
4182,24:95:04:db:3c:4c,SFR_3C48,true,false
4183,24:95:04:db:3c:4c,SFR_3C48,true,false
4184,24:95:04:db:3c:4c,SFR_3C48,true,false
4185,24:95:04:db:3c:4c,SFR_3C48,true,false
4186,24:95:04:db:3c:4c,SFR_3C48,true,false
4187,24:95:04:db:3c:4c,SFR_3C48,true,false
4188,24:95:04:db:3c:4c,SFR_3C48,true,false
4189,24:95:04:db:3c:4c,SFR_3C48,true,false
4190,24:95:04:db:3c:4c,SFR_3C48,true,false
4191,24:95:04:db:3c:4c,SFR_3C48,true,false
4192,24:95:04:db:3c:4c,SFR_3C48,true,false
4193,24:95:04:db:3c:4c,SFR_3C48,true,false
4194,24:95:04:db:3c:4c,SFR_3C48,true,false
4195,24:95:04:db:3c:4c,SFR_3C48,true,false
4196,24:95:04:db:3c:4c,SFR_3C48,true,false
4197,24:95:04:db:3c:4c,SFR_3C48,true,false
4198,24:95:04:db:3c:4c,SFR_3C48,true,false
4199,24:95:04:db:3c:4c,SFR_3C48,true,false
4200,24:95:04:db:3c:4c,SFR_3C48,true,false
4201,24:95:04:db:3c:4c,SFR_3C48,true,false
4202,24:95:04:db:3c:4c,SFR_3C48,true,false
4203,24:95:04:db:3c:4c,SFR_3C48,true,false
4204,24:95:04:db:3c:4c,SFR_3C48,true,false
4205,24:95:04:db:3c:4c,SFR_3C48,true,false
4206,24:95:04:db:3c:4c,SFR_3C48,true,false
4207,24:95:04:db:3c:4c,SFR_3C48,true,false
4208,24:95:04:db:3c:4c,SFR_3C48,true,false
4209,24:95:04:db:3c:4c,SFR_3C48,true,false
4210,24:95:04:db:3c:4c,SFR_3C48,true,false
4211,24:95:04:db:3c:4c,SFR_3C48,true,false
4212,24:95:04:db:3c:4c,SFR_3C48,true,false
4213,24:95:04:db:3c:4c,SFR_3C48,true,false
4214,24:95:04:db:3c:4c,SFR_3C48,true,false
4215,24:95:04:db:3c:4c,SFR_3C48,true,false
4216,24:95:04:db:3c:4c,SFR_3C48,true,false
4217,24:95:04:db:3c:4c,SFR_3C48,true,false
4218,24:95:04:db:3c:4c,SFR_3C48,true,false
4219,24:95:04:db:3c:4c,SFR_3C48,true,false
4220,24:95:04:db:3c:4c,SFR_3C48,true,false
4221,24:95:04:db:3c:4c,SFR_3C48,true,false
4222,24:95:04:db:3c:4c,SFR_3C48,true,false
4223,24:95:04:db:3c:4c,SFR_3C48,true,false
4224,24:95:04:db:3c:4c,SFR_3C48,true,false
4225,24:95:04:db:3c:4c,SFR_3C48,true,false
4226,24:95:04:db:3c:4c,SFR_3C48,true,false
4227,24:95:04:db:3c:4c,SFR_3C48,true,false
4228,24:95:04:db:3c:4c,SFR_3C48,true,false
4229,24:95:04:db:3c:4c,SFR_3C48,true,false
4236,24:95:04:db:3c:4c,SFR_3C48,true,false
4237,24:95:04:db:3c:4c,SFR_3C48,true,false
4238,24:95:04:db:3c:4c,SFR_3C48,true,false
4239,24:95:04:db:3c:4c,SFR_3C48,true,false
4240,24:95:04:db:3c:4c,SFR_3C48,true,false
4241,24:95:04:db:3c:4c,SFR_3C48,true,false
4242,24:95:04:db:3c:4c,SFR_3C48,true,false
4243,24:95:04:db:3c:4c,SFR_3C48,true,false
4244,24:95:04:db:3c:4c,SFR_3C48,true,false
4245,24:95:04:db:3c:4c,SFR_3C48,true,false
4246,24:95:04:db:3c:4c,SFR_3C48,true,false
4247,24:95:04:db:3c:4c,SFR_3C48,true,false
4248,24:95:04:db:3c:4c,SFR_3C48,true,false
4249,24:95:04:db:3c:4c,SFR_3C48,true,false
4250,24:95:04:db:3c:4c,SFR_3C48,true,false
4251,24:95:04:db:3c:4c,SFR_3C48,true,false
4252,24:95:04:db:3c:4c,SFR_3C48,true,false
4253,24:95:04:db:3c:4c,SFR_3C48,true,false
4254,24:95:04:db:3c:4c,SFR_3C48,true,false
4255,24:95:04:db:3c:4c,SFR_3C48,true,false
4256,24:95:04:db:3c:4c,SFR_3C48,true,false
4257,24:95:04:db:3c:4c,SFR_3C48,true,false
4258,24:95:04:db:3c:4c,SFR_3C48,true,false
4259,24:95:04:db:3c:4c,SFR_3C48,true,false
4260,24:95:04:db:3c:4c,SFR_3C48,true,false
4261,24:95:04:db:3c:4c,SFR_3C48,true,false
4262,24:95:04:db:3c:4c,SFR_3C48,true,false
4263,24:95:04:db:3c:4c,SFR_3C48,true,false
4264,24:95:04:db:3c:4c,SFR_3C48,true,false
4265,24:95:04:db:3c:4c,SFR_3C48,true,false
4266,24:95:04:db:3c:4c,SFR_3C48,true,false
4267,24:95:04:db:3c:4c,SFR_3C48,true,false
4268,24:95:04:db:3c:4c,SFR_3C48,true,false
4269,24:95:04:db:3c:4c,SFR_3C48,true,false
4270,24:95:04:db:3c:4c,SFR_3C48,true,false
4271,24:95:04:db:3c:4c,SFR_3C48,true,false
4272,24:95:04:db:3c:4c,SFR_3C48,true,false
4273,24:95:04:db:3c:4c,SFR_3C48,true,false
4274,24:95:04:db:3c:4c,SFR_3C48,true,false
4275,24:95:04:db:3c:4c,SFR_3C48,true,false
4276,24:95:04:db:3c:4c,SFR_3C48,true,false
4277,24:95:04:db:3c:4c,SFR_3C48,true,false
4278,24:95:04:db:3c:4c,SFR_3C48,true,false
4279,24:95:04:db:3c:4c,SFR_3C48,true,false
4280,24:95:04:db:3c:4c,SFR_3C48,true,false
4281,24:95:04:db:3c:4c,SFR_3C48,true,false
4282,24:95:04:db:3c:4c,SFR_3C48,true,false
4283,24:95:04:db:3c:4c,SFR_3C48,true,false
4284,24:95:04:db:3c:4c,SFR_3C48,true,false
4285,24:95:04:db:3c:4c,SFR_3C48,true,false
4286,24:95:04:db:3c:4c,SFR_3C48,true,false
4287,24:95:04:db:3c:4c,SFR_3C48,true,false
4288,24:95:04:db:3c:4c,SFR_3C48,true,false
4289,24:95:04:db:3c:4c,SFR_3C48,true,false
4290,24:95:04:db:3c:4c,SFR_3C48,true,false
4291,24:95:04:db:3c:4c,SFR_3C48,true,false
4292,24:95:04:db:3c:4c,SFR_3C48,true,false
4293,24:95:04:db:3c:4c,SFR_3C48,true,false
4294,24:95:04:db:3c:4c,SFR_3C48,true,false
4295,24:95:04:db:3c:4c,SFR_3C48,true,false
4296,24:95:04:db:3c:4c,SFR_3C48,true,false
4297,24:95:04:db:3c:4c,SFR_3C48,true,false
4298,24:95:04:db:3c:4c,SFR_3C48,true,false
4299,24:95:04:db:3c:4c,SFR_3C48,true,false
4300,24:95:04:db:3c:4c,SFR_3C48,true,false
4302,24:95:04:db:3c:4c,SFR_3C48,true,false
4303,24:95:04:db:3c:4c,SFR_3C48,true,false
4304,24:95:04:db:3c:4c,SFR_3C48,true,false
4305,24:95:04:db:3c:4c,SFR_3C48,true,false
4306,24:95:04:db:3c:4c,SFR_3C48,true,false
4307,24:95:04:db:3c:4c,SFR_3C48,true,false
4308,24:95:04:db:3c:4c,SFR_3C48,true,false
4309,24:95:04:db:3c:4c,SFR_3C48,true,false
4310,24:95:04:db:3c:4c,SFR_3C48,true,false
4311,24:95:04:db:3c:4c,SFR_3C48,true,false
4312,24:95:04:db:3c:4c,SFR_3C48,true,false
4313,24:95:04:db:3c:4c,SFR_3C48,true,false
4314,24:95:04:db:3c:4c,SFR_3C48,true,false
4315,24:95:04:db:3c:4c,SFR_3C48,true,false
4317,24:95:04:db:3c:4c,SFR_3C48,true,false
4320,24:95:04:db:3c:4c,SFR_3C48,true,false
4321,24:95:04:db:3c:4c,SFR_3C48,true,false
4322,24:95:04:db:3c:4c,SFR_3C48,true,false
4323,24:95:04:db:3c:4c,SFR_3C48,true,false
4324,24:95:04:db:3c:4c,SFR_3C48,true,false
4325,24:95:04:db:3c:4c,SFR_3C48,true,false
4326,24:95:04:db:3c:4c,SFR_3C48,true,false
4327,24:95:04:db:3c:4c,SFR_3C48,true,false
4328,24:95:04:db:3c:4c,SFR_3C48,true,false
4329,24:95:04:db:3c:4c,SFR_3C48,true,false
4330,24:95:04:db:3c:4c,SFR_3C48,true,false
4331,24:95:04:db:3c:4c,SFR_3C48,true,false
4332,24:95:04:db:3c:4c,SFR_3C48,true,false
4333,24:95:04:db:3c:4c,SFR_3C48,true,false
4334,24:95:04:db:3c:4c,SFR_3C48,true,false
4335,24:95:04:db:3c:4c,SFR_3C48,true,false
4336,24:95:04:db:3c:4c,SFR_3C48,true,false
4337,24:95:04:db:3c:4c,SFR_3C48,true,false
4338,24:95:04:db:3c:4c,SFR_3C48,true,false
4339,24:95:04:db:3c:4c,SFR_3C48,true,false
4340,24:95:04:db:3c:4c,SFR_3C48,true,false
4341,24:95:04:db:3c:4c,SFR_3C48,true,false
4342,24:95:04:db:3c:4c,SFR_3C48,true,false
4343,24:95:04:db:3c:4c,SFR_3C48,true,false
4344,24:95:04:db:3c:4c,SFR_3C48,true,false
4345,24:95:04:db:3c:4c,SFR_3C48,true,false
4346,24:95:04:db:3c:4c,SFR_3C48,true,false
4347,24:95:04:db:3c:4c,SFR_3C48,true,false
4348,24:95:04:db:3c:4c,SFR_3C48,true,false
4349,24:95:04:db:3c:4c,SFR_3C48,true,false
4350,24:95:04:db:3c:4c,SFR_3C48,true,false
4351,24:95:04:db:3c:4c,SFR_3C48,true,false
4352,24:95:04:db:3c:4c,SFR_3C48,true,false
4353,24:95:04:db:3c:4c,SFR_3C48,true,false
4354,24:95:04:db:3c:4c,SFR_3C48,true,false
4355,24:95:04:db:3c:4c,SFR_3C48,true,false
4356,24:95:04:db:3c:4c,SFR_3C48,true,false
4357,24:95:04:db:3c:4c,SFR_3C48,true,false
4358,24:95:04:db:3c:4c,SFR_3C48,true,false
4359,24:95:04:db:3c:4c,SFR_3C48,true,false
4360,24:95:04:db:3c:4c,SFR_3C48,true,false
4362,24:95:04:db:3c:4c,SFR_3C48,true,false
4363,24:95:04:db:3c:4c,SFR_3C48,true,false
4364,24:95:04:db:3c:4c,SFR_3C48,true,false
4365,24:95:04:db:3c:4c,SFR_3C48,true,false
4366,24:95:04:db:3c:4c,SFR_3C48,true,false
4367,24:95:04:db:3c:4c,SFR_3C48,true,false
4368,24:95:04:db:3c:4c,SFR_3C48,true,false
4369,24:95:04:db:3c:4c,SFR_3C48,true,false
4370,24:95:04:db:3c:4c,SFR_3C48,true,false
4371,24:95:04:db:3c:4c,SFR_3C48,true,false
4372,24:95:04:db:3c:4c,SFR_3C48,true,false
4373,24:95:04:db:3c:4c,SFR_3C48,true,false
4374,24:95:04:db:3c:4c,SFR_3C48,true,false
4375,24:95:04:db:3c:4c,SFR_3C48,true,false
4376,24:95:04:db:3c:4c,SFR_3C48,true,false
4377,24:95:04:db:3c:4c,SFR_3C48,true,false
4378,24:95:04:db:3c:4c,SFR_3C48,true,false
4379,24:95:04:db:3c:4c,SFR_3C48,true,false
4380,24:95:04:db:3c:4c,SFR_3C48,true,false
4381,24:95:04:db:3c:4c,SFR_3C48,true,false
4382,24:95:04:db:3c:4c,SFR_3C48,true,false
4383,24:95:04:db:3c:4c,SFR_3C48,true,false
4384,24:95:04:db:3c:4c,SFR_3C48,true,false
4385,24:95:04:db:3c:4c,SFR_3C48,true,false
4386,24:95:04:db:3c:4c,SFR_3C48,true,false
4387,24:95:04:db:3c:4c,SFR_3C48,true,false
4388,24:95:04:db:3c:4c,SFR_3C48,true,false
4389,24:95:04:db:3c:4c,SFR_3C48,true,false
4390,24:95:04:db:3c:4c,SFR_3C48,true,false
4391,24:95:04:db:3c:4c,SFR_3C48,true,false
4392,24:95:04:db:3c:4c,SFR_3C48,true,false
4393,24:95:04:db:3c:4c,SFR_3C48,true,false
4394,24:95:04:db:3c:4c,SFR_3C48,true,false
4395,24:95:04:db:3c:4c,SFR_3C48,true,false
4396,24:95:04:db:3c:4c,SFR_3C48,true,false
4397,24:95:04:db:3c:4c,SFR_3C48,true,false
4398,24:95:04:db:3c:4c,SFR_3C48,true,false
4399,24:95:04:db:3c:4c,SFR_3C48,true,false
4400,24:95:04:db:3c:4c,SFR_3C48,true,false
4401,24:95:04:db:3c:4c,SFR_3C48,true,false
4402,24:95:04:db:3c:4c,SFR_3C48,true,false
4403,24:95:04:db:3c:4c,SFR_3C48,true,false
4404,24:95:04:db:3c:4c,SFR_3C48,true,false
4405,24:95:04:db:3c:4c,SFR_3C48,true,false
4406,24:95:04:db:3c:4c,SFR_3C48,true,false
4407,24:95:04:db:3c:4c,SFR_3C48,true,false
4408,24:95:04:db:3c:4c,SFR_3C48,true,false
4409,24:95:04:db:3c:4c,SFR_3C48,true,false
4410,24:95:04:db:3c:4c,SFR_3C48,true,false
4411,24:95:04:db:3c:4c,SFR_3C48,true,false
4413,24:95:04:db:3c:4c,SFR_3C48,true,false
4414,24:95:04:db:3c:4c,SFR_3C48,true,false
4415,24:95:04:db:3c:4c,SFR_3C48,true,false
4416,24:95:04:db:3c:4c,SFR_3C48,true,false
4417,24:95:04:db:3c:4c,SFR_3C48,true,false
4418,24:95:04:db:3c:4c,SFR_3C48,true,false
4419,24:95:04:db:3c:4c,SFR_3C48,true,false
4420,24:95:04:db:3c:4c,SFR_3C48,true,false
4421,24:95:04:db:3c:4c,SFR_3C48,true,false
4422,24:95:04:db:3c:4c,SFR_3C48,true,false
4423,24:95:04:db:3c:4c,SFR_3C48,true,false
4424,24:95:04:db:3c:4c,SFR_3C48,true,false
4425,24:95:04:db:3c:4c,SFR_3C48,true,false
4426,24:95:04:db:3c:4c,SFR_3C48,true,false
4427,24:95:04:db:3c:4c,SFR_3C48,true,false
4428,24:95:04:db:3c:4c,SFR_3C48,true,false
4429,24:95:04:db:3c:4c,SFR_3C48,true,false
4430,24:95:04:db:3c:4c,SFR_3C48,true,false
4431,24:95:04:db:3c:4c,SFR_3C48,true,false
4432,24:95:04:db:3c:4c,SFR_3C48,true,false
4433,24:95:04:db:3c:4c,SFR_3C48,true,false
4434,24:95:04:db:3c:4c,SFR_3C48,true,false
4435,24:95:04:db:3c:4c,SFR_3C48,true,false
4436,24:95:04:db:3c:4c,SFR_3C48,true,false
4437,24:95:04:db:3c:4c,SFR_3C48,true,false
4438,24:95:04:db:3c:4c,SFR_3C48,true,false
4439,24:95:04:db:3c:4c,SFR_3C48,true,false
4440,24:95:04:db:3c:4c,SFR_3C48,true,false
4441,24:95:04:db:3c:4c,SFR_3C48,true,false
4442,24:95:04:db:3c:4c,SFR_3C48,true,false
4443,24:95:04:db:3c:4c,SFR_3C48,true,false
4444,24:95:04:db:3c:4c,SFR_3C48,true,false
4445,24:95:04:db:3c:4c,SFR_3C48,true,false
4446,24:95:04:db:3c:4c,SFR_3C48,true,false
4447,24:95:04:db:3c:4c,SFR_3C48,true,false
4448,24:95:04:db:3c:4c,SFR_3C48,true,false
4449,24:95:04:db:3c:4c,SFR_3C48,true,false
4450,24:95:04:db:3c:4c,SFR_3C48,true,false
4451,24:95:04:db:3c:4c,SFR_3C48,true,false
4452,24:95:04:db:3c:4c,SFR_3C48,true,false
4453,24:95:04:db:3c:4c,SFR_3C48,true,false
4454,24:95:04:db:3c:4c,SFR_3C48,true,false
4455,24:95:04:db:3c:4c,SFR_3C48,true,false
4456,24:95:04:db:3c:4c,SFR_3C48,true,false
4457,24:95:04:db:3c:4c,SFR_3C48,true,false
4458,24:95:04:db:3c:4c,SFR_3C48,true,false
4459,24:95:04:db:3c:4c,SFR_3C48,true,false
4460,24:95:04:db:3c:4c,SFR_3C48,true,false
4461,24:95:04:db:3c:4c,SFR_3C48,true,false
4462,24:95:04:db:3c:4c,SFR_3C48,true,false
4463,24:95:04:db:3c:4c,SFR_3C48,true,false
4464,24:95:04:db:3c:4c,SFR_3C48,true,false
4465,24:95:04:db:3c:4c,SFR_3C48,true,false
4466,24:95:04:db:3c:4c,SFR_3C48,true,false
4467,24:95:04:db:3c:4c,SFR_3C48,true,false
4468,24:95:04:db:3c:4c,SFR_3C48,true,false
4469,24:95:04:db:3c:4c,SFR_3C48,true,false
4470,24:95:04:db:3c:4c,SFR_3C48,true,false
4471,24:95:04:db:3c:4c,SFR_3C48,true,false
4472,24:95:04:db:3c:4c,SFR_3C48,true,false
4473,24:95:04:db:3c:4c,SFR_3C48,true,false
4474,24:95:04:db:3c:4c,SFR_3C48,true,false
4475,24:95:04:db:3c:4c,SFR_3C48,true,false
4476,24:95:04:db:3c:4c,SFR_3C48,true,false
4477,24:95:04:db:3c:4c,SFR_3C48,true,false
4478,24:95:04:db:3c:4c,SFR_3C48,true,false
4479,24:95:04:db:3c:4c,SFR_3C48,true,false
4480,24:95:04:db:3c:4c,SFR_3C48,true,false
4481,24:95:04:db:3c:4c,SFR_3C48,true,false
4482,24:95:04:db:3c:4c,SFR_3C48,true,false
4483,24:95:04:db:3c:4c,SFR_3C48,true,false
4488,24:95:04:db:3c:4c,SFR_3C48,true,false
4489,24:95:04:db:3c:4c,SFR_3C48,true,false
4490,24:95:04:db:3c:4c,SFR_3C48,true,false
4491,24:95:04:db:3c:4c,SFR_3C48,true,false
4492,24:95:04:db:3c:4c,SFR_3C48,true,false
4493,24:95:04:db:3c:4c,SFR_3C48,true,false
4494,24:95:04:db:3c:4c,SFR_3C48,true,false
4495,24:95:04:db:3c:4c,SFR_3C48,true,false
4496,24:95:04:db:3c:4c,SFR_3C48,true,false
4497,24:95:04:db:3c:4c,SFR_3C48,true,false
4498,24:95:04:db:3c:4c,SFR_3C48,true,false
4499,24:95:04:db:3c:4c,SFR_3C48,true,false
4500,24:95:04:db:3c:4c,SFR_3C48,true,false
4501,24:95:04:db:3c:4c,SFR_3C48,true,false
4502,24:95:04:db:3c:4c,SFR_3C48,true,false
4503,24:95:04:db:3c:4c,SFR_3C48,true,false
4504,24:95:04:db:3c:4c,SFR_3C48,true,false
4505,24:95:04:db:3c:4c,SFR_3C48,true,false
4506,24:95:04:db:3c:4c,SFR_3C48,true,false
4507,24:95:04:db:3c:4c,SFR_3C48,true,false
4508,24:95:04:db:3c:4c,SFR_3C48,true,false
4509,24:95:04:db:3c:4c,SFR_3C48,true,false
4510,24:95:04:db:3c:4c,SFR_3C48,true,false
4511,24:95:04:db:3c:4c,SFR_3C48,true,false
4512,24:95:04:db:3c:4c,SFR_3C48,true,false
4513,24:95:04:db:3c:4c,SFR_3C48,true,false
4514,24:95:04:db:3c:4c,SFR_3C48,true,false
4515,24:95:04:db:3c:4c,SFR_3C48,true,false
4516,24:95:04:db:3c:4c,SFR_3C48,true,false
4517,24:95:04:db:3c:4c,SFR_3C48,true,false
4518,24:95:04:db:3c:4c,SFR_3C48,true,false
4519,24:95:04:db:3c:4c,SFR_3C48,true,false
4520,24:95:04:db:3c:4c,SFR_3C48,true,false
4521,24:95:04:db:3c:4c,SFR_3C48,true,false
4522,24:95:04:db:3c:4c,SFR_3C48,true,false
4523,24:95:04:db:3c:4c,SFR_3C48,true,false
4524,24:95:04:db:3c:4c,SFR_3C48,true,false
4525,24:95:04:db:3c:4c,SFR_3C48,true,false
4526,24:95:04:db:3c:4c,SFR_3C48,true,false
4527,24:95:04:db:3c:4c,SFR_3C48,true,false
4528,24:95:04:db:3c:4c,SFR_3C48,true,false
4529,24:95:04:db:3c:4c,SFR_3C48,true,false
4530,24:95:04:db:3c:4c,SFR_3C48,true,false
4531,24:95:04:db:3c:4c,SFR_3C48,true,false
4532,24:95:04:db:3c:4c,SFR_3C48,true,false
4533,24:95:04:db:3c:4c,SFR_3C48,true,false
4534,24:95:04:db:3c:4c,SFR_3C48,true,false
4535,24:95:04:db:3c:4c,SFR_3C48,true,false
4536,24:95:04:db:3c:4c,SFR_3C48,true,false
4537,24:95:04:db:3c:4c,SFR_3C48,true,false
4538,24:95:04:db:3c:4c,SFR_3C48,true,false
4539,24:95:04:db:3c:4c,SFR_3C48,true,false
4540,24:95:04:db:3c:4c,SFR_3C48,true,false
4541,24:95:04:db:3c:4c,SFR_3C48,true,false
4542,24:95:04:db:3c:4c,SFR_3C48,true,false
4543,24:95:04:db:3c:4c,SFR_3C48,true,false
4544,24:95:04:db:3c:4c,SFR_3C48,true,false
4545,24:95:04:db:3c:4c,SFR_3C48,true,false
4546,24:95:04:db:3c:4c,SFR_3C48,true,false
4547,24:95:04:db:3c:4c,SFR_3C48,true,false
4548,24:95:04:db:3c:4c,SFR_3C48,true,false
4549,24:95:04:db:3c:4c,SFR_3C48,true,false
4550,24:95:04:db:3c:4c,SFR_3C48,true,false
4551,24:95:04:db:3c:4c,SFR_3C48,true,false
4552,24:95:04:db:3c:4c,SFR_3C48,true,false
4553,24:95:04:db:3c:4c,SFR_3C48,true,false
4554,24:95:04:db:3c:4c,SFR_3C48,true,false
4555,24:95:04:db:3c:4c,SFR_3C48,true,false
4556,24:95:04:db:3c:4c,SFR_3C48,true,false
4557,24:95:04:db:3c:4c,SFR_3C48,true,false
4558,24:95:04:db:3c:4c,SFR_3C48,true,false
4559,24:95:04:db:3c:4c,SFR_3C48,true,false
4560,24:95:04:db:3c:4c,SFR_3C48,true,false
4561,24:95:04:db:3c:4c,SFR_3C48,true,false
4562,24:95:04:db:3c:4c,SFR_3C48,true,false
4563,24:95:04:db:3c:4c,SFR_3C48,true,false
4564,24:95:04:db:3c:4c,SFR_3C48,true,false
4565,24:95:04:db:3c:4c,SFR_3C48,true,false
4566,24:95:04:db:3c:4c,SFR_3C48,true,false
4567,24:95:04:db:3c:4c,SFR_3C48,true,false
4568,24:95:04:db:3c:4c,SFR_3C48,true,false
4569,24:95:04:db:3c:4c,SFR_3C48,true,false
4570,24:95:04:db:3c:4c,SFR_3C48,true,false
4571,24:95:04:db:3c:4c,SFR_3C48,true,false
4572,24:95:04:db:3c:4c,SFR_3C48,true,false
4573,24:95:04:db:3c:4c,SFR_3C48,true,false
4574,24:95:04:db:3c:4c,SFR_3C48,true,false
4575,24:95:04:db:3c:4c,SFR_3C48,true,false
4576,24:95:04:db:3c:4c,SFR_3C48,true,false
4577,24:95:04:db:3c:4c,SFR_3C48,true,false
4578,24:95:04:db:3c:4c,SFR_3C48,true,false
4579,24:95:04:db:3c:4c,SFR_3C48,true,false
4580,24:95:04:db:3c:4c,SFR_3C48,true,false
4581,24:95:04:db:3c:4c,SFR_3C48,true,false
4582,24:95:04:db:3c:4c,SFR_3C48,true,false
4583,24:95:04:db:3c:4c,SFR_3C48,true,false
4584,24:95:04:db:3c:4c,SFR_3C48,true,false
4585,24:95:04:db:3c:4c,SFR_3C48,true,false
4586,24:95:04:db:3c:4c,SFR_3C48,true,false
4587,24:95:04:db:3c:4c,SFR_3C48,true,false
4588,24:95:04:db:3c:4c,SFR_3C48,true,false
4589,24:95:04:db:3c:4c,SFR_3C48,true,false
4590,24:95:04:db:3c:4c,SFR_3C48,true,false
4591,24:95:04:db:3c:4c,SFR_3C48,true,false
4592,24:95:04:db:3c:4c,SFR_3C48,true,false
4593,24:95:04:db:3c:4c,SFR_3C48,true,false
4594,24:95:04:db:3c:4c,SFR_3C48,true,false
4595,24:95:04:db:3c:4c,SFR_3C48,true,false
4596,24:95:04:db:3c:4c,SFR_3C48,true,false
4597,24:95:04:db:3c:4c,SFR_3C48,true,false
4598,24:95:04:db:3c:4c,SFR_3C48,true,false
4599,24:95:04:db:3c:4c,SFR_3C48,true,false
4600,24:95:04:db:3c:4c,SFR_3C48,true,false
4601,24:95:04:db:3c:4c,SFR_3C48,true,false
4602,24:95:04:db:3c:4c,SFR_3C48,true,false
4603,24:95:04:db:3c:4c,SFR_3C48,true,false
4604,24:95:04:db:3c:4c,SFR_3C48,true,false
4605,24:95:04:db:3c:4c,SFR_3C48,true,false
4606,24:95:04:db:3c:4c,SFR_3C48,true,false
4607,24:95:04:db:3c:4c,SFR_3C48,true,false
4608,24:95:04:db:3c:4c,SFR_3C48,true,false
4609,24:95:04:db:3c:4c,SFR_3C48,true,false
4610,24:95:04:db:3c:4c,SFR_3C48,true,false
4611,24:95:04:db:3c:4c,SFR_3C48,true,false
4612,24:95:04:db:3c:4c,SFR_3C48,true,false
4613,24:95:04:db:3c:4c,SFR_3C48,true,false
4614,24:95:04:db:3c:4c,SFR_3C48,true,false
4615,24:95:04:db:3c:4c,SFR_3C48,true,false
4616,24:95:04:db:3c:4c,SFR_3C48,true,false
4617,24:95:04:db:3c:4c,SFR_3C48,true,false
4618,24:95:04:db:3c:4c,SFR_3C48,true,false
4619,24:95:04:db:3c:4c,SFR_3C48,true,false
4620,24:95:04:db:3c:4c,SFR_3C48,true,false
4621,24:95:04:db:3c:4c,SFR_3C48,true,false
4622,24:95:04:db:3c:4c,SFR_3C48,true,false
4623,24:95:04:db:3c:4c,SFR_3C48,true,false
4624,24:95:04:db:3c:4c,SFR_3C48,true,false
4625,24:95:04:db:3c:4c,SFR_3C48,true,false
4626,24:95:04:db:3c:4c,SFR_3C48,true,false
4627,24:95:04:db:3c:4c,SFR_3C48,true,false
4628,24:95:04:db:3c:4c,SFR_3C48,true,false
4629,24:95:04:db:3c:4c,SFR_3C48,true,false
4630,24:95:04:db:3c:4c,SFR_3C48,true,false
4631,24:95:04:db:3c:4c,SFR_3C48,true,false
4632,24:95:04:db:3c:4c,SFR_3C48,true,false
4633,24:95:04:db:3c:4c,SFR_3C48,true,false
4634,24:95:04:db:3c:4c,SFR_3C48,true,false
4635,24:95:04:db:3c:4c,SFR_3C48,true,false
4636,24:95:04:db:3c:4c,SFR_3C48,true,false
4637,24:95:04:db:3c:4c,SFR_3C48,true,false
4638,24:95:04:db:3c:4c,SFR_3C48,true,false
4639,24:95:04:db:3c:4c,SFR_3C48,true,false
4640,24:95:04:db:3c:4c,SFR_3C48,true,false
4641,24:95:04:db:3c:4c,SFR_3C48,true,false
4642,24:95:04:db:3c:4c,SFR_3C48,true,false
4643,24:95:04:db:3c:4c,SFR_3C48,true,false
4644,24:95:04:db:3c:4c,SFR_3C48,true,false
4645,24:95:04:db:3c:4c,SFR_3C48,true,false
4646,24:95:04:db:3c:4c,SFR_3C48,true,false
4647,24:95:04:db:3c:4c,SFR_3C48,true,false
4648,24:95:04:db:3c:4c,SFR_3C48,true,false
4649,24:95:04:db:3c:4c,SFR_3C48,true,false
4650,24:95:04:db:3c:4c,SFR_3C48,true,false
4651,24:95:04:db:3c:4c,SFR_3C48,true,false
4652,24:95:04:db:3c:4c,SFR_3C48,true,false
4653,24:95:04:db:3c:4c,SFR_3C48,true,false
4654,24:95:04:db:3c:4c,SFR_3C48,true,false
4655,24:95:04:db:3c:4c,SFR_3C48,true,false
4656,24:95:04:db:3c:4c,SFR_3C48,true,false
4657,24:95:04:db:3c:4c,SFR_3C48,true,false
4658,24:95:04:db:3c:4c,SFR_3C48,true,false
4659,24:95:04:db:3c:4c,SFR_3C48,true,false
4660,24:95:04:db:3c:4c,SFR_3C48,true,false
4661,24:95:04:db:3c:4c,SFR_3C48,true,false
4662,24:95:04:db:3c:4c,SFR_3C48,true,false
4663,24:95:04:db:3c:4c,SFR_3C48,true,false
4664,24:95:04:db:3c:4c,SFR_3C48,true,false
4665,24:95:04:db:3c:4c,SFR_3C48,true,false
4666,24:95:04:db:3c:4c,SFR_3C48,true,false
4667,24:95:04:db:3c:4c,SFR_3C48,true,false
4668,24:95:04:db:3c:4c,SFR_3C48,true,false
4669,24:95:04:db:3c:4c,SFR_3C48,true,false
4670,24:95:04:db:3c:4c,SFR_3C48,true,false
4671,24:95:04:db:3c:4c,SFR_3C48,true,false
4672,24:95:04:db:3c:4c,SFR_3C48,true,false
4673,24:95:04:db:3c:4c,SFR_3C48,true,false
4674,24:95:04:db:3c:4c,SFR_3C48,true,false
4675,24:95:04:db:3c:4c,SFR_3C48,true,false
4676,24:95:04:db:3c:4c,SFR_3C48,true,false
4677,24:95:04:db:3c:4c,SFR_3C48,true,false
4678,24:95:04:db:3c:4c,SFR_3C48,true,false
4679,24:95:04:db:3c:4c,SFR_3C48,true,false
4680,24:95:04:db:3c:4c,SFR_3C48,true,false
4681,24:95:04:db:3c:4c,SFR_3C48,true,false
4682,24:95:04:db:3c:4c,SFR_3C48,true,false
4683,24:95:04:db:3c:4c,SFR_3C48,true,false
4684,24:95:04:db:3c:4c,SFR_3C48,true,false
4685,24:95:04:db:3c:4c,SFR_3C48,true,false
4686,24:95:04:db:3c:4c,SFR_3C48,true,false
4687,24:95:04:db:3c:4c,SFR_3C48,true,false
4688,24:95:04:db:3c:4c,SFR_3C48,true,false
4689,24:95:04:db:3c:4c,SFR_3C48,true,false
4690,24:95:04:db:3c:4c,SFR_3C48,true,false
4691,24:95:04:db:3c:4c,SFR_3C48,true,false
4692,24:95:04:db:3c:4c,SFR_3C48,true,false
4693,24:95:04:db:3c:4c,SFR_3C48,true,false
4694,24:95:04:db:3c:4c,SFR_3C48,true,false
4695,24:95:04:db:3c:4c,SFR_3C48,true,false
4696,24:95:04:db:3c:4c,SFR_3C48,true,false
4697,24:95:04:db:3c:4c,SFR_3C48,true,false
4698,24:95:04:db:3c:4c,SFR_3C48,true,false
4699,24:95:04:db:3c:4c,SFR_3C48,true,false
4700,24:95:04:db:3c:4c,SFR_3C48,true,false
4701,24:95:04:db:3c:4c,SFR_3C48,true,false
4702,24:95:04:db:3c:4c,SFR_3C48,true,false
4703,24:95:04:db:3c:4c,SFR_3C48,true,false
4704,24:95:04:db:3c:4c,SFR_3C48,true,false
4705,24:95:04:db:3c:4c,SFR_3C48,true,false
4706,24:95:04:db:3c:4c,SFR_3C48,true,false
4707,24:95:04:db:3c:4c,SFR_3C48,true,false
4708,24:95:04:db:3c:4c,SFR_3C48,true,false
4710,24:95:04:db:3c:4c,SFR_3C48,true,false
4712,24:95:04:db:3c:4c,SFR_3C48,true,false
4713,24:95:04:db:3c:4c,SFR_3C48,true,false
4714,24:95:04:db:3c:4c,SFR_3C48,true,false
4715,24:95:04:db:3c:4c,SFR_3C48,true,false
4716,24:95:04:db:3c:4c,SFR_3C48,true,false
4717,24:95:04:db:3c:4c,SFR_3C48,true,false
4718,24:95:04:db:3c:4c,SFR_3C48,true,false
4719,24:95:04:db:3c:4c,SFR_3C48,true,false
4720,24:95:04:db:3c:4c,SFR_3C48,true,false
4721,24:95:04:db:3c:4c,SFR_3C48,true,false
4722,24:95:04:db:3c:4c,SFR_3C48,true,false
4723,24:95:04:db:3c:4c,SFR_3C48,true,false
4724,24:95:04:db:3c:4c,SFR_3C48,true,false
4725,24:95:04:db:3c:4c,SFR_3C48,true,false
4726,24:95:04:db:3c:4c,SFR_3C48,true,false
4727,24:95:04:db:3c:4c,SFR_3C48,true,false
4728,24:95:04:db:3c:4c,SFR_3C48,true,false
4729,24:95:04:db:3c:4c,SFR_3C48,true,false
4730,24:95:04:db:3c:4c,SFR_3C48,true,false
4731,24:95:04:db:3c:4c,SFR_3C48,true,false
4732,24:95:04:db:3c:4c,SFR_3C48,true,false
4733,24:95:04:db:3c:4c,SFR_3C48,true,false
4734,24:95:04:db:3c:4c,SFR_3C48,true,false
4735,24:95:04:db:3c:4c,SFR_3C48,true,false
4736,24:95:04:db:3c:4c,SFR_3C48,true,false
4737,24:95:04:db:3c:4c,SFR_3C48,true,false
4738,24:95:04:db:3c:4c,SFR_3C48,true,false
4739,24:95:04:db:3c:4c,SFR_3C48,true,false
4740,24:95:04:db:3c:4c,SFR_3C48,true,false
4741,24:95:04:db:3c:4c,SFR_3C48,true,false
4742,24:95:04:db:3c:4c,SFR_3C48,true,false
4743,24:95:04:db:3c:4c,SFR_3C48,true,false
4744,24:95:04:db:3c:4c,SFR_3C48,true,false
4745,24:95:04:db:3c:4c,SFR_3C48,true,false
4746,24:95:04:db:3c:4c,SFR_3C48,true,false
4747,24:95:04:db:3c:4c,SFR_3C48,true,false
4748,24:95:04:db:3c:4c,SFR_3C48,true,false
4749,24:95:04:db:3c:4c,SFR_3C48,true,false
4750,24:95:04:db:3c:4c,SFR_3C48,true,false
4751,24:95:04:db:3c:4c,SFR_3C48,true,false
4752,24:95:04:db:3c:4c,SFR_3C48,true,false
4753,24:95:04:db:3c:4c,SFR_3C48,true,false
4754,24:95:04:db:3c:4c,SFR_3C48,true,false
4755,24:95:04:db:3c:4c,SFR_3C48,true,false
4756,24:95:04:db:3c:4c,SFR_3C48,true,false
4757,24:95:04:db:3c:4c,SFR_3C48,true,false
4758,24:95:04:db:3c:4c,SFR_3C48,true,false
4759,24:95:04:db:3c:4c,SFR_3C48,true,false
4760,24:95:04:db:3c:4c,SFR_3C48,true,false
4761,24:95:04:db:3c:4c,SFR_3C48,true,false
4762,24:95:04:db:3c:4c,SFR_3C48,true,false
4763,24:95:04:db:3c:4c,SFR_3C48,true,false
4764,24:95:04:db:3c:4c,SFR_3C48,true,false
4765,24:95:04:db:3c:4c,SFR_3C48,true,false
4766,24:95:04:db:3c:4c,SFR_3C48,true,false
4767,24:95:04:db:3c:4c,SFR_3C48,true,false
4768,24:95:04:db:3c:4c,SFR_3C48,true,false
4769,24:95:04:db:3c:4c,SFR_3C48,true,false
4770,24:95:04:db:3c:4c,SFR_3C48,true,false
4777,24:95:04:db:3c:4c,SFR_3C48,true,false
4778,24:95:04:db:3c:4c,SFR_3C48,true,false
4779,24:95:04:db:3c:4c,SFR_3C48,true,false
4780,24:95:04:db:3c:4c,SFR_3C48,true,false
4781,24:95:04:db:3c:4c,SFR_3C48,true,false
4782,24:95:04:db:3c:4c,SFR_3C48,true,false
4783,24:95:04:db:3c:4c,SFR_3C48,true,false
4784,24:95:04:db:3c:4c,SFR_3C48,true,false
4785,24:95:04:db:3c:4c,SFR_3C48,true,false
4786,24:95:04:db:3c:4c,SFR_3C48,true,false
4787,24:95:04:db:3c:4c,SFR_3C48,true,false
4788,24:95:04:db:3c:4c,SFR_3C48,true,false
4789,24:95:04:db:3c:4c,SFR_3C48,true,false
4790,24:95:04:db:3c:4c,SFR_3C48,true,false
4791,24:95:04:db:3c:4c,SFR_3C48,true,false
4792,24:95:04:db:3c:4c,SFR_3C48,true,false
4793,24:95:04:db:3c:4c,SFR_3C48,true,false
4794,24:95:04:db:3c:4c,SFR_3C48,true,false
4795,24:95:04:db:3c:4c,SFR_3C48,true,false
4796,24:95:04:db:3c:4c,SFR_3C48,true,false
4797,24:95:04:db:3c:4c,SFR_3C48,true,false
4798,24:95:04:db:3c:4c,SFR_3C48,true,false
4799,24:95:04:db:3c:4c,SFR_3C48,true,false
4800,24:95:04:db:3c:4c,SFR_3C48,true,false
4801,24:95:04:db:3c:4c,SFR_3C48,true,false
4802,24:95:04:db:3c:4c,SFR_3C48,true,false
4803,24:95:04:db:3c:4c,SFR_3C48,true,false
4804,24:95:04:db:3c:4c,SFR_3C48,true,false
4805,24:95:04:db:3c:4c,SFR_3C48,true,false
4806,24:95:04:db:3c:4c,SFR_3C48,true,false
4807,24:95:04:db:3c:4c,SFR_3C48,true,false
4808,24:95:04:db:3c:4c,SFR_3C48,true,false
4809,24:95:04:db:3c:4c,SFR_3C48,true,false
4810,24:95:04:db:3c:4c,SFR_3C48,true,false
4811,24:95:04:db:3c:4c,SFR_3C48,true,false
4812,24:95:04:db:3c:4c,SFR_3C48,true,false
4813,24:95:04:db:3c:4c,SFR_3C48,true,false
4814,24:95:04:db:3c:4c,SFR_3C48,true,false
4815,24:95:04:db:3c:4c,SFR_3C48,true,false
4816,24:95:04:db:3c:4c,SFR_3C48,true,false
4817,24:95:04:db:3c:4c,SFR_3C48,true,false
4818,24:95:04:db:3c:4c,SFR_3C48,true,false
4819,24:95:04:db:3c:4c,SFR_3C48,true,false
4820,24:95:04:db:3c:4c,SFR_3C48,true,false
4821,24:95:04:db:3c:4c,SFR_3C48,true,false
4822,24:95:04:db:3c:4c,SFR_3C48,true,false
4823,24:95:04:db:3c:4c,SFR_3C48,true,false
4824,24:95:04:db:3c:4c,SFR_3C48,true,false
4825,24:95:04:db:3c:4c,SFR_3C48,true,false
4826,24:95:04:db:3c:4c,SFR_3C48,true,false
4827,24:95:04:db:3c:4c,SFR_3C48,true,false
4828,24:95:04:db:3c:4c,SFR_3C48,true,false
4829,24:95:04:db:3c:4c,SFR_3C48,true,false
4830,24:95:04:db:3c:4c,SFR_3C48,true,false
4831,24:95:04:db:3c:4c,SFR_3C48,true,false
4832,24:95:04:db:3c:4c,SFR_3C48,true,false
4833,24:95:04:db:3c:4c,SFR_3C48,true,false
4834,24:95:04:db:3c:4c,SFR_3C48,true,false
4835,24:95:04:db:3c:4c,SFR_3C48,true,false
4836,24:95:04:db:3c:4c,SFR_3C48,true,false
4837,24:95:04:db:3c:4c,SFR_3C48,true,false
4838,24:95:04:db:3c:4c,SFR_3C48,true,false
4839,24:95:04:db:3c:4c,SFR_3C48,true,false
4840,24:95:04:db:3c:4c,SFR_3C48,true,false
4841,24:95:04:db:3c:4c,SFR_3C48,true,false
4842,24:95:04:db:3c:4c,SFR_3C48,true,false
4843,24:95:04:db:3c:4c,SFR_3C48,true,false
4844,24:95:04:db:3c:4c,SFR_3C48,true,false
4845,24:95:04:db:3c:4c,SFR_3C48,true,false
4846,24:95:04:db:3c:4c,SFR_3C48,true,false
4847,24:95:04:db:3c:4c,SFR_3C48,true,false
4848,24:95:04:db:3c:4c,SFR_3C48,true,false
4849,24:95:04:db:3c:4c,SFR_3C48,true,false
4850,24:95:04:db:3c:4c,SFR_3C48,true,false
4851,24:95:04:db:3c:4c,SFR_3C48,true,false
4852,24:95:04:db:3c:4c,SFR_3C48,true,false
4853,24:95:04:db:3c:4c,SFR_3C48,true,false
4854,24:95:04:db:3c:4c,SFR_3C48,true,false
4855,24:95:04:db:3c:4c,SFR_3C48,true,false
4856,24:95:04:db:3c:4c,SFR_3C48,true,false
4857,24:95:04:db:3c:4c,SFR_3C48,true,false
4858,24:95:04:db:3c:4c,SFR_3C48,true,false
4859,24:95:04:db:3c:4c,SFR_3C48,true,false
4860,24:95:04:db:3c:4c,SFR_3C48,true,false
4861,24:95:04:db:3c:4c,SFR_3C48,true,false
4862,24:95:04:db:3c:4c,SFR_3C48,true,false
4863,24:95:04:db:3c:4c,SFR_3C48,true,false
4864,24:95:04:db:3c:4c,SFR_3C48,true,false
4865,24:95:04:db:3c:4c,SFR_3C48,true,false
4866,24:95:04:db:3c:4c,SFR_3C48,true,false
4867,24:95:04:db:3c:4c,SFR_3C48,true,false
4868,24:95:04:db:3c:4c,SFR_3C48,true,false
4869,24:95:04:db:3c:4c,SFR_3C48,true,false
4870,24:95:04:db:3c:4c,SFR_3C48,true,false
4871,24:95:04:db:3c:4c,SFR_3C48,true,false
4872,24:95:04:db:3c:4c,SFR_3C48,true,false
4873,24:95:04:db:3c:4c,SFR_3C48,true,false
4874,24:95:04:db:3c:4c,SFR_3C48,true,false
4875,24:95:04:db:3c:4c,SFR_3C48,true,false
4876,24:95:04:db:3c:4c,SFR_3C48,true,false
4877,24:95:04:db:3c:4c,SFR_3C48,true,false
4878,24:95:04:db:3c:4c,SFR_3C48,true,false
4879,24:95:04:db:3c:4c,SFR_3C48,true,false
4880,24:95:04:db:3c:4c,SFR_3C48,true,false
4881,24:95:04:db:3c:4c,SFR_3C48,true,false
4882,24:95:04:db:3c:4c,SFR_3C48,true,false
4883,24:95:04:db:3c:4c,SFR_3C48,true,false
4884,24:95:04:db:3c:4c,SFR_3C48,true,false
4885,24:95:04:db:3c:4c,SFR_3C48,true,false
4886,24:95:04:db:3c:4c,SFR_3C48,true,false
4887,24:95:04:db:3c:4c,SFR_3C48,true,false
4888,24:95:04:db:3c:4c,SFR_3C48,true,false
4889,24:95:04:db:3c:4c,SFR_3C48,true,false
4890,24:95:04:db:3c:4c,SFR_3C48,true,false
4891,24:95:04:db:3c:4c,SFR_3C48,true,false
4892,24:95:04:db:3c:4c,SFR_3C48,true,false
4893,24:95:04:db:3c:4c,SFR_3C48,true,false
4894,24:95:04:db:3c:4c,SFR_3C48,true,false
4895,24:95:04:db:3c:4c,SFR_3C48,true,false
4896,24:95:04:db:3c:4c,SFR_3C48,true,false
4897,24:95:04:db:3c:4c,SFR_3C48,true,false
4898,24:95:04:db:3c:4c,SFR_3C48,true,false
4899,24:95:04:db:3c:4c,SFR_3C48,true,false
4900,24:95:04:db:3c:4c,SFR_3C48,true,false
4901,24:95:04:db:3c:4c,SFR_3C48,true,false
4902,24:95:04:db:3c:4c,SFR_3C48,true,false
4903,24:95:04:db:3c:4c,SFR_3C48,true,false
4904,24:95:04:db:3c:4c,SFR_3C48,true,false
4905,24:95:04:db:3c:4c,SFR_3C48,true,false
4906,24:95:04:db:3c:4c,SFR_3C48,true,false
4907,24:95:04:db:3c:4c,SFR_3C48,true,false
4908,24:95:04:db:3c:4c,SFR_3C48,true,false
4909,24:95:04:db:3c:4c,SFR_3C48,true,false
4910,24:95:04:db:3c:4c,SFR_3C48,true,false
4911,24:95:04:db:3c:4c,SFR_3C48,true,false
4912,24:95:04:db:3c:4c,SFR_3C48,true,false
4913,24:95:04:db:3c:4c,SFR_3C48,true,false
4914,24:95:04:db:3c:4c,SFR_3C48,true,false
4915,24:95:04:db:3c:4c,SFR_3C48,true,false
4916,24:95:04:db:3c:4c,SFR_3C48,true,false
4917,24:95:04:db:3c:4c,SFR_3C48,true,false
4918,24:95:04:db:3c:4c,SFR_3C48,true,false
4919,24:95:04:db:3c:4c,SFR_3C48,true,false
4920,24:95:04:db:3c:4c,SFR_3C48,true,false
4921,24:95:04:db:3c:4c,SFR_3C48,true,false
4922,24:95:04:db:3c:4c,SFR_3C48,true,false
4923,24:95:04:db:3c:4c,SFR_3C48,true,false
4924,24:95:04:db:3c:4c,SFR_3C48,true,false
4925,24:95:04:db:3c:4c,SFR_3C48,true,false
4926,24:95:04:db:3c:4c,SFR_3C48,true,false
4927,24:95:04:db:3c:4c,SFR_3C48,true,false
4928,24:95:04:db:3c:4c,SFR_3C48,true,false
4929,24:95:04:db:3c:4c,SFR_3C48,true,false
4930,24:95:04:db:3c:4c,SFR_3C48,true,false
4931,24:95:04:db:3c:4c,SFR_3C48,true,false
4932,24:95:04:db:3c:4c,SFR_3C48,true,false
4933,24:95:04:db:3c:4c,SFR_3C48,true,false
4934,24:95:04:db:3c:4c,SFR_3C48,true,false
4935,24:95:04:db:3c:4c,SFR_3C48,true,false
4936,24:95:04:db:3c:4c,SFR_3C48,true,false
4937,24:95:04:db:3c:4c,SFR_3C48,true,false
4938,24:95:04:db:3c:4c,SFR_3C48,true,false
4939,24:95:04:db:3c:4c,SFR_3C48,true,false
4940,24:95:04:db:3c:4c,SFR_3C48,true,false
4941,24:95:04:db:3c:4c,SFR_3C48,true,false
4942,24:95:04:db:3c:4c,SFR_3C48,true,false
4943,24:95:04:db:3c:4c,SFR_3C48,true,false
4944,24:95:04:db:3c:4c,SFR_3C48,true,false
4945,24:95:04:db:3c:4c,SFR_3C48,true,false
4946,24:95:04:db:3c:4c,SFR_3C48,true,false
4949,24:95:04:db:3c:4c,SFR_3C48,true,false
4950,24:95:04:db:3c:4c,SFR_3C48,true,false
4951,24:95:04:db:3c:4c,SFR_3C48,true,false
4952,24:95:04:db:3c:4c,SFR_3C48,true,false
4953,24:95:04:db:3c:4c,SFR_3C48,true,false
4954,24:95:04:db:3c:4c,SFR_3C48,true,false
4955,24:95:04:db:3c:4c,SFR_3C48,true,false
4956,24:95:04:db:3c:4c,SFR_3C48,true,false
4957,24:95:04:db:3c:4c,SFR_3C48,true,false
4958,24:95:04:db:3c:4c,SFR_3C48,true,false
4959,24:95:04:db:3c:4c,SFR_3C48,true,false
4960,24:95:04:db:3c:4c,SFR_3C48,true,false
4961,24:95:04:db:3c:4c,SFR_3C48,true,false
4962,24:95:04:db:3c:4c,SFR_3C48,true,false
4963,24:95:04:db:3c:4c,SFR_3C48,true,false
4964,24:95:04:db:3c:4c,SFR_3C48,true,false
4965,24:95:04:db:3c:4c,SFR_3C48,true,false
4966,24:95:04:db:3c:4c,SFR_3C48,true,false
4967,24:95:04:db:3c:4c,SFR_3C48,true,false
4968,24:95:04:db:3c:4c,SFR_3C48,true,false
4969,24:95:04:db:3c:4c,SFR_3C48,true,false
4970,24:95:04:db:3c:4c,SFR_3C48,true,false
4971,24:95:04:db:3c:4c,SFR_3C48,true,false
4972,24:95:04:db:3c:4c,SFR_3C48,true,false
4973,24:95:04:db:3c:4c,SFR_3C48,true,false
4974,24:95:04:db:3c:4c,SFR_3C48,true,false
4975,24:95:04:db:3c:4c,SFR_3C48,true,false
4976,24:95:04:db:3c:4c,SFR_3C48,true,false
4977,24:95:04:db:3c:4c,SFR_3C48,true,false
4978,24:95:04:db:3c:4c,SFR_3C48,true,false
4979,24:95:04:db:3c:4c,SFR_3C48,true,false
4982,24:95:04:db:3c:4c,SFR_3C48,true,false
4983,24:95:04:db:3c:4c,SFR_3C48,true,false
4984,24:95:04:db:3c:4c,SFR_3C48,true,false
4985,24:95:04:db:3c:4c,SFR_3C48,true,false
4986,24:95:04:db:3c:4c,SFR_3C48,true,false
4987,24:95:04:db:3c:4c,SFR_3C48,true,false
4988,24:95:04:db:3c:4c,SFR_3C48,true,false
4989,24:95:04:db:3c:4c,SFR_3C48,true,false
4990,24:95:04:db:3c:4c,SFR_3C48,true,false
4991,24:95:04:db:3c:4c,SFR_3C48,true,false
4992,24:95:04:db:3c:4c,SFR_3C48,true,false
4993,24:95:04:db:3c:4c,SFR_3C48,true,false
4994,24:95:04:db:3c:4c,SFR_3C48,true,false
4995,24:95:04:db:3c:4c,SFR_3C48,true,false
4996,24:95:04:db:3c:4c,SFR_3C48,true,false
4997,24:95:04:db:3c:4c,SFR_3C48,true,false
4998,24:95:04:db:3c:4c,SFR_3C48,true,false
4999,24:95:04:db:3c:4c,SFR_3C48,true,false
5000,24:95:04:db:3c:4c,SFR_3C48,true,false
5001,24:95:04:db:3c:4c,SFR_3C48,true,false
5002,24:95:04:db:3c:4c,SFR_3C48,true,false
5003,24:95:04:db:3c:4c,SFR_3C48,true,false
5004,24:95:04:db:3c:4c,SFR_3C48,true,false
5005,24:95:04:db:3c:4c,SFR_3C48,true,false
5006,24:95:04:db:3c:4c,SFR_3C48,true,false
5007,24:95:04:db:3c:4c,SFR_3C48,true,false
5008,24:95:04:db:3c:4c,SFR_3C48,true,false
5009,24:95:04:db:3c:4c,SFR_3C48,true,false
5010,24:95:04:db:3c:4c,SFR_3C48,true,false
5011,24:95:04:db:3c:4c,SFR_3C48,true,false
5012,24:95:04:db:3c:4c,SFR_3C48,true,false
5013,24:95:04:db:3c:4c,SFR_3C48,true,false
5014,24:95:04:db:3c:4c,SFR_3C48,true,false
5015,24:95:04:db:3c:4c,SFR_3C48,true,false
5016,24:95:04:db:3c:4c,SFR_3C48,true,false
5017,24:95:04:db:3c:4c,SFR_3C48,true,false
5018,24:95:04:db:3c:4c,SFR_3C48,true,false
5019,24:95:04:db:3c:4c,SFR_3C48,true,false
5020,24:95:04:db:3c:4c,SFR_3C48,true,false
5021,24:95:04:db:3c:4c,SFR_3C48,true,false
5022,24:95:04:db:3c:4c,SFR_3C48,true,false
5023,24:95:04:db:3c:4c,SFR_3C48,true,false
5024,24:95:04:db:3c:4c,SFR_3C48,true,false
5025,24:95:04:db:3c:4c,SFR_3C48,true,false
5026,24:95:04:db:3c:4c,SFR_3C48,true,false
5027,24:95:04:db:3c:4c,SFR_3C48,true,false
5028,24:95:04:db:3c:4c,SFR_3C48,true,false
5029,24:95:04:db:3c:4c,SFR_3C48,true,false
5030,24:95:04:db:3c:4c,SFR_3C48,true,false
5031,24:95:04:db:3c:4c,SFR_3C48,true,false
5032,24:95:04:db:3c:4c,SFR_3C48,true,false
5033,24:95:04:db:3c:4c,SFR_3C48,true,false
5034,24:95:04:db:3c:4c,SFR_3C48,true,false
5035,24:95:04:db:3c:4c,SFR_3C48,true,false
5036,24:95:04:db:3c:4c,SFR_3C48,true,false
5037,24:95:04:db:3c:4c,SFR_3C48,true,false
5038,24:95:04:db:3c:4c,SFR_3C48,true,false
5039,24:95:04:db:3c:4c,SFR_3C48,true,false
5040,24:95:04:db:3c:4c,SFR_3C48,true,false
5042,24:95:04:db:3c:4c,SFR_3C48,true,false
5043,24:95:04:db:3c:4c,SFR_3C48,true,false
5044,24:95:04:db:3c:4c,SFR_3C48,true,false
5045,24:95:04:db:3c:4c,SFR_3C48,true,false
5046,24:95:04:db:3c:4c,SFR_3C48,true,false
5047,24:95:04:db:3c:4c,SFR_3C48,true,false
5048,24:95:04:db:3c:4c,SFR_3C48,true,false
5049,24:95:04:db:3c:4c,SFR_3C48,true,false
5050,24:95:04:db:3c:4c,SFR_3C48,true,false
5051,24:95:04:db:3c:4c,SFR_3C48,true,false
5052,24:95:04:db:3c:4c,SFR_3C48,true,false
5053,24:95:04:db:3c:4c,SFR_3C48,true,false
5054,24:95:04:db:3c:4c,SFR_3C48,true,false
5055,24:95:04:db:3c:4c,SFR_3C48,true,false
5056,24:95:04:db:3c:4c,SFR_3C48,true,false
5057,24:95:04:db:3c:4c,SFR_3C48,true,false
5058,24:95:04:db:3c:4c,SFR_3C48,true,false
5059,24:95:04:db:3c:4c,SFR_3C48,true,false
5060,24:95:04:db:3c:4c,SFR_3C48,true,false
5061,24:95:04:db:3c:4c,SFR_3C48,true,false
5062,24:95:04:db:3c:4c,SFR_3C48,true,false
5063,24:95:04:db:3c:4c,SFR_3C48,true,false
5064,24:95:04:db:3c:4c,SFR_3C48,true,false
5065,24:95:04:db:3c:4c,SFR_3C48,true,false
5066,24:95:04:db:3c:4c,SFR_3C48,true,false
5067,24:95:04:db:3c:4c,SFR_3C48,true,false
5068,24:95:04:db:3c:4c,SFR_3C48,true,false
5069,24:95:04:db:3c:4c,SFR_3C48,true,false
5070,24:95:04:db:3c:4c,SFR_3C48,true,false
5072,24:95:04:db:3c:4c,SFR_3C48,true,false
5080,24:95:04:db:3c:4c,SFR_3C48,true,false
5081,24:95:04:db:3c:4c,SFR_3C48,true,false
5082,24:95:04:db:3c:4c,SFR_3C48,true,false
5083,24:95:04:db:3c:4c,SFR_3C48,true,false
5084,24:95:04:db:3c:4c,SFR_3C48,true,false
5085,24:95:04:db:3c:4c,SFR_3C48,true,false
5086,24:95:04:db:3c:4c,SFR_3C48,true,false
5087,24:95:04:db:3c:4c,SFR_3C48,true,false
5088,24:95:04:db:3c:4c,SFR_3C48,true,false
5089,24:95:04:db:3c:4c,SFR_3C48,true,false
5090,24:95:04:db:3c:4c,SFR_3C48,true,false
5091,24:95:04:db:3c:4c,SFR_3C48,true,false
5092,24:95:04:db:3c:4c,SFR_3C48,true,false
5093,24:95:04:db:3c:4c,SFR_3C48,true,false
5094,24:95:04:db:3c:4c,SFR_3C48,true,false
5095,24:95:04:db:3c:4c,SFR_3C48,true,false
5096,24:95:04:db:3c:4c,SFR_3C48,true,false
5097,24:95:04:db:3c:4c,SFR_3C48,true,false
5098,24:95:04:db:3c:4c,SFR_3C48,true,false
5099,24:95:04:db:3c:4c,SFR_3C48,true,false
5100,24:95:04:db:3c:4c,SFR_3C48,true,false
5101,24:95:04:db:3c:4c,SFR_3C48,true,false
5102,24:95:04:db:3c:4c,SFR_3C48,true,false
5103,24:95:04:db:3c:4c,SFR_3C48,true,false
5104,24:95:04:db:3c:4c,SFR_3C48,true,false
5105,24:95:04:db:3c:4c,SFR_3C48,true,false
5106,24:95:04:db:3c:4c,SFR_3C48,true,false
5107,24:95:04:db:3c:4c,SFR_3C48,true,false
5108,24:95:04:db:3c:4c,SFR_3C48,true,false
5109,24:95:04:db:3c:4c,SFR_3C48,true,false
5110,24:95:04:db:3c:4c,SFR_3C48,true,false
5111,24:95:04:db:3c:4c,SFR_3C48,true,false
5112,24:95:04:db:3c:4c,SFR_3C48,true,false
5113,24:95:04:db:3c:4c,SFR_3C48,true,false
5114,24:95:04:db:3c:4c,SFR_3C48,true,false
5115,24:95:04:db:3c:4c,SFR_3C48,true,false
5116,24:95:04:db:3c:4c,SFR_3C48,true,false
5117,24:95:04:db:3c:4c,SFR_3C48,true,false
5118,24:95:04:db:3c:4c,SFR_3C48,true,false
5119,24:95:04:db:3c:4c,SFR_3C48,true,false
5120,24:95:04:db:3c:4c,SFR_3C48,true,false
5121,24:95:04:db:3c:4c,SFR_3C48,true,false
5122,24:95:04:db:3c:4c,SFR_3C48,true,false
5123,24:95:04:db:3c:4c,SFR_3C48,true,false
5124,24:95:04:db:3c:4c,SFR_3C48,true,false
5125,24:95:04:db:3c:4c,SFR_3C48,true,false
5126,24:95:04:db:3c:4c,SFR_3C48,true,false
5127,24:95:04:db:3c:4c,SFR_3C48,true,false
5128,24:95:04:db:3c:4c,SFR_3C48,true,false
5129,24:95:04:db:3c:4c,SFR_3C48,true,false
5130,24:95:04:db:3c:4c,SFR_3C48,true,false
5131,24:95:04:db:3c:4c,SFR_3C48,true,false
5132,24:95:04:db:3c:4c,SFR_3C48,true,false
5133,24:95:04:db:3c:4c,SFR_3C48,true,false
5134,24:95:04:db:3c:4c,SFR_3C48,true,false
5135,24:95:04:db:3c:4c,SFR_3C48,true,false
5136,24:95:04:db:3c:4c,SFR_3C48,true,false
5137,24:95:04:db:3c:4c,SFR_3C48,true,false
5138,24:95:04:db:3c:4c,SFR_3C48,true,false
5140,24:95:04:db:3c:4c,SFR_3C48,true,false
5142,24:95:04:db:3c:4c,SFR_3C48,true,false
5143,24:95:04:db:3c:4c,SFR_3C48,true,false
5144,24:95:04:db:3c:4c,SFR_3C48,true,false
5145,24:95:04:db:3c:4c,SFR_3C48,true,false
5146,24:95:04:db:3c:4c,SFR_3C48,true,false
5147,24:95:04:db:3c:4c,SFR_3C48,true,false
5148,24:95:04:db:3c:4c,SFR_3C48,true,false
5149,24:95:04:db:3c:4c,SFR_3C48,true,false
5150,24:95:04:db:3c:4c,SFR_3C48,true,false
5151,24:95:04:db:3c:4c,SFR_3C48,true,false
5152,24:95:04:db:3c:4c,SFR_3C48,true,false
5153,24:95:04:db:3c:4c,SFR_3C48,true,false
5154,24:95:04:db:3c:4c,SFR_3C48,true,false
5155,24:95:04:db:3c:4c,SFR_3C48,true,false
5156,24:95:04:db:3c:4c,SFR_3C48,true,false
5157,24:95:04:db:3c:4c,SFR_3C48,true,false
5158,24:95:04:db:3c:4c,SFR_3C48,true,false
5159,24:95:04:db:3c:4c,SFR_3C48,true,false
5160,24:95:04:db:3c:4c,SFR_3C48,true,false
5161,24:95:04:db:3c:4c,SFR_3C48,true,false
5162,24:95:04:db:3c:4c,SFR_3C48,true,false
5163,24:95:04:db:3c:4c,SFR_3C48,true,false
5164,24:95:04:db:3c:4c,SFR_3C48,true,false
5165,24:95:04:db:3c:4c,SFR_3C48,true,false
5166,24:95:04:db:3c:4c,SFR_3C48,true,false
5167,24:95:04:db:3c:4c,SFR_3C48,true,false
5168,24:95:04:db:3c:4c,SFR_3C48,true,false
5169,24:95:04:db:3c:4c,SFR_3C48,true,false
5170,24:95:04:db:3c:4c,SFR_3C48,true,false
5171,24:95:04:db:3c:4c,SFR_3C48,true,false
5172,24:95:04:db:3c:4c,SFR_3C48,true,false
5173,24:95:04:db:3c:4c,SFR_3C48,true,false
5174,24:95:04:db:3c:4c,SFR_3C48,true,false
5175,24:95:04:db:3c:4c,SFR_3C48,true,false
5176,24:95:04:db:3c:4c,SFR_3C48,true,false
5177,24:95:04:db:3c:4c,SFR_3C48,true,false
5178,24:95:04:db:3c:4c,SFR_3C48,true,false
5179,24:95:04:db:3c:4c,SFR_3C48,true,false
5180,24:95:04:db:3c:4c,SFR_3C48,true,false
5181,24:95:04:db:3c:4c,SFR_3C48,true,false
5182,24:95:04:db:3c:4c,SFR_3C48,true,false
5183,24:95:04:db:3c:4c,SFR_3C48,true,false
5184,24:95:04:db:3c:4c,SFR_3C48,true,false
5185,24:95:04:db:3c:4c,SFR_3C48,true,false
5186,24:95:04:db:3c:4c,SFR_3C48,true,false
5187,24:95:04:db:3c:4c,SFR_3C48,true,false
5188,24:95:04:db:3c:4c,SFR_3C48,true,false
5189,24:95:04:db:3c:4c,SFR_3C48,true,false
5190,24:95:04:db:3c:4c,SFR_3C48,true,false
5191,24:95:04:db:3c:4c,SFR_3C48,true,false
5192,24:95:04:db:3c:4c,SFR_3C48,true,false
5193,24:95:04:db:3c:4c,SFR_3C48,true,false
5194,24:95:04:db:3c:4c,SFR_3C48,true,false
5195,24:95:04:db:3c:4c,SFR_3C48,true,false
5196,24:95:04:db:3c:4c,SFR_3C48,true,false
5197,24:95:04:db:3c:4c,SFR_3C48,true,false
5198,24:95:04:db:3c:4c,SFR_3C48,true,false
5199,24:95:04:db:3c:4c,SFR_3C48,true,false
5200,24:95:04:db:3c:4c,SFR_3C48,true,false
5201,24:95:04:db:3c:4c,SFR_3C48,true,false
5202,24:95:04:db:3c:4c,SFR_3C48,true,false
5203,24:95:04:db:3c:4c,SFR_3C48,true,false
5204,24:95:04:db:3c:4c,SFR_3C48,true,false
5205,24:95:04:db:3c:4c,SFR_3C48,true,false
5206,24:95:04:db:3c:4c,SFR_3C48,true,false
5207,24:95:04:db:3c:4c,SFR_3C48,true,false
5208,24:95:04:db:3c:4c,SFR_3C48,true,false
5209,24:95:04:db:3c:4c,SFR_3C48,true,false
5210,24:95:04:db:3c:4c,SFR_3C48,true,false
5211,24:95:04:db:3c:4c,SFR_3C48,true,false
5212,24:95:04:db:3c:4c,SFR_3C48,true,false
5213,24:95:04:db:3c:4c,SFR_3C48,true,false
5214,24:95:04:db:3c:4c,SFR_3C48,true,false
5215,24:95:04:db:3c:4c,SFR_3C48,true,false
5216,24:95:04:db:3c:4c,SFR_3C48,true,false
5217,24:95:04:db:3c:4c,SFR_3C48,true,false
5218,24:95:04:db:3c:4c,SFR_3C48,true,false
5219,24:95:04:db:3c:4c,SFR_3C48,true,false
5220,24:95:04:db:3c:4c,SFR_3C48,true,false
5221,24:95:04:db:3c:4c,SFR_3C48,true,false
5222,24:95:04:db:3c:4c,SFR_3C48,true,false
5223,24:95:04:db:3c:4c,SFR_3C48,true,false
5224,24:95:04:db:3c:4c,SFR_3C48,true,false
5225,24:95:04:db:3c:4c,SFR_3C48,true,false
5226,24:95:04:db:3c:4c,SFR_3C48,true,false
5227,24:95:04:db:3c:4c,SFR_3C48,true,false
5228,24:95:04:db:3c:4c,SFR_3C48,true,false
5229,24:95:04:db:3c:4c,SFR_3C48,true,false
5230,24:95:04:db:3c:4c,SFR_3C48,true,false
5231,24:95:04:db:3c:4c,SFR_3C48,true,false
5232,24:95:04:db:3c:4c,SFR_3C48,true,false
5233,24:95:04:db:3c:4c,SFR_3C48,true,false
5234,24:95:04:db:3c:4c,SFR_3C48,true,false
5235,24:95:04:db:3c:4c,SFR_3C48,true,false
5236,24:95:04:db:3c:4c,SFR_3C48,true,false
5237,24:95:04:db:3c:4c,SFR_3C48,true,false
5238,24:95:04:db:3c:4c,SFR_3C48,true,false
5239,24:95:04:db:3c:4c,SFR_3C48,true,false
5240,24:95:04:db:3c:4c,SFR_3C48,true,false
5242,24:95:04:db:3c:4c,SFR_3C48,true,false
5244,24:95:04:db:3c:4c,SFR_3C48,true,false
5245,24:95:04:db:3c:4c,SFR_3C48,true,false
5246,24:95:04:db:3c:4c,SFR_3C48,true,false
5247,24:95:04:db:3c:4c,SFR_3C48,true,false
5248,24:95:04:db:3c:4c,SFR_3C48,true,false
5249,24:95:04:db:3c:4c,SFR_3C48,true,false
5250,24:95:04:db:3c:4c,SFR_3C48,true,false
5251,24:95:04:db:3c:4c,SFR_3C48,true,false
5252,24:95:04:db:3c:4c,SFR_3C48,true,false
5253,24:95:04:db:3c:4c,SFR_3C48,true,false
5254,24:95:04:db:3c:4c,SFR_3C48,true,false
5255,24:95:04:db:3c:4c,SFR_3C48,true,false
5256,24:95:04:db:3c:4c,SFR_3C48,true,false
5257,24:95:04:db:3c:4c,SFR_3C48,true,false
5258,24:95:04:db:3c:4c,SFR_3C48,true,false
5259,24:95:04:db:3c:4c,SFR_3C48,true,false
5260,24:95:04:db:3c:4c,SFR_3C48,true,false
5261,24:95:04:db:3c:4c,SFR_3C48,true,false
5262,24:95:04:db:3c:4c,SFR_3C48,true,false
5263,24:95:04:db:3c:4c,SFR_3C48,true,false
5264,24:95:04:db:3c:4c,SFR_3C48,true,false
5265,24:95:04:db:3c:4c,SFR_3C48,true,false
5266,24:95:04:db:3c:4c,SFR_3C48,true,false
5267,24:95:04:db:3c:4c,SFR_3C48,true,false
5268,24:95:04:db:3c:4c,SFR_3C48,true,false
5269,24:95:04:db:3c:4c,SFR_3C48,true,false
5270,24:95:04:db:3c:4c,SFR_3C48,true,false
5271,24:95:04:db:3c:4c,SFR_3C48,true,false
5272,24:95:04:db:3c:4c,SFR_3C48,true,false
5273,24:95:04:db:3c:4c,SFR_3C48,true,false
5274,24:95:04:db:3c:4c,SFR_3C48,true,false
5275,24:95:04:db:3c:4c,SFR_3C48,true,false
5276,24:95:04:db:3c:4c,SFR_3C48,true,false
5277,24:95:04:db:3c:4c,SFR_3C48,true,false
5278,24:95:04:db:3c:4c,SFR_3C48,true,false
5279,24:95:04:db:3c:4c,SFR_3C48,true,false
5280,24:95:04:db:3c:4c,SFR_3C48,true,false
5281,24:95:04:db:3c:4c,SFR_3C48,true,false
5282,24:95:04:db:3c:4c,SFR_3C48,true,false
5283,24:95:04:db:3c:4c,SFR_3C48,true,false
5284,24:95:04:db:3c:4c,SFR_3C48,true,false
5285,24:95:04:db:3c:4c,SFR_3C48,true,false
5286,24:95:04:db:3c:4c,SFR_3C48,true,false
5287,24:95:04:db:3c:4c,SFR_3C48,true,false
5288,24:95:04:db:3c:4c,SFR_3C48,true,false
5289,24:95:04:db:3c:4c,SFR_3C48,true,false
5290,24:95:04:db:3c:4c,SFR_3C48,true,false
5291,24:95:04:db:3c:4c,SFR_3C48,true,false
5292,24:95:04:db:3c:4c,SFR_3C48,true,false
5293,24:95:04:db:3c:4c,SFR_3C48,true,false
5294,24:95:04:db:3c:4c,SFR_3C48,true,false
5295,24:95:04:db:3c:4c,SFR_3C48,true,false
5296,24:95:04:db:3c:4c,SFR_3C48,true,false
5297,24:95:04:db:3c:4c,SFR_3C48,true,false
5298,24:95:04:db:3c:4c,SFR_3C48,true,false
5299,24:95:04:db:3c:4c,SFR_3C48,true,false
5300,24:95:04:db:3c:4c,SFR_3C48,true,false
5301,24:95:04:db:3c:4c,SFR_3C48,true,false
5302,24:95:04:db:3c:4c,SFR_3C48,true,false
5303,24:95:04:db:3c:4c,SFR_3C48,true,false
5304,24:95:04:db:3c:4c,SFR_3C48,true,false
5305,24:95:04:db:3c:4c,SFR_3C48,true,false
5306,24:95:04:db:3c:4c,SFR_3C48,true,false
5307,24:95:04:db:3c:4c,SFR_3C48,true,false
5308,24:95:04:db:3c:4c,SFR_3C48,true,false
5309,24:95:04:db:3c:4c,SFR_3C48,true,false
5310,24:95:04:db:3c:4c,SFR_3C48,true,false
5311,24:95:04:db:3c:4c,SFR_3C48,true,false
5312,24:95:04:db:3c:4c,SFR_3C48,true,false
5313,24:95:04:db:3c:4c,SFR_3C48,true,false
5314,24:95:04:db:3c:4c,SFR_3C48,true,false
5315,24:95:04:db:3c:4c,SFR_3C48,true,false
5316,24:95:04:db:3c:4c,SFR_3C48,true,false
5317,24:95:04:db:3c:4c,SFR_3C48,true,false
5318,24:95:04:db:3c:4c,SFR_3C48,true,false
5319,24:95:04:db:3c:4c,SFR_3C48,true,false
5320,24:95:04:db:3c:4c,SFR_3C48,true,false
5321,24:95:04:db:3c:4c,SFR_3C48,true,false
5322,24:95:04:db:3c:4c,SFR_3C48,true,false
5323,24:95:04:db:3c:4c,SFR_3C48,true,false
5324,24:95:04:db:3c:4c,SFR_3C48,true,false
5325,24:95:04:db:3c:4c,SFR_3C48,true,false
5326,24:95:04:db:3c:4c,SFR_3C48,true,false
5327,24:95:04:db:3c:4c,SFR_3C48,true,false
5328,24:95:04:db:3c:4c,SFR_3C48,true,false
5329,24:95:04:db:3c:4c,SFR_3C48,true,false
5330,24:95:04:db:3c:4c,SFR_3C48,true,false
5331,24:95:04:db:3c:4c,SFR_3C48,true,false
5333,24:95:04:db:3c:4c,SFR_3C48,true,false
5335,24:95:04:db:3c:4c,SFR_3C48,true,false
5336,24:95:04:db:3c:4c,SFR_3C48,true,false
5337,24:95:04:db:3c:4c,SFR_3C48,true,false
5338,24:95:04:db:3c:4c,SFR_3C48,true,false
5339,24:95:04:db:3c:4c,SFR_3C48,true,false
5340,24:95:04:db:3c:4c,SFR_3C48,true,false
5341,24:95:04:db:3c:4c,SFR_3C48,true,false
5342,24:95:04:db:3c:4c,SFR_3C48,true,false
5343,24:95:04:db:3c:4c,SFR_3C48,true,false
5344,24:95:04:db:3c:4c,SFR_3C48,true,false
5345,24:95:04:db:3c:4c,SFR_3C48,true,false
5346,24:95:04:db:3c:4c,SFR_3C48,true,false
5347,24:95:04:db:3c:4c,SFR_3C48,true,false
5348,24:95:04:db:3c:4c,SFR_3C48,true,false
5349,24:95:04:db:3c:4c,SFR_3C48,true,false
5350,24:95:04:db:3c:4c,SFR_3C48,true,false
5351,24:95:04:db:3c:4c,SFR_3C48,true,false
5352,24:95:04:db:3c:4c,SFR_3C48,true,false
5353,24:95:04:db:3c:4c,SFR_3C48,true,false
5354,24:95:04:db:3c:4c,SFR_3C48,true,false
5355,24:95:04:db:3c:4c,SFR_3C48,true,false
5356,24:95:04:db:3c:4c,SFR_3C48,true,false
5357,24:95:04:db:3c:4c,SFR_3C48,true,false
5358,24:95:04:db:3c:4c,SFR_3C48,true,false
5359,24:95:04:db:3c:4c,SFR_3C48,true,false
5360,24:95:04:db:3c:4c,SFR_3C48,true,false
5361,24:95:04:db:3c:4c,SFR_3C48,true,false
5362,24:95:04:db:3c:4c,SFR_3C48,true,false
5363,24:95:04:db:3c:4c,SFR_3C48,true,false
5364,24:95:04:db:3c:4c,SFR_3C48,true,false
5365,24:95:04:db:3c:4c,SFR_3C48,true,false
5366,24:95:04:db:3c:4c,SFR_3C48,true,false
5367,24:95:04:db:3c:4c,SFR_3C48,true,false
5368,24:95:04:db:3c:4c,SFR_3C48,true,false
5369,24:95:04:db:3c:4c,SFR_3C48,true,false
5370,24:95:04:db:3c:4c,SFR_3C48,true,false
5371,24:95:04:db:3c:4c,SFR_3C48,true,false
5372,24:95:04:db:3c:4c,SFR_3C48,true,false
5377,24:95:04:db:3c:4c,SFR_3C48,true,false
5378,24:95:04:db:3c:4c,SFR_3C48,true,false
5379,24:95:04:db:3c:4c,SFR_3C48,true,false
5380,24:95:04:db:3c:4c,SFR_3C48,true,false
5381,24:95:04:db:3c:4c,SFR_3C48,true,false
5382,24:95:04:db:3c:4c,SFR_3C48,true,false
5383,24:95:04:db:3c:4c,SFR_3C48,true,false
5384,24:95:04:db:3c:4c,SFR_3C48,true,false
5385,24:95:04:db:3c:4c,SFR_3C48,true,false
5386,24:95:04:db:3c:4c,SFR_3C48,true,false
5387,24:95:04:db:3c:4c,SFR_3C48,true,false
5388,24:95:04:db:3c:4c,SFR_3C48,true,false
5389,24:95:04:db:3c:4c,SFR_3C48,true,false
5390,24:95:04:db:3c:4c,SFR_3C48,true,false
5391,24:95:04:db:3c:4c,SFR_3C48,true,false
5392,24:95:04:db:3c:4c,SFR_3C48,true,false
5393,24:95:04:db:3c:4c,SFR_3C48,true,false
5394,24:95:04:db:3c:4c,SFR_3C48,true,false
5395,24:95:04:db:3c:4c,SFR_3C48,true,false
5396,24:95:04:db:3c:4c,SFR_3C48,true,false
5397,24:95:04:db:3c:4c,SFR_3C48,true,false
5398,24:95:04:db:3c:4c,SFR_3C48,true,false
5399,24:95:04:db:3c:4c,SFR_3C48,true,false
5400,24:95:04:db:3c:4c,SFR_3C48,true,false
5401,24:95:04:db:3c:4c,SFR_3C48,true,false
5402,24:95:04:db:3c:4c,SFR_3C48,true,false
5403,24:95:04:db:3c:4c,SFR_3C48,true,false
5404,24:95:04:db:3c:4c,SFR_3C48,true,false
5406,24:95:04:db:3c:4c,SFR_3C48,true,false
5408,24:95:04:db:3c:4c,SFR_3C48,true,false
5409,24:95:04:db:3c:4c,SFR_3C48,true,false
5410,24:95:04:db:3c:4c,SFR_3C48,true,false
5411,24:95:04:db:3c:4c,SFR_3C48,true,false
5412,24:95:04:db:3c:4c,SFR_3C48,true,false
5413,24:95:04:db:3c:4c,SFR_3C48,true,false
5414,24:95:04:db:3c:4c,SFR_3C48,true,false
5415,24:95:04:db:3c:4c,SFR_3C48,true,false
5416,24:95:04:db:3c:4c,SFR_3C48,true,false
5417,24:95:04:db:3c:4c,SFR_3C48,true,false
5418,24:95:04:db:3c:4c,SFR_3C48,true,false
5419,24:95:04:db:3c:4c,SFR_3C48,true,false
5420,24:95:04:db:3c:4c,SFR_3C48,true,false
5421,24:95:04:db:3c:4c,SFR_3C48,true,false
5422,24:95:04:db:3c:4c,SFR_3C48,true,false
5423,24:95:04:db:3c:4c,SFR_3C48,true,false
5424,24:95:04:db:3c:4c,SFR_3C48,true,false
5425,24:95:04:db:3c:4c,SFR_3C48,true,false
5426,24:95:04:db:3c:4c,SFR_3C48,true,false
5427,24:95:04:db:3c:4c,SFR_3C48,true,false
5428,24:95:04:db:3c:4c,SFR_3C48,true,false
5429,24:95:04:db:3c:4c,SFR_3C48,true,false
5430,24:95:04:db:3c:4c,SFR_3C48,true,false
5431,24:95:04:db:3c:4c,SFR_3C48,true,false
5432,24:95:04:db:3c:4c,SFR_3C48,true,false
5433,24:95:04:db:3c:4c,SFR_3C48,true,false
5434,24:95:04:db:3c:4c,SFR_3C48,true,false
5435,24:95:04:db:3c:4c,SFR_3C48,true,false
5436,24:95:04:db:3c:4c,SFR_3C48,true,false
5437,24:95:04:db:3c:4c,SFR_3C48,true,false
5438,24:95:04:db:3c:4c,SFR_3C48,true,false
5439,24:95:04:db:3c:4c,SFR_3C48,true,false
5440,24:95:04:db:3c:4c,SFR_3C48,true,false
5441,24:95:04:db:3c:4c,SFR_3C48,true,false
5442,24:95:04:db:3c:4c,SFR_3C48,true,false
5443,24:95:04:db:3c:4c,SFR_3C48,true,false
5444,24:95:04:db:3c:4c,SFR_3C48,true,false
5445,24:95:04:db:3c:4c,SFR_3C48,true,false
5446,24:95:04:db:3c:4c,SFR_3C48,true,false
5447,24:95:04:db:3c:4c,SFR_3C48,true,false
5448,24:95:04:db:3c:4c,SFR_3C48,true,false
5449,24:95:04:db:3c:4c,SFR_3C48,true,false
5450,24:95:04:db:3c:4c,SFR_3C48,true,false
5451,24:95:04:db:3c:4c,SFR_3C48,true,false
5452,24:95:04:db:3c:4c,SFR_3C48,true,false
5453,24:95:04:db:3c:4c,SFR_3C48,true,false
5454,24:95:04:db:3c:4c,SFR_3C48,true,false
5455,24:95:04:db:3c:4c,SFR_3C48,true,false
5456,24:95:04:db:3c:4c,SFR_3C48,true,false
5459,24:95:04:db:3c:4c,SFR_3C48,true,false
5460,24:95:04:db:3c:4c,SFR_3C48,true,false
5461,24:95:04:db:3c:4c,SFR_3C48,true,false
5462,24:95:04:db:3c:4c,SFR_3C48,true,false
5463,24:95:04:db:3c:4c,SFR_3C48,true,false
5464,24:95:04:db:3c:4c,SFR_3C48,true,false
5465,24:95:04:db:3c:4c,SFR_3C48,true,false
5466,24:95:04:db:3c:4c,SFR_3C48,true,false
5467,24:95:04:db:3c:4c,SFR_3C48,true,false
5468,24:95:04:db:3c:4c,SFR_3C48,true,false
5469,24:95:04:db:3c:4c,SFR_3C48,true,false
5470,24:95:04:db:3c:4c,SFR_3C48,true,false
5471,24:95:04:db:3c:4c,SFR_3C48,true,false
5472,24:95:04:db:3c:4c,SFR_3C48,true,false
5473,24:95:04:db:3c:4c,SFR_3C48,true,false
5474,24:95:04:db:3c:4c,SFR_3C48,true,false
5475,24:95:04:db:3c:4c,SFR_3C48,true,false
5476,24:95:04:db:3c:4c,SFR_3C48,true,false
5477,24:95:04:db:3c:4c,SFR_3C48,true,false
5478,24:95:04:db:3c:4c,SFR_3C48,true,false
5479,24:95:04:db:3c:4c,SFR_3C48,true,false
5480,24:95:04:db:3c:4c,SFR_3C48,true,false
5481,24:95:04:db:3c:4c,SFR_3C48,true,false
5482,24:95:04:db:3c:4c,SFR_3C48,true,false
5483,24:95:04:db:3c:4c,SFR_3C48,true,false
5484,24:95:04:db:3c:4c,SFR_3C48,true,false
5485,24:95:04:db:3c:4c,SFR_3C48,true,false
5486,24:95:04:db:3c:4c,SFR_3C48,true,false
5487,24:95:04:db:3c:4c,SFR_3C48,true,false
5488,24:95:04:db:3c:4c,SFR_3C48,true,false
5489,24:95:04:db:3c:4c,SFR_3C48,true,false
5490,24:95:04:db:3c:4c,SFR_3C48,true,false
5491,24:95:04:db:3c:4c,SFR_3C48,true,false
5492,24:95:04:db:3c:4c,SFR_3C48,true,false
5493,24:95:04:db:3c:4c,SFR_3C48,true,false
5494,24:95:04:db:3c:4c,SFR_3C48,true,false
5495,24:95:04:db:3c:4c,SFR_3C48,true,false
5496,24:95:04:db:3c:4c,SFR_3C48,true,false
5497,24:95:04:db:3c:4c,SFR_3C48,true,false
5498,24:95:04:db:3c:4c,SFR_3C48,true,false
5499,24:95:04:db:3c:4c,SFR_3C48,true,false
5500,24:95:04:db:3c:4c,SFR_3C48,true,false
5501,24:95:04:db:3c:4c,SFR_3C48,true,false
5502,24:95:04:db:3c:4c,SFR_3C48,true,false
5503,24:95:04:db:3c:4c,SFR_3C48,true,false
5504,24:95:04:db:3c:4c,SFR_3C48,true,false
5505,24:95:04:db:3c:4c,SFR_3C48,true,false
5506,24:95:04:db:3c:4c,SFR_3C48,true,false
5507,24:95:04:db:3c:4c,SFR_3C48,true,false
5508,24:95:04:db:3c:4c,SFR_3C48,true,false
5509,24:95:04:db:3c:4c,SFR_3C48,true,false
5510,24:95:04:db:3c:4c,SFR_3C48,true,false
5511,24:95:04:db:3c:4c,SFR_3C48,true,false
5512,24:95:04:db:3c:4c,SFR_3C48,true,false
5513,24:95:04:db:3c:4c,SFR_3C48,true,false
5514,24:95:04:db:3c:4c,SFR_3C48,true,false
5515,24:95:04:db:3c:4c,SFR_3C48,true,false
5516,24:95:04:db:3c:4c,SFR_3C48,true,false
5517,24:95:04:db:3c:4c,SFR_3C48,true,false
5518,24:95:04:db:3c:4c,SFR_3C48,true,false
5519,24:95:04:db:3c:4c,SFR_3C48,true,false
5520,24:95:04:db:3c:4c,SFR_3C48,true,false
5521,24:95:04:db:3c:4c,SFR_3C48,true,false
5522,24:95:04:db:3c:4c,SFR_3C48,true,false
5523,24:95:04:db:3c:4c,SFR_3C48,true,false
5524,24:95:04:db:3c:4c,SFR_3C48,true,false
5525,24:95:04:db:3c:4c,SFR_3C48,true,false
5526,24:95:04:db:3c:4c,SFR_3C48,true,false
5527,24:95:04:db:3c:4c,SFR_3C48,true,false
5528,24:95:04:db:3c:4c,SFR_3C48,true,false
5529,24:95:04:db:3c:4c,SFR_3C48,true,false
5530,24:95:04:db:3c:4c,SFR_3C48,true,false
5531,24:95:04:db:3c:4c,SFR_3C48,true,false
5532,24:95:04:db:3c:4c,SFR_3C48,true,false
5533,24:95:04:db:3c:4c,SFR_3C48,true,false
5534,24:95:04:db:3c:4c,SFR_3C48,true,false
5535,24:95:04:db:3c:4c,SFR_3C48,true,false
5536,24:95:04:db:3c:4c,SFR_3C48,true,false
5537,24:95:04:db:3c:4c,SFR_3C48,true,false
5538,24:95:04:db:3c:4c,SFR_3C48,true,false
5539,24:95:04:db:3c:4c,SFR_3C48,true,false
5540,24:95:04:db:3c:4c,SFR_3C48,true,false
5541,24:95:04:db:3c:4c,SFR_3C48,true,false
5542,24:95:04:db:3c:4c,SFR_3C48,true,false
5543,24:95:04:db:3c:4c,SFR_3C48,true,false
5544,24:95:04:db:3c:4c,SFR_3C48,true,false
5545,24:95:04:db:3c:4c,SFR_3C48,true,false
5546,24:95:04:db:3c:4c,SFR_3C48,true,false
5547,24:95:04:db:3c:4c,SFR_3C48,true,false
5548,24:95:04:db:3c:4c,SFR_3C48,true,false
5549,24:95:04:db:3c:4c,SFR_3C48,true,false
5550,24:95:04:db:3c:4c,SFR_3C48,true,false
5551,24:95:04:db:3c:4c,SFR_3C48,true,false
5552,24:95:04:db:3c:4c,SFR_3C48,true,false
5553,24:95:04:db:3c:4c,SFR_3C48,true,false
5554,24:95:04:db:3c:4c,SFR_3C48,true,false
5555,24:95:04:db:3c:4c,SFR_3C48,true,false
5556,24:95:04:db:3c:4c,SFR_3C48,true,false
5557,24:95:04:db:3c:4c,SFR_3C48,true,false
5558,24:95:04:db:3c:4c,SFR_3C48,true,false
5559,24:95:04:db:3c:4c,SFR_3C48,true,false
5560,24:95:04:db:3c:4c,SFR_3C48,true,false
5561,24:95:04:db:3c:4c,SFR_3C48,true,false
5562,24:95:04:db:3c:4c,SFR_3C48,true,false
5563,24:95:04:db:3c:4c,SFR_3C48,true,false
5564,24:95:04:db:3c:4c,SFR_3C48,true,false
5565,24:95:04:db:3c:4c,SFR_3C48,true,false
5566,24:95:04:db:3c:4c,SFR_3C48,true,false
5567,24:95:04:db:3c:4c,SFR_3C48,true,false
5568,24:95:04:db:3c:4c,SFR_3C48,true,false
5569,24:95:04:db:3c:4c,SFR_3C48,true,false
5570,24:95:04:db:3c:4c,SFR_3C48,true,false
5571,24:95:04:db:3c:4c,SFR_3C48,true,false
5572,24:95:04:db:3c:4c,SFR_3C48,true,false
5573,24:95:04:db:3c:4c,SFR_3C48,true,false
5574,24:95:04:db:3c:4c,SFR_3C48,true,false
5575,24:95:04:db:3c:4c,SFR_3C48,true,false
5576,24:95:04:db:3c:4c,SFR_3C48,true,false
5577,24:95:04:db:3c:4c,SFR_3C48,true,false
5578,24:95:04:db:3c:4c,SFR_3C48,true,false
5579,24:95:04:db:3c:4c,SFR_3C48,true,false
5580,24:95:04:db:3c:4c,SFR_3C48,true,false
5581,24:95:04:db:3c:4c,SFR_3C48,true,false
5582,24:95:04:db:3c:4c,SFR_3C48,true,false
5583,24:95:04:db:3c:4c,SFR_3C48,true,false
5584,24:95:04:db:3c:4c,SFR_3C48,true,false
5585,24:95:04:db:3c:4c,SFR_3C48,true,false
5586,24:95:04:db:3c:4c,SFR_3C48,true,false
5587,24:95:04:db:3c:4c,SFR_3C48,true,false
5588,24:95:04:db:3c:4c,SFR_3C48,true,false
5589,24:95:04:db:3c:4c,SFR_3C48,true,false
5590,24:95:04:db:3c:4c,SFR_3C48,true,false
5591,24:95:04:db:3c:4c,SFR_3C48,true,false
5592,24:95:04:db:3c:4c,SFR_3C48,true,false
5593,24:95:04:db:3c:4c,SFR_3C48,true,false
5594,24:95:04:db:3c:4c,SFR_3C48,true,false
5595,24:95:04:db:3c:4c,SFR_3C48,true,false
5596,24:95:04:db:3c:4c,SFR_3C48,true,false
5597,24:95:04:db:3c:4c,SFR_3C48,true,false
5598,24:95:04:db:3c:4c,SFR_3C48,true,false
5599,24:95:04:db:3c:4c,SFR_3C48,true,false
5600,24:95:04:db:3c:4c,SFR_3C48,true,false
5601,24:95:04:db:3c:4c,SFR_3C48,true,false
5602,24:95:04:db:3c:4c,SFR_3C48,true,false
5603,24:95:04:db:3c:4c,SFR_3C48,true,false
5604,24:95:04:db:3c:4c,SFR_3C48,true,false
5605,24:95:04:db:3c:4c,SFR_3C48,true,false
5606,24:95:04:db:3c:4c,SFR_3C48,true,false
5607,24:95:04:db:3c:4c,SFR_3C48,true,false
5608,24:95:04:db:3c:4c,SFR_3C48,true,false
5612,24:95:04:db:3c:4c,SFR_3C48,true,false
5613,24:95:04:db:3c:4c,SFR_3C48,true,false
5614,24:95:04:db:3c:4c,SFR_3C48,true,false
5615,24:95:04:db:3c:4c,SFR_3C48,true,false
5616,24:95:04:db:3c:4c,SFR_3C48,true,false
5617,24:95:04:db:3c:4c,SFR_3C48,true,false
5618,24:95:04:db:3c:4c,SFR_3C48,true,false
5619,24:95:04:db:3c:4c,SFR_3C48,true,false
5620,24:95:04:db:3c:4c,SFR_3C48,true,false
5621,24:95:04:db:3c:4c,SFR_3C48,true,false
5622,24:95:04:db:3c:4c,SFR_3C48,true,false
5623,24:95:04:db:3c:4c,SFR_3C48,true,false
5637,24:95:04:db:3c:4c,SFR_3C48,true,false
5638,24:95:04:db:3c:4c,SFR_3C48,true,false
5639,24:95:04:db:3c:4c,SFR_3C48,true,false
5640,24:95:04:db:3c:4c,SFR_3C48,true,false
5641,24:95:04:db:3c:4c,SFR_3C48,true,false
5642,24:95:04:db:3c:4c,SFR_3C48,true,false
5643,24:95:04:db:3c:4c,SFR_3C48,true,false
5644,24:95:04:db:3c:4c,SFR_3C48,true,false
5645,24:95:04:db:3c:4c,SFR_3C48,true,false
5646,24:95:04:db:3c:4c,SFR_3C48,true,false
5647,24:95:04:db:3c:4c,SFR_3C48,true,false
5648,24:95:04:db:3c:4c,SFR_3C48,true,false
5649,24:95:04:db:3c:4c,SFR_3C48,true,false
5650,24:95:04:db:3c:4c,SFR_3C48,true,false
5651,24:95:04:db:3c:4c,SFR_3C48,true,false
5652,24:95:04:db:3c:4c,SFR_3C48,true,false
5653,24:95:04:db:3c:4c,SFR_3C48,true,false
5660,24:95:04:db:3c:4c,SFR_3C48,true,false
5665,24:95:04:db:3c:4c,SFR_3C48,true,false
5666,24:95:04:db:3c:4c,SFR_3C48,true,false
5667,24:95:04:db:3c:4c,SFR_3C48,true,false
5668,24:95:04:db:3c:4c,SFR_3C48,true,false
5669,24:95:04:db:3c:4c,SFR_3C48,true,false
5670,24:95:04:db:3c:4c,SFR_3C48,true,false
5671,24:95:04:db:3c:4c,SFR_3C48,true,false
5672,24:95:04:db:3c:4c,SFR_3C48,true,false
5673,24:95:04:db:3c:4c,SFR_3C48,true,false
5674,24:95:04:db:3c:4c,SFR_3C48,true,false
5675,24:95:04:db:3c:4c,SFR_3C48,true,false
5676,24:95:04:db:3c:4c,SFR_3C48,true,false
5677,24:95:04:db:3c:4c,SFR_3C48,true,false
5678,24:95:04:db:3c:4c,SFR_3C48,true,false
5679,24:95:04:db:3c:4c,SFR_3C48,true,false
5680,24:95:04:db:3c:4c,SFR_3C48,true,false
5681,24:95:04:db:3c:4c,SFR_3C48,true,false
5682,24:95:04:db:3c:4c,SFR_3C48,true,false
5683,24:95:04:db:3c:4c,SFR_3C48,true,false
5684,24:95:04:db:3c:4c,SFR_3C48,true,false
5685,24:95:04:db:3c:4c,SFR_3C48,true,false
5686,24:95:04:db:3c:4c,SFR_3C48,true,false
5687,24:95:04:db:3c:4c,SFR_3C48,true,false
5688,24:95:04:db:3c:4c,SFR_3C48,true,false
5689,24:95:04:db:3c:4c,SFR_3C48,true,false
5690,24:95:04:db:3c:4c,SFR_3C48,true,false
5700,24:95:04:db:3c:4c,SFR_3C48,true,false
5701,24:95:04:db:3c:4c,SFR_3C48,true,false
5702,24:95:04:db:3c:4c,SFR_3C48,true,false
5703,24:95:04:db:3c:4c,SFR_3C48,true,false
5704,24:95:04:db:3c:4c,SFR_3C48,true,false
5705,24:95:04:db:3c:4c,SFR_3C48,true,false
5706,24:95:04:db:3c:4c,SFR_3C48,true,false
5707,24:95:04:db:3c:4c,SFR_3C48,true,false
5708,24:95:04:db:3c:4c,SFR_3C48,true,false
5709,24:95:04:db:3c:4c,SFR_3C48,true,false
5710,24:95:04:db:3c:4c,SFR_3C48,true,false
5711,24:95:04:db:3c:4c,SFR_3C48,true,false
5712,24:95:04:db:3c:4c,SFR_3C48,true,false
5713,24:95:04:db:3c:4c,SFR_3C48,true,false
5714,24:95:04:db:3c:4c,SFR_3C48,true,false
5715,24:95:04:db:3c:4c,SFR_3C48,true,false
5716,24:95:04:db:3c:4c,SFR_3C48,true,false
5717,24:95:04:db:3c:4c,SFR_3C48,true,false
5718,24:95:04:db:3c:4c,SFR_3C48,true,false
5719,24:95:04:db:3c:4c,SFR_3C48,true,false
5720,24:95:04:db:3c:4c,SFR_3C48,true,false
5721,24:95:04:db:3c:4c,SFR_3C48,true,false
5722,24:95:04:db:3c:4c,SFR_3C48,true,false
5723,24:95:04:db:3c:4c,SFR_3C48,true,false
5724,24:95:04:db:3c:4c,SFR_3C48,true,false
5725,24:95:04:db:3c:4c,SFR_3C48,true,false
5726,24:95:04:db:3c:4c,SFR_3C48,true,false
5727,24:95:04:db:3c:4c,SFR_3C48,true,false
5728,24:95:04:db:3c:4c,SFR_3C48,true,false
5729,24:95:04:db:3c:4c,SFR_3C48,true,false
5730,24:95:04:db:3c:4c,SFR_3C48,true,false
5731,24:95:04:db:3c:4c,SFR_3C48,true,false
5732,24:95:04:db:3c:4c,SFR_3C48,true,false
5733,24:95:04:db:3c:4c,SFR_3C48,true,false
5734,24:95:04:db:3c:4c,SFR_3C48,true,false
5735,24:95:04:db:3c:4c,SFR_3C48,true,false
5736,24:95:04:db:3c:4c,SFR_3C48,true,false
5737,24:95:04:db:3c:4c,SFR_3C48,true,false
5738,24:95:04:db:3c:4c,SFR_3C48,true,false
5739,24:95:04:db:3c:4c,SFR_3C48,true,false
5740,24:95:04:db:3c:4c,SFR_3C48,true,false
5741,24:95:04:db:3c:4c,SFR_3C48,true,false
5742,24:95:04:db:3c:4c,SFR_3C48,true,false
5743,24:95:04:db:3c:4c,SFR_3C48,true,false
5744,24:95:04:db:3c:4c,SFR_3C48,true,false
5745,24:95:04:db:3c:4c,SFR_3C48,true,false
5746,24:95:04:db:3c:4c,SFR_3C48,true,false
5747,24:95:04:db:3c:4c,SFR_3C48,true,false
5748,24:95:04:db:3c:4c,SFR_3C48,true,false
5749,24:95:04:db:3c:4c,SFR_3C48,true,false
5750,24:95:04:db:3c:4c,SFR_3C48,true,false
5751,24:95:04:db:3c:4c,SFR_3C48,true,false
5752,24:95:04:db:3c:4c,SFR_3C48,true,false
5753,24:95:04:db:3c:4c,SFR_3C48,true,false
5754,24:95:04:db:3c:4c,SFR_3C48,true,false
5755,24:95:04:db:3c:4c,SFR_3C48,true,false
5756,24:95:04:db:3c:4c,SFR_3C48,true,false
5757,24:95:04:db:3c:4c,SFR_3C48,true,false
5758,24:95:04:db:3c:4c,SFR_3C48,true,false
5759,24:95:04:db:3c:4c,SFR_3C48,true,false
5760,24:95:04:db:3c:4c,SFR_3C48,true,false
5761,24:95:04:db:3c:4c,SFR_3C48,true,false
5762,24:95:04:db:3c:4c,SFR_3C48,true,false
5763,24:95:04:db:3c:4c,SFR_3C48,true,false
5764,24:95:04:db:3c:4c,SFR_3C48,true,false
5765,24:95:04:db:3c:4c,SFR_3C48,true,false
5766,24:95:04:db:3c:4c,SFR_3C48,true,false
5767,24:95:04:db:3c:4c,SFR_3C48,true,false
5768,24:95:04:db:3c:4c,SFR_3C48,true,false
5769,24:95:04:db:3c:4c,SFR_3C48,true,false
5770,24:95:04:db:3c:4c,SFR_3C48,true,false
5771,24:95:04:db:3c:4c,SFR_3C48,true,false
5772,24:95:04:db:3c:4c,SFR_3C48,true,false
5773,24:95:04:db:3c:4c,SFR_3C48,true,false
5774,24:95:04:db:3c:4c,SFR_3C48,true,false
5775,24:95:04:db:3c:4c,SFR_3C48,true,false
5776,24:95:04:db:3c:4c,SFR_3C48,true,false
5777,24:95:04:db:3c:4c,SFR_3C48,true,false
5778,24:95:04:db:3c:4c,SFR_3C48,true,false
5779,24:95:04:db:3c:4c,SFR_3C48,true,false
5780,24:95:04:db:3c:4c,SFR_3C48,true,false
5781,24:95:04:db:3c:4c,SFR_3C48,true,false
5782,24:95:04:db:3c:4c,SFR_3C48,true,false
5783,24:95:04:db:3c:4c,SFR_3C48,true,false
5784,24:95:04:db:3c:4c,SFR_3C48,true,false
5785,24:95:04:db:3c:4c,SFR_3C48,true,false
5786,24:95:04:db:3c:4c,SFR_3C48,true,false
5787,24:95:04:db:3c:4c,SFR_3C48,true,false
5788,24:95:04:db:3c:4c,SFR_3C48,true,false
5789,24:95:04:db:3c:4c,SFR_3C48,true,false
5790,24:95:04:db:3c:4c,SFR_3C48,true,false
5791,24:95:04:db:3c:4c,SFR_3C48,true,false
5792,24:95:04:db:3c:4c,SFR_3C48,true,false
5793,24:95:04:db:3c:4c,SFR_3C48,true,false
5794,24:95:04:db:3c:4c,SFR_3C48,true,false
5795,24:95:04:db:3c:4c,SFR_3C48,true,false
5796,24:95:04:db:3c:4c,SFR_3C48,true,false
5797,24:95:04:db:3c:4c,SFR_3C48,true,false
5798,24:95:04:db:3c:4c,SFR_3C48,true,false
5799,24:95:04:db:3c:4c,SFR_3C48,true,false
5800,24:95:04:db:3c:4c,SFR_3C48,true,false
5801,24:95:04:db:3c:4c,SFR_3C48,true,false
5802,24:95:04:db:3c:4c,SFR_3C48,true,false
5803,24:95:04:db:3c:4c,SFR_3C48,true,false
5804,24:95:04:db:3c:4c,SFR_3C48,true,false
5805,24:95:04:db:3c:4c,SFR_3C48,true,false
5806,24:95:04:db:3c:4c,SFR_3C48,true,false
5807,24:95:04:db:3c:4c,SFR_3C48,true,false
5808,24:95:04:db:3c:4c,SFR_3C48,true,false
5809,24:95:04:db:3c:4c,SFR_3C48,true,false
5810,24:95:04:db:3c:4c,SFR_3C48,true,false
5811,24:95:04:db:3c:4c,SFR_3C48,true,false
5812,24:95:04:db:3c:4c,SFR_3C48,true,false
5813,24:95:04:db:3c:4c,SFR_3C48,true,false
5814,24:95:04:db:3c:4c,SFR_3C48,true,false
5815,24:95:04:db:3c:4c,SFR_3C48,true,false
5816,24:95:04:db:3c:4c,SFR_3C48,true,false
5817,24:95:04:db:3c:4c,SFR_3C48,true,false
5818,24:95:04:db:3c:4c,SFR_3C48,true,false
5819,24:95:04:db:3c:4c,SFR_3C48,true,false
5820,24:95:04:db:3c:4c,SFR_3C48,true,false
5821,24:95:04:db:3c:4c,SFR_3C48,true,false
5822,24:95:04:db:3c:4c,SFR_3C48,true,false
5823,24:95:04:db:3c:4c,SFR_3C48,true,false
5824,24:95:04:db:3c:4c,SFR_3C48,true,false
5825,24:95:04:db:3c:4c,SFR_3C48,true,false
5826,24:95:04:db:3c:4c,SFR_3C48,true,false
5827,24:95:04:db:3c:4c,SFR_3C48,true,false
5828,24:95:04:db:3c:4c,SFR_3C48,true,false
5829,24:95:04:db:3c:4c,SFR_3C48,true,false
5830,24:95:04:db:3c:4c,SFR_3C48,true,false
5831,24:95:04:db:3c:4c,SFR_3C48,true,false
5832,24:95:04:db:3c:4c,SFR_3C48,true,false
5833,24:95:04:db:3c:4c,SFR_3C48,true,false
5834,24:95:04:db:3c:4c,SFR_3C48,true,false
5835,24:95:04:db:3c:4c,SFR_3C48,true,false
5836,24:95:04:db:3c:4c,SFR_3C48,true,false
5837,24:95:04:db:3c:4c,SFR_3C48,true,false
5838,24:95:04:db:3c:4c,SFR_3C48,true,false
5839,24:95:04:db:3c:4c,SFR_3C48,true,false
5840,24:95:04:db:3c:4c,SFR_3C48,true,false
5841,24:95:04:db:3c:4c,SFR_3C48,true,false
5842,24:95:04:db:3c:4c,SFR_3C48,true,false
5843,24:95:04:db:3c:4c,SFR_3C48,true,false
5844,24:95:04:db:3c:4c,SFR_3C48,true,false
5845,24:95:04:db:3c:4c,SFR_3C48,true,false
5846,24:95:04:db:3c:4c,SFR_3C48,true,false
5847,24:95:04:db:3c:4c,SFR_3C48,true,false
5848,24:95:04:db:3c:4c,SFR_3C48,true,false
5849,24:95:04:db:3c:4c,SFR_3C48,true,false
5850,24:95:04:db:3c:4c,SFR_3C48,true,false
5851,24:95:04:db:3c:4c,SFR_3C48,true,false
5852,24:95:04:db:3c:4c,SFR_3C48,true,false
5853,24:95:04:db:3c:4c,SFR_3C48,true,false
5854,24:95:04:db:3c:4c,SFR_3C48,true,false
5855,24:95:04:db:3c:4c,SFR_3C48,true,false
5856,24:95:04:db:3c:4c,SFR_3C48,true,false
5857,24:95:04:db:3c:4c,SFR_3C48,true,false
5858,24:95:04:db:3c:4c,SFR_3C48,true,false
5859,24:95:04:db:3c:4c,SFR_3C48,true,false
5860,24:95:04:db:3c:4c,SFR_3C48,true,false
5861,24:95:04:db:3c:4c,SFR_3C48,true,false
5862,24:95:04:db:3c:4c,SFR_3C48,true,false
5863,24:95:04:db:3c:4c,SFR_3C48,true,false
5864,24:95:04:db:3c:4c,SFR_3C48,true,false
5865,24:95:04:db:3c:4c,SFR_3C48,true,false
5866,24:95:04:db:3c:4c,SFR_3C48,true,false
5867,24:95:04:db:3c:4c,SFR_3C48,true,false
5868,24:95:04:db:3c:4c,SFR_3C48,true,false
5869,24:95:04:db:3c:4c,SFR_3C48,true,false
5870,24:95:04:db:3c:4c,SFR_3C48,true,false
5871,24:95:04:db:3c:4c,SFR_3C48,true,false
5872,24:95:04:db:3c:4c,SFR_3C48,true,false
5873,24:95:04:db:3c:4c,SFR_3C48,true,false
5874,24:95:04:db:3c:4c,SFR_3C48,true,false
5875,24:95:04:db:3c:4c,SFR_3C48,true,false
5876,24:95:04:db:3c:4c,SFR_3C48,true,false
5877,24:95:04:db:3c:4c,SFR_3C48,true,false
5878,24:95:04:db:3c:4c,SFR_3C48,true,false
5879,24:95:04:db:3c:4c,SFR_3C48,true,false
5880,24:95:04:db:3c:4c,SFR_3C48,true,false
5881,24:95:04:db:3c:4c,SFR_3C48,true,false
5882,24:95:04:db:3c:4c,SFR_3C48,true,false
5883,24:95:04:db:3c:4c,SFR_3C48,true,false
5884,24:95:04:db:3c:4c,SFR_3C48,true,false
5885,24:95:04:db:3c:4c,SFR_3C48,true,false
5886,24:95:04:db:3c:4c,SFR_3C48,true,false
5887,24:95:04:db:3c:4c,SFR_3C48,true,false
5888,24:95:04:db:3c:4c,SFR_3C48,true,false
5889,24:95:04:db:3c:4c,SFR_3C48,true,false
5890,24:95:04:db:3c:4c,SFR_3C48,true,false
5891,24:95:04:db:3c:4c,SFR_3C48,true,false
5892,24:95:04:db:3c:4c,SFR_3C48,true,false
5893,24:95:04:db:3c:4c,SFR_3C48,true,false
5894,24:95:04:db:3c:4c,SFR_3C48,true,false
5895,24:95:04:db:3c:4c,SFR_3C48,true,false
5896,24:95:04:db:3c:4c,SFR_3C48,true,false
5897,24:95:04:db:3c:4c,SFR_3C48,true,false
5898,24:95:04:db:3c:4c,SFR_3C48,true,false
5899,24:95:04:db:3c:4c,SFR_3C48,true,false
5900,24:95:04:db:3c:4c,SFR_3C48,true,false
5901,24:95:04:db:3c:4c,SFR_3C48,true,false
5902,24:95:04:db:3c:4c,SFR_3C48,true,false
5903,24:95:04:db:3c:4c,SFR_3C48,true,false
5904,24:95:04:db:3c:4c,SFR_3C48,true,false
5905,24:95:04:db:3c:4c,SFR_3C48,true,false
5906,24:95:04:db:3c:4c,SFR_3C48,true,false
5907,24:95:04:db:3c:4c,SFR_3C48,true,false
5908,24:95:04:db:3c:4c,SFR_3C48,true,false
5909,24:95:04:db:3c:4c,SFR_3C48,true,false
5910,24:95:04:db:3c:4c,SFR_3C48,true,false
5911,24:95:04:db:3c:4c,SFR_3C48,true,false
5912,24:95:04:db:3c:4c,SFR_3C48,true,false
5913,24:95:04:db:3c:4c,SFR_3C48,true,false
5914,24:95:04:db:3c:4c,SFR_3C48,true,false
5915,24:95:04:db:3c:4c,SFR_3C48,true,false
5916,24:95:04:db:3c:4c,SFR_3C48,true,false
5917,24:95:04:db:3c:4c,SFR_3C48,true,false
5918,24:95:04:db:3c:4c,SFR_3C48,true,false
5919,24:95:04:db:3c:4c,SFR_3C48,true,false
5920,24:95:04:db:3c:4c,SFR_3C48,true,false
5921,24:95:04:db:3c:4c,SFR_3C48,true,false
5922,24:95:04:db:3c:4c,SFR_3C48,true,false
5923,24:95:04:db:3c:4c,SFR_3C48,true,false
5924,24:95:04:db:3c:4c,SFR_3C48,true,false
5925,24:95:04:db:3c:4c,SFR_3C48,true,false
5926,24:95:04:db:3c:4c,SFR_3C48,true,false
5927,24:95:04:db:3c:4c,SFR_3C48,true,false
5928,24:95:04:db:3c:4c,SFR_3C48,true,false
5929,24:95:04:db:3c:4c,SFR_3C48,true,false
5930,24:95:04:db:3c:4c,SFR_3C48,true,false
5931,24:95:04:db:3c:4c,SFR_3C48,true,false
5932,24:95:04:db:3c:4c,SFR_3C48,true,false
5933,24:95:04:db:3c:4c,SFR_3C48,true,false
5934,24:95:04:db:3c:4c,SFR_3C48,true,false
5935,60:60:1f:03:97:b7,RID-1581F67PB22B800307Z6,true,true
5936,24:95:04:db:3c:4c,SFR_3C48,true,false
5937,24:95:04:db:3c:4c,SFR_3C48,true,false
5938,24:95:04:db:3c:4c,SFR_3C48,true,false
5939,60:60:1f:03:97:b7,RID-1581F67PB22B800307Z6,true,true
5940,24:95:04:db:3c:4c,SFR_3C48,true,false
5941,24:95:04:db:3c:4c,SFR_3C48,true,false
5942,60:60:1f:03:97:b7,RID-1581F67PB22B800307Z6,true,true
5943,24:95:04:db:3c:4c,SFR_3C48,true,false
5944,24:95:04:db:3c:4c,SFR_3C48,true,false
5945,24:95:04:db:3c:4c,SFR_3C48,true,false
5946,24:95:04:db:3c:4c,SFR_3C48,true,false
5947,60:60:1f:03:97:b7,RID-1581F67PB22B800307Z6,true,true
5948,24:95:04:db:3c:4c,SFR_3C48,true,false
5949,24:95:04:db:3c:4c,SFR_3C48,true,false
5950,60:60:1f:03:97:b7,RID-1581F67PB22B800307Z6,true,true
5951,24:95:04:db:3c:4c,SFR_3C48,true,false
5952,24:95:04:db:3c:4c,SFR_3C48,true,false
5953,60:60:1f:03:97:b7,RID-1581F67PB22B800307Z6,true,true
5954,24:95:04:db:3c:4c,SFR_3C48,true,false
5955,24:95:04:db:3c:4c,SFR_3C48,true,false
5956,24:95:04:db:3c:4c,SFR_3C48,true,false
5957,24:95:04:db:3c:4c,SFR_3C48,true,false
5958,60:60:1f:03:97:b7,RID-1581F67PB22B800307Z6,true,true
5959,24:95:04:db:3c:4c,SFR_3C48,true,false
5960,24:95:04:db:3c:4c,SFR_3C48,true,false
5961,60:60:1f:03:97:b7,RID-1581F67PB22B800307Z6,true,true
5962,24:95:04:db:3c:4c,SFR_3C48,true,false
5963,24:95:04:db:3c:4c,SFR_3C48,true,false
5964,24:95:04:db:3c:4c,SFR_3C48,true,false
5965,60:60:1f:03:97:b7,RID-1581F67PB22B800307Z6,true,true
5966,24:95:04:db:3c:4c,SFR_3C48,true,false
5967,60:60:1f:03:97:b7,RID-1581F67PB22B800307Z6,true,true
5968,24:95:04:db:3c:4c,SFR_3C48,true,false
5969,24:95:04:db:3c:4c,SFR_3C48,true,false
5970,60:60:1f:03:97:b7,RID-1581F67PB22B800307Z6,true,true
5971,24:95:04:db:3c:4c,SFR_3C48,true,false
5972,24:95:04:db:3c:4c,SFR_3C48,true,false
5973,24:95:04:db:3c:4c,SFR_3C48,true,false
5974,60:60:1f:03:97:b7,RID-1581F67PB22B800307Z6,true,true
5975,24:95:04:db:3c:4c,SFR_3C48,true,false
5976,24:95:04:db:3c:4c,SFR_3C48,true,false
5977,60:60:1f:03:97:b7,RID-1581F67PB22B800307Z6,true,true
5978,24:95:04:db:3c:4c,SFR_3C48,true,false
5979,60:60:1f:03:97:b7,RID-1581F67PB22B800307Z6,true,true
5980,24:95:04:db:3c:4c,SFR_3C48,true,false
5981,24:95:04:db:3c:4c,SFR_3C48,true,false
5982,24:95:04:db:3c:4c,SFR_3C48,true,false
5983,60:60:1f:03:97:b7,RID-1581F67PB22B800307Z6,true,true
5984,24:95:04:db:3c:4c,SFR_3C48,true,false
5985,24:95:04:db:3c:4c,SFR_3C48,true,false
5986,60:60:1f:03:97:b7,RID-1581F67PB22B800307Z6,true,true
5987,24:95:04:db:3c:4c,SFR_3C48,true,false
5988,24:95:04:db:3c:4c,SFR_3C48,true,false
5989,60:60:1f:03:97:b7,RID-1581F67PB22B800307Z6,true,true
5990,24:95:04:db:3c:4c,SFR_3C48,true,false
5991,24:95:04:db:3c:4c,SFR_3C48,true,false
5992,24:95:04:db:3c:4c,SFR_3C48,true,false
5993,60:60:1f:03:97:b7,RID-1581F67PB22B800307Z6,true,true
5994,24:95:04:db:3c:4c,SFR_3C48,true,false
5995,60:60:1f:03:97:b7,RID-1581F67PB22B800307Z6,true,true
5996,24:95:04:db:3c:4c,SFR_3C48,true,false
5997,24:95:04:db:3c:4c,SFR_3C48,true,false
5998,60:60:1f:03:97:b7,RID-1581F67PB22B800307Z6,true,true
5999,24:95:04:db:3c:4c,SFR_3C48,true,false
6000,24:95:04:db:3c:4c,SFR_3C48,true,false
6001,24:95:04:db:3c:4c,SFR_3C48,true,false
6002,60:60:1f:03:97:b7,RID-1581F67PB22B800307Z6,true,true
6003,24:95:04:db:3c:4c,SFR_3C48,true,false
6004,60:60:1f:03:97:b7,RID-1581F67PB22B800307Z6,true,true
6005,24:95:04:db:3c:4c,SFR_3C48,true,false
6006,24:95:04:db:3c:4c,SFR_3C48,true,false
6007,60:60:1f:03:97:b7,RID-1581F67PB22B800307Z6,true,true
6015,24:95:04:db:3c:4c,SFR_3C48,true,false
6017,24:95:04:db:3c:4c,SFR_3C48,true,false
6018,24:95:04:db:3c:4c,SFR_3C48,true,false
6019,60:60:1f:03:97:b7,RID-1581F67PB22B800307Z6,true,true
6020,24:95:04:db:3c:4c,SFR_3C48,true,false
6021,24:95:04:db:3c:4c,SFR_3C48,true,false
6022,60:60:1f:03:97:b7,RID-1581F67PB22B800307Z6,true,true
6023,24:95:04:db:3c:4c,SFR_3C48,true,false
6024,60:60:1f:03:97:b7,RID-1581F67PB22B800307Z6,true,true
6025,24:95:04:db:3c:4c,SFR_3C48,true,false
6026,24:95:04:db:3c:4c,SFR_3C48,true,false
6027,24:95:04:db:3c:4c,SFR_3C48,true,false
6028,60:60:1f:03:97:b7,RID-1581F67PB22B800307Z6,true,true
6029,24:95:04:db:3c:4c,SFR_3C48,true,false
6030,24:95:04:db:3c:4c,SFR_3C48,true,false
6031,60:60:1f:03:97:b7,RID-1581F67PB22B800307Z6,true,true
6032,24:95:04:db:3c:4c,SFR_3C48,true,false
6033,24:95:04:db:3c:4c,SFR_3C48,true,false
6034,60:60:1f:03:97:b7,RID-1581F67PB22B800307Z6,true,true
6035,24:95:04:db:3c:4c,SFR_3C48,true,false
6036,24:95:04:db:3c:4c,SFR_3C48,true,false
6037,60:60:1f:03:97:b7,RID-1581F67PB22B800307Z6,true,true
6038,24:95:04:db:3c:4c,SFR_3C48,true,false
6039,60:60:1f:03:97:b7,RID-1581F67PB22B800307Z6,true,true
6040,24:95:04:db:3c:4c,SFR_3C48,true,false
6041,24:95:04:db:3c:4c,SFR_3C48,true,false
6042,60:60:1f:03:97:b7,RID-1581F67PB22B800307Z6,true,true
6043,24:95:04:db:3c:4c,SFR_3C48,true,false
6044,24:95:04:db:3c:4c,SFR_3C48,true,false
6045,24:95:04:db:3c:4c,SFR_3C48,true,false
6046,60:60:1f:03:97:b7,RID-1581F67PB22B800307Z6,true,true
6047,24:95:04:db:3c:4c,SFR_3C48,true,false
6048,60:60:1f:03:97:b7,RID-1581F67PB22B800307Z6,true,true
6049,24:95:04:db:3c:4c,SFR_3C48,true,false
6050,24:95:04:db:3c:4c,SFR_3C48,true,false
6051,60:60:1f:03:97:b7,RID-1581F67PB22B800307Z6,true,true
6052,24:95:04:db:3c:4c,SFR_3C48,true,false
6053,60:60:1f:03:97:b7,RID-1581F67PB22B800307Z6,true,true
6054,60:60:1f:03:97:b7,RID-1581F67PB22B800307Z6,true,true
6055,60:60:1f:03:97:b7,RID-1581F67PB22B800307Z6,true,true
6056,60:60:1f:03:97:b7,RID-1581F67PB22B800307Z6,true,true
6057,60:60:1f:03:97:b7,RID-1581F67PB22B800307Z6,true,true
6058,24:95:04:db:3c:4c,SFR_3C48,true,false
6059,24:95:04:db:3c:4c,SFR_3C48,true,false
6060,60:60:1f:03:97:b7,RID-1581F67PB22B800307Z6,true,true
6061,24:95:04:db:3c:4c,SFR_3C48,true,false
6062,24:95:04:db:3c:4c,SFR_3C48,true,false
6063,24:95:04:db:3c:4c,SFR_3C48,true,false
6064,60:60:1f:03:97:b7,RID-1581F67PB22B800307Z6,true,true
6065,24:95:04:db:3c:4c,SFR_3C48,true,false
6066,60:60:1f:03:97:b7,RID-1581F67PB22B800307Z6,true,true
6067,24:95:04:db:3c:4c,SFR_3C48,true,false
6068,24:95:04:db:3c:4c,SFR_3C48,true,false
6069,60:60:1f:03:97:b7,RID-1581F67PB22B800307Z6,true,true
6070,60:60:1f:03:97:b7,RID-1581F67PB22B800307Z6,true,true
6071,60:60:1f:03:97:b7,RID-1581F67PB22B800307Z6,true,true
6072,60:60:1f:03:97:b7,RID-1581F67PB22B800307Z6,true,true
6073,24:95:04:db:3c:4c,SFR_3C48,true,false
6074,60:60:1f:03:97:b7,RID-1581F67PB22B800307Z6,true,true
6075,60:60:1f:03:97:b7,RID-1581F67PB22B800307Z6,true,true
6076,60:60:1f:03:97:b7,RID-1581F67PB22B800307Z6,true,true
6077,60:60:1f:03:97:b7,RID-1581F67PB22B800307Z6,true,true
6078,24:95:04:db:3c:4c,SFR_3C48,true,false
6079,24:95:04:db:3c:4c,SFR_3C48,true,false
6080,60:60:1f:03:97:b7,RID-1581F67PB22B800307Z6,true,true
6081,24:95:04:db:3c:4c,SFR_3C48,true,false
6082,24:95:04:db:3c:4c,SFR_3C48,true,false
6083,60:60:1f:03:97:b7,RID-1581F67PB22B800307Z6,true,true
6084,24:95:04:db:3c:4c,SFR_3C48,true,false
6085,24:95:04:db:3c:4c,SFR_3C48,true,false
6086,24:95:04:db:3c:4c,SFR_3C48,true,false
6087,60:60:1f:03:97:b7,RID-1581F67PB22B800307Z6,true,true
6088,24:95:04:db:3c:4c,SFR_3C48,true,false
6089,60:60:1f:03:97:b7,RID-1581F67PB22B800307Z6,true,true
6090,24:95:04:db:3c:4c,SFR_3C48,true,false
6091,24:95:04:db:3c:4c,SFR_3C48,true,false
6092,60:60:1f:03:97:b7,RID-1581F67PB22B800307Z6,true,true
6093,24:95:04:db:3c:4c,SFR_3C48,true,false
6094,24:95:04:db:3c:4c,SFR_3C48,true,false
6095,24:95:04:db:3c:4c,SFR_3C48,true,false
6096,60:60:1f:03:97:b7,RID-1581F67PB22B800307Z6,true,true
6097,24:95:04:db:3c:4c,SFR_3C48,true,false
6098,60:60:1f:03:97:b7,RID-1581F67PB22B800307Z6,true,true
6099,24:95:04:db:3c:4c,SFR_3C48,true,false
6100,24:95:04:db:3c:4c,SFR_3C48,true,false
6101,60:60:1f:03:97:b7,RID-1581F67PB22B800307Z6,true,true
6102,24:95:04:db:3c:4c,SFR_3C48,true,false
6103,24:95:04:db:3c:4c,SFR_3C48,true,false
6104,24:95:04:db:3c:4c,SFR_3C48,true,false
6105,60:60:1f:03:97:b7,RID-1581F67PB22B800307Z6,true,true
6106,24:95:04:db:3c:4c,SFR_3C48,true,false
6107,24:95:04:db:3c:4c,SFR_3C48,true,false
6108,60:60:1f:03:97:b7,RID-1581F67PB22B800307Z6,true,true
6109,24:95:04:db:3c:4c,SFR_3C48,true,false
6110,60:60:1f:03:97:b7,RID-1581F67PB22B800307Z6,true,true
6111,24:95:04:db:3c:4c,SFR_3C48,true,false
6112,24:95:04:db:3c:4c,SFR_3C48,true,false
6113,24:95:04:db:3c:4c,SFR_3C48,true,false
6114,60:60:1f:03:97:b7,RID-1581F67PB22B800307Z6,true,true
6115,24:95:04:db:3c:4c,SFR_3C48,true,false
6116,24:95:04:db:3c:4c,SFR_3C48,true,false
6117,60:60:1f:03:97:b7,RID-1581F67PB22B800307Z6,true,true
6118,24:95:04:db:3c:4c,SFR_3C48,true,false
6119,24:95:04:db:3c:4c,SFR_3C48,true,false
6120,60:60:1f:03:97:b7,RID-1581F67PB22B800307Z6,true,true
6121,24:95:04:db:3c:4c,SFR_3C48,true,false
6122,24:95:04:db:3c:4c,SFR_3C48,true,false
6123,24:95:04:db:3c:4c,SFR_3C48,true,false
6124,60:60:1f:03:97:b7,RID-1581F67PB22B800307Z6,true,true
6125,24:95:04:db:3c:4c,SFR_3C48,true,false
6126,60:60:1f:03:97:b7,RID-1581F67PB22B800307Z6,true,true
6127,24:95:04:db:3c:4c,SFR_3C48,true,false
6128,24:95:04:db:3c:4c,SFR_3C48,true,false
6129,60:60:1f:03:97:b7,RID-1581F67PB22B800307Z6,true,true
6130,24:95:04:db:3c:4c,SFR_3C48,true,false
6131,24:95:04:db:3c:4c,SFR_3C48,true,false
6132,24:95:04:db:3c:4c,SFR_3C48,true,false
6133,60:60:1f:03:97:b7,RID-1581F67PB22B800307Z6,true,true
6134,24:95:04:db:3c:4c,SFR_3C48,true,false
6135,60:60:1f:03:97:b7,RID-1581F67PB22B800307Z6,true,true
6136,24:95:04:db:3c:4c,SFR_3C48,true,false
6137,24:95:04:db:3c:4c,SFR_3C48,true,false
6138,60:60:1f:03:97:b7,RID-1581F67PB22B800307Z6,true,true
6139,24:95:04:db:3c:4c,SFR_3C48,true,false
6140,24:95:04:db:3c:4c,SFR_3C48,true,false
6141,24:95:04:db:3c:4c,SFR_3C48,true,false
6142,60:60:1f:03:97:b7,RID-1581F67PB22B800307Z6,true,true
6143,24:95:04:db:3c:4c,SFR_3C48,true,false
6144,24:95:04:db:3c:4c,SFR_3C48,true,false
6145,60:60:1f:03:97:b7,RID-1581F67PB22B800307Z6,true,true
6146,24:95:04:db:3c:4c,SFR_3C48,true,false
6147,60:60:1f:03:97:b7,RID-1581F67PB22B800307Z6,true,true
6148,24:95:04:db:3c:4c,SFR_3C48,true,false
6149,24:95:04:db:3c:4c,SFR_3C48,true,false
6151,24:95:04:db:3c:4c,SFR_3C48,true,false
6153,60:60:1f:03:97:b7,RID-1581F67PB22B800307Z6,true,true
6154,24:95:04:db:3c:4c,SFR_3C48,true,false
6155,24:95:04:db:3c:4c,SFR_3C48,true,false
6156,60:60:1f:03:97:b7,RID-1581F67PB22B800307Z6,true,true
6157,24:95:04:db:3c:4c,SFR_3C48,true,false
6158,24:95:04:db:3c:4c,SFR_3C48,true,false
6159,60:60:1f:03:97:b7,RID-1581F67PB22B800307Z6,true,true
6160,24:95:04:db:3c:4c,SFR_3C48,true,false
6161,24:95:04:db:3c:4c,SFR_3C48,true,false
6162,24:95:04:db:3c:4c,SFR_3C48,true,false
6163,60:60:1f:03:97:b7,RID-1581F67PB22B800307Z6,true,true
6164,24:95:04:db:3c:4c,SFR_3C48,true,false
6165,60:60:1f:03:97:b7,RID-1581F67PB22B800307Z6,true,true
6166,24:95:04:db:3c:4c,SFR_3C48,true,false
6167,24:95:04:db:3c:4c,SFR_3C48,true,false
6168,60:60:1f:03:97:b7,RID-1581F67PB22B800307Z6,true,true
6169,24:95:04:db:3c:4c,SFR_3C48,true,false
6170,24:95:04:db:3c:4c,SFR_3C48,true,false
6171,24:95:04:db:3c:4c,SFR_3C48,true,false
6172,60:60:1f:03:97:b7,RID-1581F67PB22B800307Z6,true,true
6173,24:95:04:db:3c:4c,SFR_3C48,true,false
6174,60:60:1f:03:97:b7,RID-1581F67PB22B800307Z6,true,true
6175,24:95:04:db:3c:4c,SFR_3C48,true,false
6176,24:95:04:db:3c:4c,SFR_3C48,true,false
6177,60:60:1f:03:97:b7,RID-1581F67PB22B800307Z6,true,true
6178,24:95:04:db:3c:4c,SFR_3C48,true,false
6179,24:95:04:db:3c:4c,SFR_3C48,true,false
6180,24:95:04:db:3c:4c,SFR_3C48,true,false
6181,60:60:1f:03:97:b7,RID-1581F67PB22B800307Z6,true,true
6182,24:95:04:db:3c:4c,SFR_3C48,true,false
6183,24:95:04:db:3c:4c,SFR_3C48,true,false
6184,60:60:1f:03:97:b7,RID-1581F67PB22B800307Z6,true,true
6185,24:95:04:db:3c:4c,SFR_3C48,true,false
6186,60:60:1f:03:97:b7,RID-1581F67PB22B800307Z6,true,true
6187,24:95:04:db:3c:4c,SFR_3C48,true,false
6188,24:95:04:db:3c:4c,SFR_3C48,true,false
6189,24:95:04:db:3c:4c,SFR_3C48,true,false
6190,60:60:1f:03:97:b7,RID-1581F67PB22B800307Z6,true,true
6191,24:95:04:db:3c:4c,SFR_3C48,true,false
6192,24:95:04:db:3c:4c,SFR_3C48,true,false
6193,60:60:1f:03:97:b7,RID-1581F67PB22B800307Z6,true,true
6194,24:95:04:db:3c:4c,SFR_3C48,true,false
6195,24:95:04:db:3c:4c,SFR_3C48,true,false
6196,60:60:1f:03:97:b7,RID-1581F67PB22B800307Z6,true,true
6197,24:95:04:db:3c:4c,SFR_3C48,true,false
6198,24:95:04:db:3c:4c,SFR_3C48,true,false
6199,24:95:04:db:3c:4c,SFR_3C48,true,false
6200,60:60:1f:03:97:b7,RID-1581F67PB22B800307Z6,true,true
6201,24:95:04:db:3c:4c,SFR_3C48,true,false
6202,60:60:1f:03:97:b7,RID-1581F67PB22B800307Z6,true,true
6203,24:95:04:db:3c:4c,SFR_3C48,true,false
6204,24:95:04:db:3c:4c,SFR_3C48,true,false
6205,60:60:1f:03:97:b7,RID-1581F67PB22B800307Z6,true,true
6206,24:95:04:db:3c:4c,SFR_3C48,true,false
6207,24:95:04:db:3c:4c,SFR_3C48,true,false
6208,24:95:04:db:3c:4c,SFR_3C48,true,false
6209,60:60:1f:03:97:b7,RID-1581F67PB22B800307Z6,true,true
6210,24:95:04:db:3c:4c,SFR_3C48,true,false
6211,60:60:1f:03:97:b7,RID-1581F67PB22B800307Z6,true,true
6212,24:95:04:db:3c:4c,SFR_3C48,true,false
6213,24:95:04:db:3c:4c,SFR_3C48,true,false
6214,60:60:1f:03:97:b7,RID-1581F67PB22B800307Z6,true,true
6215,24:95:04:db:3c:4c,SFR_3C48,true,false
6216,24:95:04:db:3c:4c,SFR_3C48,true,false
6217,24:95:04:db:3c:4c,SFR_3C48,true,false
6218,60:60:1f:03:97:b7,RID-1581F67PB22B800307Z6,true,true
6219,24:95:04:db:3c:4c,SFR_3C48,true,false
6220,24:95:04:db:3c:4c,SFR_3C48,true,false
6221,60:60:1f:03:97:b7,RID-1581F67PB22B800307Z6,true,true
6222,24:95:04:db:3c:4c,SFR_3C48,true,false
6223,24:95:04:db:3c:4c,SFR_3C48,true,false
6224,24:95:04:db:3c:4c,SFR_3C48,true,false
6225,24:95:04:db:3c:4c,SFR_3C48,true,false
6226,60:60:1f:03:97:b7,RID-1581F67PB22B800307Z6,true,true
6227,24:95:04:db:3c:4c,SFR_3C48,true,false
6228,24:95:04:db:3c:4c,SFR_3C48,true,false
6229,60:60:1f:03:97:b7,RID-1581F67PB22B800307Z6,true,true
6230,24:95:04:db:3c:4c,SFR_3C48,true,false
6231,24:95:04:db:3c:4c,SFR_3C48,true,false
6232,60:60:1f:03:97:b7,RID-1581F67PB22B800307Z6,true,true
6233,24:95:04:db:3c:4c,SFR_3C48,true,false
6234,24:95:04:db:3c:4c,SFR_3C48,true,false
6235,24:95:04:db:3c:4c,SFR_3C48,true,false
6236,60:60:1f:03:97:b7,RID-1581F67PB22B800307Z6,true,true
6237,24:95:04:db:3c:4c,SFR_3C48,true,false
6238,60:60:1f:03:97:b7,RID-1581F67PB22B800307Z6,true,true
6239,24:95:04:db:3c:4c,SFR_3C48,true,false
6240,24:95:04:db:3c:4c,SFR_3C48,true,false
6241,60:60:1f:03:97:b7,RID-1581F67PB22B800307Z6,true,true
6242,24:95:04:db:3c:4c,SFR_3C48,true,false
6243,24:95:04:db:3c:4c,SFR_3C48,true,false
6244,24:95:04:db:3c:4c,SFR_3C48,true,false
6245,60:60:1f:03:97:b7,RID-1581F67PB22B800307Z6,true,true
6246,24:95:04:db:3c:4c,SFR_3C48,true,false
6247,60:60:1f:03:97:b7,RID-1581F67PB22B800307Z6,true,true
6248,24:95:04:db:3c:4c,SFR_3C48,true,false
6249,24:95:04:db:3c:4c,SFR_3C48,true,false
6250,60:60:1f:03:97:b7,RID-1581F67PB22B800307Z6,true,true
6251,24:95:04:db:3c:4c,SFR_3C48,true,false
6252,24:95:04:db:3c:4c,SFR_3C48,true,false
6253,24:95:04:db:3c:4c,SFR_3C48,true,false
6254,60:60:1f:03:97:b7,RID-1581F67PB22B800307Z6,true,true
6255,24:95:04:db:3c:4c,SFR_3C48,true,false
6256,24:95:04:db:3c:4c,SFR_3C48,true,false
6257,60:60:1f:03:97:b7,RID-1581F67PB22B800307Z6,true,true
6258,24:95:04:db:3c:4c,SFR_3C48,true,false
6259,60:60:1f:03:97:b7,RID-1581F67PB22B800307Z6,true,true
6260,24:95:04:db:3c:4c,SFR_3C48,true,false
6261,24:95:04:db:3c:4c,SFR_3C48,true,false
6262,60:60:1f:03:97:b7,RID-1581F67PB22B800307Z6,true,true
6263,24:95:04:db:3c:4c,SFR_3C48,true,false
6264,24:95:04:db:3c:4c,SFR_3C48,true,false
6265,60:60:1f:03:97:b7,RID-1581F67PB22B800307Z6,true,true
6266,24:95:04:db:3c:4c,SFR_3C48,true,false
6267,24:95:04:db:3c:4c,SFR_3C48,true,false
6268,60:60:1f:03:97:b7,RID-1581F67PB22B800307Z6,true,true
6269,24:95:04:db:3c:4c,SFR_3C48,true,false
6270,24:95:04:db:3c:4c,SFR_3C48,true,false
6271,24:95:04:db:3c:4c,SFR_3C48,true,false
6272,60:60:1f:03:97:b7,RID-1581F67PB22B800307Z6,true,true
6273,24:95:04:db:3c:4c,SFR_3C48,true,false
6274,60:60:1f:03:97:b7,RID-1581F67PB22B800307Z6,true,true
6275,24:95:04:db:3c:4c,SFR_3C48,true,false
6276,24:95:04:db:3c:4c,SFR_3C48,true,false
6277,60:60:1f:03:97:b7,RID-1581F67PB22B800307Z6,true,true
6278,24:95:04:db:3c:4c,SFR_3C48,true,false
6279,24:95:04:db:3c:4c,SFR_3C48,true,false
6280,24:95:04:db:3c:4c,SFR_3C48,true,false
6281,60:60:1f:03:97:b7,RID-1581F67PB22B800307Z6,true,true
6282,24:95:04:db:3c:4c,SFR_3C48,true,false
6283,60:60:1f:03:97:b7,RID-1581F67PB22B800307Z6,true,true
6284,24:95:04:db:3c:4c,SFR_3C48,true,false
6285,24:95:04:db:3c:4c,SFR_3C48,true,false
6286,60:60:1f:03:97:b7,RID-1581F67PB22B800307Z6,true,true
6287,24:95:04:db:3c:4c,SFR_3C48,true,false
6288,24:95:04:db:3c:4c,SFR_3C48,true,false
6289,24:95:04:db:3c:4c,SFR_3C48,true,false
6290,60:60:1f:03:97:b7,RID-1581F67PB22B800307Z6,true,true
6291,24:95:04:db:3c:4c,SFR_3C48,true,false
6292,24:95:04:db:3c:4c,SFR_3C48,true,false
6293,60:60:1f:03:97:b7,RID-1581F67PB22B800307Z6,true,true
6294,24:95:04:db:3c:4c,SFR_3C48,true,false
6295,60:60:1f:03:97:b7,RID-1581F67PB22B800307Z6,true,true
6296,24:95:04:db:3c:4c,SFR_3C48,true,false
6297,24:95:04:db:3c:4c,SFR_3C48,true,false
6298,24:95:04:db:3c:4c,SFR_3C48,true,false
6299,60:60:1f:03:97:b7,RID-1581F67PB22B800307Z6,true,true
6300,24:95:04:db:3c:4c,SFR_3C48,true,false
6301,24:95:04:db:3c:4c,SFR_3C48,true,false
6302,60:60:1f:03:97:b7,RID-1581F67PB22B800307Z6,true,true
6303,24:95:04:db:3c:4c,SFR_3C48,true,false
6304,24:95:04:db:3c:4c,SFR_3C48,true,false
6305,60:60:1f:03:97:b7,RID-1581F67PB22B800307Z6,true,true
6306,24:95:04:db:3c:4c,SFR_3C48,true,false
6307,24:95:04:db:3c:4c,SFR_3C48,true,false
6308,24:95:04:db:3c:4c,SFR_3C48,true,false
6309,60:60:1f:03:97:b7,RID-1581F67PB22B800307Z6,true,true
6310,24:95:04:db:3c:4c,SFR_3C48,true,false
6311,60:60:1f:03:97:b7,RID-1581F67PB22B800307Z6,true,true
6312,24:95:04:db:3c:4c,SFR_3C48,true,false
6313,24:95:04:db:3c:4c,SFR_3C48,true,false
6314,60:60:1f:03:97:b7,RID-1581F67PB22B800307Z6,true,true
6315,24:95:04:db:3c:4c,SFR_3C48,true,false
6316,24:95:04:db:3c:4c,SFR_3C48,true,false
6317,24:95:04:db:3c:4c,SFR_3C48,true,false
6318,60:60:1f:03:97:b7,RID-1581F67PB22B800307Z6,true,true
6319,24:95:04:db:3c:4c,SFR_3C48,true,false
6320,60:60:1f:03:97:b7,RID-1581F67PB22B800307Z6,true,true
6321,24:95:04:db:3c:4c,SFR_3C48,true,false
6322,24:95:04:db:3c:4c,SFR_3C48,true,false
6323,60:60:1f:03:97:b7,RID-1581F67PB22B800307Z6,true,true
6324,24:95:04:db:3c:4c,SFR_3C48,true,false
6325,24:95:04:db:3c:4c,SFR_3C48,true,false
6326,24:95:04:db:3c:4c,SFR_3C48,true,false
6327,60:60:1f:03:97:b7,RID-1581F67PB22B800307Z6,true,true
6328,24:95:04:db:3c:4c,SFR_3C48,true,false
6329,24:95:04:db:3c:4c,SFR_3C48,true,false
6330,60:60:1f:03:97:b7,RID-1581F67PB22B800307Z6,true,true
6331,24:95:04:db:3c:4c,SFR_3C48,true,false
6332,60:60:1f:03:97:b7,RID-1581F67PB22B800307Z6,true,true
6333,24:95:04:db:3c:4c,SFR_3C48,true,false
6334,24:95:04:db:3c:4c,SFR_3C48,true,false
6335,24:95:04:db:3c:4c,SFR_3C48,true,false
6336,60:60:1f:03:97:b7,RID-1581F67PB22B800307Z6,true,true
6337,24:95:04:db:3c:4c,SFR_3C48,true,false
6338,24:95:04:db:3c:4c,SFR_3C48,true,false
6339,60:60:1f:03:97:b7,RID-1581F67PB22B800307Z6,true,true
6340,60:60:1f:03:97:b7,RID-1581F67PB22B800307Z6,true,true
6341,24:95:04:db:3c:4c,SFR_3C48,true,false
6342,24:95:04:db:3c:4c,SFR_3C48,true,false
6343,60:60:1f:03:97:b7,RID-1581F67PB22B800307Z6,true,true
6344,24:95:04:db:3c:4c,SFR_3C48,true,false
6345,60:60:1f:03:97:b7,RID-1581F67PB22B800307Z6,true,true
6346,24:95:04:db:3c:4c,SFR_3C48,true,false
6347,24:95:04:db:3c:4c,SFR_3C48,true,false
6348,60:60:1f:03:97:b7,RID-1581F67PB22B800307Z6,true,true
6349,60:60:1f:03:97:b7,RID-1581F67PB22B800307Z6,true,true
6350,24:95:04:db:3c:4c,SFR_3C48,true,false
6351,24:95:04:db:3c:4c,SFR_3C48,true,false
6352,24:95:04:db:3c:4c,SFR_3C48,true,false
6353,60:60:1f:03:97:b7,RID-1581F67PB22B800307Z6,true,true
6354,24:95:04:db:3c:4c,SFR_3C48,true,false
6355,24:95:04:db:3c:4c,SFR_3C48,true,false
6356,60:60:1f:03:97:b7,RID-1581F67PB22B800307Z6,true,true
6357,24:95:04:db:3c:4c,SFR_3C48,true,false
6358,60:60:1f:03:97:b7,RID-1581F67PB22B800307Z6,true,true
6359,24:95:04:db:3c:4c,SFR_3C48,true,false
6360,60:60:1f:03:97:b7,RID-1581F67PB22B800307Z6,true,true
6361,60:60:1f:03:97:b7,RID-1581F67PB22B800307Z6,true,true
6362,24:95:04:db:3c:4c,SFR_3C48,true,false
6363,24:95:04:db:3c:4c,SFR_3C48,true,false
6364,60:60:1f:03:97:b7,RID-1581F67PB22B800307Z6,true,true
6365,60:60:1f:03:97:b7,RID-1581F67PB22B800307Z6,true,true
6366,60:60:1f:03:97:b7,RID-1581F67PB22B800307Z6,true,true
6367,24:95:04:db:3c:4c,SFR_3C48,true,false
6368,60:60:1f:03:97:b7,RID-1581F67PB22B800307Z6,true,true
6369,60:60:1f:03:97:b7,RID-1581F67PB22B800307Z6,true,true
6370,60:60:1f:03:97:b7,RID-1581F67PB22B800307Z6,true,true
6371,60:60:1f:03:97:b7,RID-1581F67PB22B800307Z6,true,true
6372,24:95:04:db:3c:4c,SFR_3C48,true,false
6373,60:60:1f:03:97:b7,RID-1581F67PB22B800307Z6,true,true
6374,60:60:1f:03:97:b7,RID-1581F67PB22B800307Z6,true,true
6375,24:95:04:db:3c:4c,SFR_3C48,true,false
6376,60:60:1f:03:97:b7,RID-1581F67PB22B800307Z6,true,true
6377,60:60:1f:03:97:b7,RID-1581F67PB22B800307Z6,true,true
6378,24:95:04:db:3c:4c,SFR_3C48,true,false
6379,60:60:1f:03:97:b7,RID-1581F67PB22B800307Z6,true,true
6380,60:60:1f:03:97:b7,RID-1581F67PB22B800307Z6,true,true
6384,60:60:1f:03:97:b7,RID-1581F67PB22B800307Z6,true,true
6385,60:60:1f:03:97:b7,RID-1581F67PB22B800307Z6,true,true
6386,24:95:04:db:3c:4c,SFR_3C48,true,false
6387,60:60:1f:03:97:b7,RID-1581F67PB22B800307Z6,true,true
6388,24:95:04:db:3c:4c,SFR_3C48,true,false
6389,60:60:1f:03:97:b7,RID-1581F67PB22B800307Z6,true,true
6391,60:60:1f:03:97:b7,RID-1581F67PB22B800307Z6,true,true
6392,24:95:04:db:3c:4c,SFR_3C48,true,false
6393,60:60:1f:03:97:b7,RID-1581F67PB22B800307Z6,true,true
6394,24:95:04:db:3c:4c,SFR_3C48,true,false
6395,60:60:1f:03:97:b7,RID-1581F67PB22B800307Z6,true,true
6396,24:95:04:db:3c:4c,SFR_3C48,true,false
6397,60:60:1f:03:97:b7,RID-1581F67PB22B800307Z6,true,true
6398,24:95:04:db:3c:4c,SFR_3C48,true,false
6399,60:60:1f:03:97:b7,RID-1581F67PB22B800307Z6,true,true
6400,24:95:04:db:3c:4c,SFR_3C48,true,false
6401,24:95:04:db:3c:4c,SFR_3C48,true,false
6402,60:60:1f:03:97:b7,RID-1581F67PB22B800307Z6,true,true
6403,60:60:1f:03:97:b7,RID-1581F67PB22B800307Z6,true,true
6404,60:60:1f:03:97:b7,RID-1581F67PB22B800307Z6,true,true
6405,24:95:04:db:3c:4c,SFR_3C48,true,false
6406,60:60:1f:03:97:b7,RID-1581F67PB22B800307Z6,true,true
6407,24:95:04:db:3c:4c,SFR_3C48,true,false
6408,60:60:1f:03:97:b7,RID-1581F67PB22B800307Z6,true,true
6409,24:95:04:db:3c:4c,SFR_3C48,true,false
6410,60:60:1f:03:97:b7,RID-1581F67PB22B800307Z6,true,true
6411,24:95:04:db:3c:4c,SFR_3C48,true,false
6412,60:60:1f:03:97:b7,RID-1581F67PB22B800307Z6,true,true
6413,60:60:1f:03:97:b7,RID-1581F67PB22B800307Z6,true,true
6414,24:95:04:db:3c:4c,SFR_3C48,true,false
6415,60:60:1f:03:97:b7,RID-1581F67PB22B800307Z6,true,true
6416,60:60:1f:03:97:b7,RID-1581F67PB22B800307Z6,true,true
6417,24:95:04:db:3c:4c,SFR_3C48,true,false
6418,60:60:1f:03:97:b7,RID-1581F67PB22B800307Z6,true,true
6419,60:60:1f:03:97:b7,RID-1581F67PB22B800307Z6,true,true
6420,24:95:04:db:3c:4c,SFR_3C48,true,false
6421,60:60:1f:03:97:b7,RID-1581F67PB22B800307Z6,true,true
6422,24:95:04:db:3c:4c,SFR_3C48,true,false
6423,60:60:1f:03:97:b7,RID-1581F67PB22B800307Z6,true,true
6424,24:95:04:db:3c:4c,SFR_3C48,true,false
6425,60:60:1f:03:97:b7,RID-1581F67PB22B800307Z6,true,true
6426,24:95:04:db:3c:4c,SFR_3C48,true,false
6427,60:60:1f:03:97:b7,RID-1581F67PB22B800307Z6,true,true
6428,60:60:1f:03:97:b7,RID-1581F67PB22B800307Z6,true,true
6429,60:60:1f:03:97:b7,RID-1581F67PB22B800307Z6,true,true
6430,24:95:04:db:3c:4c,SFR_3C48,true,false
6431,60:60:1f:03:97:b7,RID-1581F67PB22B800307Z6,true,true
6432,24:95:04:db:3c:4c,SFR_3C48,true,false
6433,60:60:1f:03:97:b7,RID-1581F67PB22B800307Z6,true,true
6434,24:95:04:db:3c:4c,SFR_3C48,true,false
6435,60:60:1f:03:97:b7,RID-1581F67PB22B800307Z6,true,true
6436,60:60:1f:03:97:b7,RID-1581F67PB22B800307Z6,true,true
6437,24:95:04:db:3c:4c,SFR_3C48,true,false
6438,60:60:1f:03:97:b7,RID-1581F67PB22B800307Z6,true,true
6439,60:60:1f:03:97:b7,RID-1581F67PB22B800307Z6,true,true
6440,24:95:04:db:3c:4c,SFR_3C48,true,false
6441,60:60:1f:03:97:b7,RID-1581F67PB22B800307Z6,true,true
6442,60:60:1f:03:97:b7,RID-1581F67PB22B800307Z6,true,true
6443,60:60:1f:03:97:b7,RID-1581F67PB22B800307Z6,true,true
6444,24:95:04:db:3c:4c,SFR_3C48,true,false
6445,60:60:1f:03:97:b7,RID-1581F67PB22B800307Z6,true,true
6446,60:60:1f:03:97:b7,RID-1581F67PB22B800307Z6,true,true
6447,24:95:04:db:3c:4c,SFR_3C48,true,false
6448,60:60:1f:03:97:b7,RID-1581F67PB22B800307Z6,true,true
6449,24:95:04:db:3c:4c,SFR_3C48,true,false
6450,60:60:1f:03:97:b7,RID-1581F67PB22B800307Z6,true,true
6451,60:60:1f:03:97:b7,RID-1581F67PB22B800307Z6,true,true
6452,24:95:04:db:3c:4c,SFR_3C48,true,false
6453,60:60:1f:03:97:b7,RID-1581F67PB22B800307Z6,true,true
6454,60:60:1f:03:97:b7,RID-1581F67PB22B800307Z6,true,true
6455,24:95:04:db:3c:4c,SFR_3C48,true,false
6456,60:60:1f:03:97:b7,RID-1581F67PB22B800307Z6,true,true
6457,60:60:1f:03:97:b7,RID-1581F67PB22B800307Z6,true,true
6458,24:95:04:db:3c:4c,SFR_3C48,true,false
6459,60:60:1f:03:97:b7,RID-1581F67PB22B800307Z6,true,true
6460,60:60:1f:03:97:b7,RID-1581F67PB22B800307Z6,true,true
6461,60:60:1f:03:97:b7,RID-1581F67PB22B800307Z6,true,true
6462,60:60:1f:03:97:b7,RID-1581F67PB22B800307Z6,true,true
6463,60:60:1f:03:97:b7,RID-1581F67PB22B800307Z6,true,true
6464,24:95:04:db:3c:4c,SFR_3C48,true,false
6465,60:60:1f:03:97:b7,RID-1581F67PB22B800307Z6,true,true
6466,60:60:1f:03:97:b7,RID-1581F67PB22B800307Z6,true,true
6467,24:95:04:db:3c:4c,SFR_3C48,true,false
6468,60:60:1f:03:97:b7,RID-1581F67PB22B800307Z6,true,true
6469,24:95:04:db:3c:4c,SFR_3C48,true,false
6470,60:60:1f:03:97:b7,RID-1581F67PB22B800307Z6,true,true
6471,24:95:04:db:3c:4c,SFR_3C48,true,false
6472,60:60:1f:03:97:b7,RID-1581F67PB22B800307Z6,true,true
6473,24:95:04:db:3c:4c,SFR_3C48,true,false
6474,24:95:04:db:3c:4c,SFR_3C48,true,false
6475,60:60:1f:03:97:b7,RID-1581F67PB22B800307Z6,true,true
6476,24:95:04:db:3c:4c,SFR_3C48,true,false
6477,60:60:1f:03:97:b7,RID-1581F67PB22B800307Z6,true,true
6478,24:95:04:db:3c:4c,SFR_3C48,true,false
6479,24:95:04:db:3c:4c,SFR_3C48,true,false
6480,24:95:04:db:3c:4c,SFR_3C48,true,false
6481,24:95:04:db:3c:4c,SFR_3C48,true,false
6482,24:95:04:db:3c:4c,SFR_3C48,true,false
6483,60:60:1f:03:97:b7,RID-1581F67PB22B800307Z6,true,true
6484,24:95:04:db:3c:4c,SFR_3C48,true,false
6485,24:95:04:db:3c:4c,SFR_3C48,true,false
6486,24:95:04:db:3c:4c,SFR_3C48,true,false
6487,60:60:1f:03:97:b7,RID-1581F67PB22B800307Z6,true,true
6488,24:95:04:db:3c:4c,SFR_3C48,true,false
6489,24:95:04:db:3c:4c,SFR_3C48,true,false
6490,24:95:04:db:3c:4c,SFR_3C48,true,false
6491,24:95:04:db:3c:4c,SFR_3C48,true,false
6492,24:95:04:db:3c:4c,SFR_3C48,true,false
6493,60:60:1f:03:97:b7,RID-1581F67PB22B800307Z6,true,true
6494,24:95:04:db:3c:4c,SFR_3C48,true,false
6495,24:95:04:db:3c:4c,SFR_3C48,true,false
6496,24:95:04:db:3c:4c,SFR_3C48,true,false
6497,24:95:04:db:3c:4c,SFR_3C48,true,false
6498,24:95:04:db:3c:4c,SFR_3C48,true,false
6499,24:95:04:db:3c:4c,SFR_3C48,true,false
6500,24:95:04:db:3c:4c,SFR_3C48,true,false
6501,24:95:04:db:3c:4c,SFR_3C48,true,false
6502,24:95:04:db:3c:4c,SFR_3C48,true,false
6503,24:95:04:db:3c:4c,SFR_3C48,true,false
6504,24:95:04:db:3c:4c,SFR_3C48,true,false
6505,24:95:04:db:3c:4c,SFR_3C48,true,false
6506,24:95:04:db:3c:4c,SFR_3C48,true,false
6507,24:95:04:db:3c:4c,SFR_3C48,true,false
6508,24:95:04:db:3c:4c,SFR_3C48,true,false
6509,24:95:04:db:3c:4c,SFR_3C48,true,false
6510,24:95:04:db:3c:4c,SFR_3C48,true,false
6511,24:95:04:db:3c:4c,SFR_3C48,true,false
6512,24:95:04:db:3c:4c,SFR_3C48,true,false
6513,24:95:04:db:3c:4c,SFR_3C48,true,false
6514,24:95:04:db:3c:4c,SFR_3C48,true,false
6515,24:95:04:db:3c:4c,SFR_3C48,true,false
6516,24:95:04:db:3c:4c,SFR_3C48,true,false
6517,24:95:04:db:3c:4c,SFR_3C48,true,false
6518,24:95:04:db:3c:4c,SFR_3C48,true,false
6519,24:95:04:db:3c:4c,SFR_3C48,true,false
6520,24:95:04:db:3c:4c,SFR_3C48,true,false
6521,24:95:04:db:3c:4c,SFR_3C48,true,false
6522,24:95:04:db:3c:4c,SFR_3C48,true,false
6523,24:95:04:db:3c:4c,SFR_3C48,true,false
6524,24:95:04:db:3c:4c,SFR_3C48,true,false
6525,24:95:04:db:3c:4c,SFR_3C48,true,false
6526,24:95:04:db:3c:4c,SFR_3C48,true,false
6527,24:95:04:db:3c:4c,SFR_3C48,true,false
6528,24:95:04:db:3c:4c,SFR_3C48,true,false
6529,24:95:04:db:3c:4c,SFR_3C48,true,false
6530,24:95:04:db:3c:4c,SFR_3C48,true,false
6531,24:95:04:db:3c:4c,SFR_3C48,true,false
6532,24:95:04:db:3c:4c,SFR_3C48,true,false
6533,24:95:04:db:3c:4c,SFR_3C48,true,false
6534,24:95:04:db:3c:4c,SFR_3C48,true,false
6535,24:95:04:db:3c:4c,SFR_3C48,true,false
6536,24:95:04:db:3c:4c,SFR_3C48,true,false
6537,24:95:04:db:3c:4c,SFR_3C48,true,false
6538,24:95:04:db:3c:4c,SFR_3C48,true,false
6539,24:95:04:db:3c:4c,SFR_3C48,true,false
6540,24:95:04:db:3c:4c,SFR_3C48,true,false
6541,24:95:04:db:3c:4c,SFR_3C48,true,false
6542,24:95:04:db:3c:4c,SFR_3C48,true,false
6543,24:95:04:db:3c:4c,SFR_3C48,true,false
6544,24:95:04:db:3c:4c,SFR_3C48,true,false
6545,24:95:04:db:3c:4c,SFR_3C48,true,false
6546,24:95:04:db:3c:4c,SFR_3C48,true,false
6547,24:95:04:db:3c:4c,SFR_3C48,true,false
6548,24:95:04:db:3c:4c,SFR_3C48,true,false
6549,24:95:04:db:3c:4c,SFR_3C48,true,false
6550,24:95:04:db:3c:4c,SFR_3C48,true,false
6551,24:95:04:db:3c:4c,SFR_3C48,true,false
6552,24:95:04:db:3c:4c,SFR_3C48,true,false
6553,24:95:04:db:3c:4c,SFR_3C48,true,false
6554,24:95:04:db:3c:4c,SFR_3C48,true,false
6555,24:95:04:db:3c:4c,SFR_3C48,true,false
6556,24:95:04:db:3c:4c,SFR_3C48,true,false
6557,24:95:04:db:3c:4c,SFR_3C48,true,false
6558,24:95:04:db:3c:4c,SFR_3C48,true,false
6559,24:95:04:db:3c:4c,SFR_3C48,true,false
6560,24:95:04:db:3c:4c,SFR_3C48,true,false
6561,24:95:04:db:3c:4c,SFR_3C48,true,false
6562,24:95:04:db:3c:4c,SFR_3C48,true,false
6563,24:95:04:db:3c:4c,SFR_3C48,true,false
6564,24:95:04:db:3c:4c,SFR_3C48,true,false
6565,24:95:04:db:3c:4c,SFR_3C48,true,false
6566,24:95:04:db:3c:4c,SFR_3C48,true,false
6567,24:95:04:db:3c:4c,SFR_3C48,true,false
6568,24:95:04:db:3c:4c,SFR_3C48,true,false
6569,24:95:04:db:3c:4c,SFR_3C48,true,false
6570,24:95:04:db:3c:4c,SFR_3C48,true,false
6571,24:95:04:db:3c:4c,SFR_3C48,true,false
6572,24:95:04:db:3c:4c,SFR_3C48,true,false
6573,24:95:04:db:3c:4c,SFR_3C48,true,false
6574,24:95:04:db:3c:4c,SFR_3C48,true,false
6575,24:95:04:db:3c:4c,SFR_3C48,true,false
6576,24:95:04:db:3c:4c,SFR_3C48,true,false
6577,24:95:04:db:3c:4c,SFR_3C48,true,false
6578,24:95:04:db:3c:4c,SFR_3C48,true,false
6586,24:95:04:db:3c:4c,SFR_3C48,true,false
6587,24:95:04:db:3c:4c,SFR_3C48,true,false
6588,24:95:04:db:3c:4c,SFR_3C48,true,false
6589,24:95:04:db:3c:4c,SFR_3C48,true,false
6590,24:95:04:db:3c:4c,SFR_3C48,true,false
6591,24:95:04:db:3c:4c,SFR_3C48,true,false
6592,24:95:04:db:3c:4c,SFR_3C48,true,false
6593,24:95:04:db:3c:4c,SFR_3C48,true,false
6594,24:95:04:db:3c:4c,SFR_3C48,true,false
6595,24:95:04:db:3c:4c,SFR_3C48,true,false
6596,24:95:04:db:3c:4c,SFR_3C48,true,false
6597,24:95:04:db:3c:4c,SFR_3C48,true,false
6598,24:95:04:db:3c:4c,SFR_3C48,true,false
6599,24:95:04:db:3c:4c,SFR_3C48,true,false
6600,24:95:04:db:3c:4c,SFR_3C48,true,false
6601,24:95:04:db:3c:4c,SFR_3C48,true,false
6602,24:95:04:db:3c:4c,SFR_3C48,true,false
6605,24:95:04:db:3c:4c,SFR_3C48,true,false
6606,24:95:04:db:3c:4c,SFR_3C48,true,false
6607,24:95:04:db:3c:4c,SFR_3C48,true,false
6609,24:95:04:db:3c:4c,SFR_3C48,true,false
6610,24:95:04:db:3c:4c,SFR_3C48,true,false
6611,24:95:04:db:3c:4c,SFR_3C48,true,false
6612,24:95:04:db:3c:4c,SFR_3C48,true,false
6613,24:95:04:db:3c:4c,SFR_3C48,true,false
6614,24:95:04:db:3c:4c,SFR_3C48,true,false
6615,24:95:04:db:3c:4c,SFR_3C48,true,false
6616,24:95:04:db:3c:4c,SFR_3C48,true,false
6617,24:95:04:db:3c:4c,SFR_3C48,true,false
6618,24:95:04:db:3c:4c,SFR_3C48,true,false
6619,24:95:04:db:3c:4c,SFR_3C48,true,false
6620,24:95:04:db:3c:4c,SFR_3C48,true,false
6621,24:95:04:db:3c:4c,SFR_3C48,true,false
6622,24:95:04:db:3c:4c,SFR_3C48,true,false
6630,24:95:04:db:3c:4c,SFR_3C48,true,false
6631,24:95:04:db:3c:4c,SFR_3C48,true,false
6632,24:95:04:db:3c:4c,SFR_3C48,true,false
6633,24:95:04:db:3c:4c,SFR_3C48,true,false
6634,24:95:04:db:3c:4c,SFR_3C48,true,false
6635,24:95:04:db:3c:4c,SFR_3C48,true,false
6636,24:95:04:db:3c:4c,SFR_3C48,true,false
6637,24:95:04:db:3c:4c,SFR_3C48,true,false
6638,24:95:04:db:3c:4c,SFR_3C48,true,false
6639,24:95:04:db:3c:4c,SFR_3C48,true,false
6640,24:95:04:db:3c:4c,SFR_3C48,true,false
6641,24:95:04:db:3c:4c,SFR_3C48,true,false
6642,24:95:04:db:3c:4c,SFR_3C48,true,false
6643,24:95:04:db:3c:4c,SFR_3C48,true,false
6644,24:95:04:db:3c:4c,SFR_3C48,true,false
6645,24:95:04:db:3c:4c,SFR_3C48,true,false
6646,24:95:04:db:3c:4c,SFR_3C48,true,false
6647,24:95:04:db:3c:4c,SFR_3C48,true,false
6648,24:95:04:db:3c:4c,SFR_3C48,true,false
6649,24:95:04:db:3c:4c,SFR_3C48,true,false
6650,24:95:04:db:3c:4c,SFR_3C48,true,false
6651,24:95:04:db:3c:4c,SFR_3C48,true,false
6652,24:95:04:db:3c:4c,SFR_3C48,true,false
6653,24:95:04:db:3c:4c,SFR_3C48,true,false
6654,24:95:04:db:3c:4c,SFR_3C48,true,false
6655,24:95:04:db:3c:4c,SFR_3C48,true,false
6656,24:95:04:db:3c:4c,SFR_3C48,true,false
6657,24:95:04:db:3c:4c,SFR_3C48,true,false
6658,24:95:04:db:3c:4c,SFR_3C48,true,false
6659,24:95:04:db:3c:4c,SFR_3C48,true,false
6660,24:95:04:db:3c:4c,SFR_3C48,true,false
6661,24:95:04:db:3c:4c,SFR_3C48,true,false
6662,24:95:04:db:3c:4c,SFR_3C48,true,false
6663,24:95:04:db:3c:4c,SFR_3C48,true,false
6664,24:95:04:db:3c:4c,SFR_3C48,true,false
6665,24:95:04:db:3c:4c,SFR_3C48,true,false
6666,24:95:04:db:3c:4c,SFR_3C48,true,false
6667,24:95:04:db:3c:4c,SFR_3C48,true,false
6668,24:95:04:db:3c:4c,SFR_3C48,true,false
6669,24:95:04:db:3c:4c,SFR_3C48,true,false
6670,24:95:04:db:3c:4c,SFR_3C48,true,false
6671,24:95:04:db:3c:4c,SFR_3C48,true,false
6672,24:95:04:db:3c:4c,SFR_3C48,true,false
6673,24:95:04:db:3c:4c,SFR_3C48,true,false
6674,24:95:04:db:3c:4c,SFR_3C48,true,false
6675,24:95:04:db:3c:4c,SFR_3C48,true,false
6676,24:95:04:db:3c:4c,SFR_3C48,true,false
6677,24:95:04:db:3c:4c,SFR_3C48,true,false
6678,24:95:04:db:3c:4c,SFR_3C48,true,false
6679,24:95:04:db:3c:4c,SFR_3C48,true,false
6680,24:95:04:db:3c:4c,SFR_3C48,true,false
6681,24:95:04:db:3c:4c,SFR_3C48,true,false
6682,24:95:04:db:3c:4c,SFR_3C48,true,false
6683,24:95:04:db:3c:4c,SFR_3C48,true,false
6684,24:95:04:db:3c:4c,SFR_3C48,true,false
6685,24:95:04:db:3c:4c,SFR_3C48,true,false
6686,24:95:04:db:3c:4c,SFR_3C48,true,false
6687,24:95:04:db:3c:4c,SFR_3C48,true,false
6688,24:95:04:db:3c:4c,SFR_3C48,true,false
6689,24:95:04:db:3c:4c,SFR_3C48,true,false
6690,24:95:04:db:3c:4c,SFR_3C48,true,false
6691,24:95:04:db:3c:4c,SFR_3C48,true,false
6692,24:95:04:db:3c:4c,SFR_3C48,true,false
6693,24:95:04:db:3c:4c,SFR_3C48,true,false
6694,24:95:04:db:3c:4c,SFR_3C48,true,false
6695,24:95:04:db:3c:4c,SFR_3C48,true,false
6696,24:95:04:db:3c:4c,SFR_3C48,true,false
6697,24:95:04:db:3c:4c,SFR_3C48,true,false
6698,24:95:04:db:3c:4c,SFR_3C48,true,false
6699,24:95:04:db:3c:4c,SFR_3C48,true,false
6700,24:95:04:db:3c:4c,SFR_3C48,true,false
6701,24:95:04:db:3c:4c,SFR_3C48,true,false
6702,24:95:04:db:3c:4c,SFR_3C48,true,false
6703,24:95:04:db:3c:4c,SFR_3C48,true,false
6704,24:95:04:db:3c:4c,SFR_3C48,true,false
6705,24:95:04:db:3c:4c,SFR_3C48,true,false
6706,24:95:04:db:3c:4c,SFR_3C48,true,false
6707,24:95:04:db:3c:4c,SFR_3C48,true,false
6708,24:95:04:db:3c:4c,SFR_3C48,true,false
6709,24:95:04:db:3c:4c,SFR_3C48,true,false
6710,24:95:04:db:3c:4c,SFR_3C48,true,false
6711,24:95:04:db:3c:4c,SFR_3C48,true,false
6712,24:95:04:db:3c:4c,SFR_3C48,true,false
6713,24:95:04:db:3c:4c,SFR_3C48,true,false
6714,24:95:04:db:3c:4c,SFR_3C48,true,false
6715,24:95:04:db:3c:4c,SFR_3C48,true,false
6716,24:95:04:db:3c:4c,SFR_3C48,true,false
6717,24:95:04:db:3c:4c,SFR_3C48,true,false
6718,24:95:04:db:3c:4c,SFR_3C48,true,false
6719,24:95:04:db:3c:4c,SFR_3C48,true,false
6720,24:95:04:db:3c:4c,SFR_3C48,true,false
6721,24:95:04:db:3c:4c,SFR_3C48,true,false
6722,24:95:04:db:3c:4c,SFR_3C48,true,false
6723,24:95:04:db:3c:4c,SFR_3C48,true,false
6724,24:95:04:db:3c:4c,SFR_3C48,true,false
6725,24:95:04:db:3c:4c,SFR_3C48,true,false
6726,24:95:04:db:3c:4c,SFR_3C48,true,false
6727,24:95:04:db:3c:4c,SFR_3C48,true,false
6728,24:95:04:db:3c:4c,SFR_3C48,true,false
6729,24:95:04:db:3c:4c,SFR_3C48,true,false
6730,24:95:04:db:3c:4c,SFR_3C48,true,false
6731,24:95:04:db:3c:4c,SFR_3C48,true,false
6732,24:95:04:db:3c:4c,SFR_3C48,true,false
6733,24:95:04:db:3c:4c,SFR_3C48,true,false
6734,24:95:04:db:3c:4c,SFR_3C48,true,false
6735,24:95:04:db:3c:4c,SFR_3C48,true,false
6736,24:95:04:db:3c:4c,SFR_3C48,true,false
6737,24:95:04:db:3c:4c,SFR_3C48,true,false
6738,24:95:04:db:3c:4c,SFR_3C48,true,false
6739,24:95:04:db:3c:4c,SFR_3C48,true,false
6740,24:95:04:db:3c:4c,SFR_3C48,true,false
6741,24:95:04:db:3c:4c,SFR_3C48,true,false
6742,24:95:04:db:3c:4c,SFR_3C48,true,false
6743,24:95:04:db:3c:4c,SFR_3C48,true,false
6744,24:95:04:db:3c:4c,SFR_3C48,true,false
6745,24:95:04:db:3c:4c,SFR_3C48,true,false
6746,24:95:04:db:3c:4c,SFR_3C48,true,false
6747,24:95:04:db:3c:4c,SFR_3C48,true,false
6748,24:95:04:db:3c:4c,SFR_3C48,true,false
6749,24:95:04:db:3c:4c,SFR_3C48,true,false
6750,24:95:04:db:3c:4c,SFR_3C48,true,false
6751,24:95:04:db:3c:4c,SFR_3C48,true,false
6752,24:95:04:db:3c:4c,SFR_3C48,true,false
6753,24:95:04:db:3c:4c,SFR_3C48,true,false
6754,24:95:04:db:3c:4c,SFR_3C48,true,false
6755,24:95:04:db:3c:4c,SFR_3C48,true,false
6756,24:95:04:db:3c:4c,SFR_3C48,true,false
6757,24:95:04:db:3c:4c,SFR_3C48,true,false
6758,24:95:04:db:3c:4c,SFR_3C48,true,false
6759,24:95:04:db:3c:4c,SFR_3C48,true,false
6760,24:95:04:db:3c:4c,SFR_3C48,true,false
6761,24:95:04:db:3c:4c,SFR_3C48,true,false
6762,24:95:04:db:3c:4c,SFR_3C48,true,false
6763,24:95:04:db:3c:4c,SFR_3C48,true,false
6764,24:95:04:db:3c:4c,SFR_3C48,true,false
6765,24:95:04:db:3c:4c,SFR_3C48,true,false
6766,24:95:04:db:3c:4c,SFR_3C48,true,false
6767,24:95:04:db:3c:4c,SFR_3C48,true,false
6768,24:95:04:db:3c:4c,SFR_3C48,true,false
6769,24:95:04:db:3c:4c,SFR_3C48,true,false
6770,24:95:04:db:3c:4c,SFR_3C48,true,false
6771,24:95:04:db:3c:4c,SFR_3C48,true,false
6772,24:95:04:db:3c:4c,SFR_3C48,true,false
6773,24:95:04:db:3c:4c,SFR_3C48,true,false
6774,24:95:04:db:3c:4c,SFR_3C48,true,false
6775,24:95:04:db:3c:4c,SFR_3C48,true,false
6776,24:95:04:db:3c:4c,SFR_3C48,true,false
6777,24:95:04:db:3c:4c,SFR_3C48,true,false
6778,24:95:04:db:3c:4c,SFR_3C48,true,false
6779,24:95:04:db:3c:4c,SFR_3C48,true,false
6780,24:95:04:db:3c:4c,SFR_3C48,true,false
6781,24:95:04:db:3c:4c,SFR_3C48,true,false
6782,24:95:04:db:3c:4c,SFR_3C48,true,false
6783,24:95:04:db:3c:4c,SFR_3C48,true,false
6784,24:95:04:db:3c:4c,SFR_3C48,true,false
6785,24:95:04:db:3c:4c,SFR_3C48,true,false
6786,24:95:04:db:3c:4c,SFR_3C48,true,false
6787,24:95:04:db:3c:4c,SFR_3C48,true,false
6788,24:95:04:db:3c:4c,SFR_3C48,true,false
6789,24:95:04:db:3c:4c,SFR_3C48,true,false
6790,24:95:04:db:3c:4c,SFR_3C48,true,false
6791,24:95:04:db:3c:4c,SFR_3C48,true,false
6792,24:95:04:db:3c:4c,SFR_3C48,true,false
6793,24:95:04:db:3c:4c,SFR_3C48,true,false
6794,24:95:04:db:3c:4c,SFR_3C48,true,false
6795,24:95:04:db:3c:4c,SFR_3C48,true,false
6796,24:95:04:db:3c:4c,SFR_3C48,true,false
6797,24:95:04:db:3c:4c,SFR_3C48,true,false
6798,24:95:04:db:3c:4c,SFR_3C48,true,false
6799,24:95:04:db:3c:4c,SFR_3C48,true,false
6800,24:95:04:db:3c:4c,SFR_3C48,true,false
6801,24:95:04:db:3c:4c,SFR_3C48,true,false
6802,24:95:04:db:3c:4c,SFR_3C48,true,false
6803,24:95:04:db:3c:4c,SFR_3C48,true,false
6804,24:95:04:db:3c:4c,SFR_3C48,true,false
6805,24:95:04:db:3c:4c,SFR_3C48,true,false
6806,24:95:04:db:3c:4c,SFR_3C48,true,false
6807,24:95:04:db:3c:4c,SFR_3C48,true,false
6808,24:95:04:db:3c:4c,SFR_3C48,true,false
6809,24:95:04:db:3c:4c,SFR_3C48,true,false
6810,24:95:04:db:3c:4c,SFR_3C48,true,false
6811,24:95:04:db:3c:4c,SFR_3C48,true,false
6812,24:95:04:db:3c:4c,SFR_3C48,true,false
6813,24:95:04:db:3c:4c,SFR_3C48,true,false
6814,24:95:04:db:3c:4c,SFR_3C48,true,false
6815,24:95:04:db:3c:4c,SFR_3C48,true,false
6816,24:95:04:db:3c:4c,SFR_3C48,true,false
6817,24:95:04:db:3c:4c,SFR_3C48,true,false
6818,24:95:04:db:3c:4c,SFR_3C48,true,false
6819,24:95:04:db:3c:4c,SFR_3C48,true,false
6820,24:95:04:db:3c:4c,SFR_3C48,true,false
6821,24:95:04:db:3c:4c,SFR_3C48,true,false
6822,24:95:04:db:3c:4c,SFR_3C48,true,false
6823,24:95:04:db:3c:4c,SFR_3C48,true,false
6824,24:95:04:db:3c:4c,SFR_3C48,true,false
6825,24:95:04:db:3c:4c,SFR_3C48,true,false
6826,24:95:04:db:3c:4c,SFR_3C48,true,false
6827,24:95:04:db:3c:4c,SFR_3C48,true,false
6828,24:95:04:db:3c:4c,SFR_3C48,true,false
6829,24:95:04:db:3c:4c,SFR_3C48,true,false
6830,24:95:04:db:3c:4c,SFR_3C48,true,false
6831,24:95:04:db:3c:4c,SFR_3C48,true,false
6832,24:95:04:db:3c:4c,SFR_3C48,true,false
6833,24:95:04:db:3c:4c,SFR_3C48,true,false
6834,24:95:04:db:3c:4c,SFR_3C48,true,false
6835,24:95:04:db:3c:4c,SFR_3C48,true,false
6836,24:95:04:db:3c:4c,SFR_3C48,true,false
6837,24:95:04:db:3c:4c,SFR_3C48,true,false
6838,24:95:04:db:3c:4c,SFR_3C48,true,false
6843,24:95:04:db:3c:4c,SFR_3C48,true,false
6844,24:95:04:db:3c:4c,SFR_3C48,true,false
6845,24:95:04:db:3c:4c,SFR_3C48,true,false
6846,24:95:04:db:3c:4c,SFR_3C48,true,false
6847,24:95:04:db:3c:4c,SFR_3C48,true,false
6848,24:95:04:db:3c:4c,SFR_3C48,true,false
6849,24:95:04:db:3c:4c,SFR_3C48,true,false
6850,24:95:04:db:3c:4c,SFR_3C48,true,false
6851,24:95:04:db:3c:4c,SFR_3C48,true,false
6852,24:95:04:db:3c:4c,SFR_3C48,true,false
6853,24:95:04:db:3c:4c,SFR_3C48,true,false
6854,24:95:04:db:3c:4c,SFR_3C48,true,false
6855,24:95:04:db:3c:4c,SFR_3C48,true,false
6856,24:95:04:db:3c:4c,SFR_3C48,true,false
6857,24:95:04:db:3c:4c,SFR_3C48,true,false
6858,24:95:04:db:3c:4c,SFR_3C48,true,false
6859,24:95:04:db:3c:4c,SFR_3C48,true,false
6860,24:95:04:db:3c:4c,SFR_3C48,true,false
6861,24:95:04:db:3c:4c,SFR_3C48,true,false
6862,24:95:04:db:3c:4c,SFR_3C48,true,false
6863,24:95:04:db:3c:4c,SFR_3C48,true,false
6864,24:95:04:db:3c:4c,SFR_3C48,true,false
6865,24:95:04:db:3c:4c,SFR_3C48,true,false
6866,24:95:04:db:3c:4c,SFR_3C48,true,false
6867,24:95:04:db:3c:4c,SFR_3C48,true,false
6868,24:95:04:db:3c:4c,SFR_3C48,true,false
6869,24:95:04:db:3c:4c,SFR_3C48,true,false
6870,24:95:04:db:3c:4c,SFR_3C48,true,false
6871,24:95:04:db:3c:4c,SFR_3C48,true,false
6872,24:95:04:db:3c:4c,SFR_3C48,true,false
6873,24:95:04:db:3c:4c,SFR_3C48,true,false
6874,24:95:04:db:3c:4c,SFR_3C48,true,false
6875,24:95:04:db:3c:4c,SFR_3C48,true,false
6876,24:95:04:db:3c:4c,SFR_3C48,true,false
6877,24:95:04:db:3c:4c,SFR_3C48,true,false
6878,24:95:04:db:3c:4c,SFR_3C48,true,false
6879,24:95:04:db:3c:4c,SFR_3C48,true,false
6880,24:95:04:db:3c:4c,SFR_3C48,true,false
6881,24:95:04:db:3c:4c,SFR_3C48,true,false
6882,24:95:04:db:3c:4c,SFR_3C48,true,false
6883,24:95:04:db:3c:4c,SFR_3C48,true,false
6884,24:95:04:db:3c:4c,SFR_3C48,true,false
6885,24:95:04:db:3c:4c,SFR_3C48,true,false
6886,24:95:04:db:3c:4c,SFR_3C48,true,false
6887,24:95:04:db:3c:4c,SFR_3C48,true,false
6888,24:95:04:db:3c:4c,SFR_3C48,true,false
6889,24:95:04:db:3c:4c,SFR_3C48,true,false
6890,24:95:04:db:3c:4c,SFR_3C48,true,false
6891,24:95:04:db:3c:4c,SFR_3C48,true,false
6892,24:95:04:db:3c:4c,SFR_3C48,true,false
6893,24:95:04:db:3c:4c,SFR_3C48,true,false
6894,24:95:04:db:3c:4c,SFR_3C48,true,false
6895,24:95:04:db:3c:4c,SFR_3C48,true,false
6896,24:95:04:db:3c:4c,SFR_3C48,true,false
6897,24:95:04:db:3c:4c,SFR_3C48,true,false
6898,24:95:04:db:3c:4c,SFR_3C48,true,false
6899,24:95:04:db:3c:4c,SFR_3C48,true,false
6900,24:95:04:db:3c:4c,SFR_3C48,true,false
6901,24:95:04:db:3c:4c,SFR_3C48,true,false
6902,24:95:04:db:3c:4c,SFR_3C48,true,false
6903,24:95:04:db:3c:4c,SFR_3C48,true,false
6904,24:95:04:db:3c:4c,SFR_3C48,true,false
6905,24:95:04:db:3c:4c,SFR_3C48,true,false
6906,24:95:04:db:3c:4c,SFR_3C48,true,false
6907,24:95:04:db:3c:4c,SFR_3C48,true,false
6908,24:95:04:db:3c:4c,SFR_3C48,true,false
6909,24:95:04:db:3c:4c,SFR_3C48,true,false
6910,24:95:04:db:3c:4c,SFR_3C48,true,false
6911,24:95:04:db:3c:4c,SFR_3C48,true,false
6912,24:95:04:db:3c:4c,SFR_3C48,true,false
6913,24:95:04:db:3c:4c,SFR_3C48,true,false
6914,24:95:04:db:3c:4c,SFR_3C48,true,false
6915,24:95:04:db:3c:4c,SFR_3C48,true,false
6916,24:95:04:db:3c:4c,SFR_3C48,true,false
6917,24:95:04:db:3c:4c,SFR_3C48,true,false
6918,24:95:04:db:3c:4c,SFR_3C48,true,false
6919,24:95:04:db:3c:4c,SFR_3C48,true,false
6920,24:95:04:db:3c:4c,SFR_3C48,true,false
6921,24:95:04:db:3c:4c,SFR_3C48,true,false
6922,24:95:04:db:3c:4c,SFR_3C48,true,false
6923,24:95:04:db:3c:4c,SFR_3C48,true,false
6924,24:95:04:db:3c:4c,SFR_3C48,true,false
6925,24:95:04:db:3c:4c,SFR_3C48,true,false
6926,24:95:04:db:3c:4c,SFR_3C48,true,false
6927,24:95:04:db:3c:4c,SFR_3C48,true,false
6928,24:95:04:db:3c:4c,SFR_3C48,true,false
6929,24:95:04:db:3c:4c,SFR_3C48,true,false
6930,24:95:04:db:3c:4c,SFR_3C48,true,false
6931,24:95:04:db:3c:4c,SFR_3C48,true,false
6932,24:95:04:db:3c:4c,SFR_3C48,true,false
6933,24:95:04:db:3c:4c,SFR_3C48,true,false
6934,24:95:04:db:3c:4c,SFR_3C48,true,false
6935,24:95:04:db:3c:4c,SFR_3C48,true,false
6936,24:95:04:db:3c:4c,SFR_3C48,true,false
6937,24:95:04:db:3c:4c,SFR_3C48,true,false
6938,24:95:04:db:3c:4c,SFR_3C48,true,false
6939,24:95:04:db:3c:4c,SFR_3C48,true,false
6940,24:95:04:db:3c:4c,SFR_3C48,true,false
6941,24:95:04:db:3c:4c,SFR_3C48,true,false
6942,24:95:04:db:3c:4c,SFR_3C48,true,false
6943,24:95:04:db:3c:4c,SFR_3C48,true,false
6944,24:95:04:db:3c:4c,SFR_3C48,true,false
6945,24:95:04:db:3c:4c,SFR_3C48,true,false
6946,24:95:04:db:3c:4c,SFR_3C48,true,false
6947,24:95:04:db:3c:4c,SFR_3C48,true,false
6948,24:95:04:db:3c:4c,SFR_3C48,true,false
6949,24:95:04:db:3c:4c,SFR_3C48,true,false
6950,24:95:04:db:3c:4c,SFR_3C48,true,false
6951,24:95:04:db:3c:4c,SFR_3C48,true,false
6952,24:95:04:db:3c:4c,SFR_3C48,true,false
6953,24:95:04:db:3c:4c,SFR_3C48,true,false
6954,24:95:04:db:3c:4c,SFR_3C48,true,false
6955,24:95:04:db:3c:4c,SFR_3C48,true,false
6956,24:95:04:db:3c:4c,SFR_3C48,true,false
6957,24:95:04:db:3c:4c,SFR_3C48,true,false
6958,24:95:04:db:3c:4c,SFR_3C48,true,false
6959,24:95:04:db:3c:4c,SFR_3C48,true,false
6960,24:95:04:db:3c:4c,SFR_3C48,true,false
6961,24:95:04:db:3c:4c,SFR_3C48,true,false
6962,24:95:04:db:3c:4c,SFR_3C48,true,false
6963,24:95:04:db:3c:4c,SFR_3C48,true,false
6964,24:95:04:db:3c:4c,SFR_3C48,true,false
6965,24:95:04:db:3c:4c,SFR_3C48,true,false
6966,24:95:04:db:3c:4c,SFR_3C48,true,false
6967,24:95:04:db:3c:4c,SFR_3C48,true,false
6968,24:95:04:db:3c:4c,SFR_3C48,true,false
6969,24:95:04:db:3c:4c,SFR_3C48,true,false
6970,24:95:04:db:3c:4c,SFR_3C48,true,false
6971,24:95:04:db:3c:4c,SFR_3C48,true,false
6972,24:95:04:db:3c:4c,SFR_3C48,true,false
6973,24:95:04:db:3c:4c,SFR_3C48,true,false
6974,24:95:04:db:3c:4c,SFR_3C48,true,false
6975,24:95:04:db:3c:4c,SFR_3C48,true,false
6976,24:95:04:db:3c:4c,SFR_3C48,true,false
6977,24:95:04:db:3c:4c,SFR_3C48,true,false
6978,24:95:04:db:3c:4c,SFR_3C48,true,false
6979,24:95:04:db:3c:4c,SFR_3C48,true,false
6980,24:95:04:db:3c:4c,SFR_3C48,true,false
6981,24:95:04:db:3c:4c,SFR_3C48,true,false
6982,24:95:04:db:3c:4c,SFR_3C48,true,false
6983,24:95:04:db:3c:4c,SFR_3C48,true,false
6984,24:95:04:db:3c:4c,SFR_3C48,true,false
6985,24:95:04:db:3c:4c,SFR_3C48,true,false
6986,24:95:04:db:3c:4c,SFR_3C48,true,false
6988,24:95:04:db:3c:4c,SFR_3C48,true,false
6989,24:95:04:db:3c:4c,SFR_3C48,true,false
6990,24:95:04:db:3c:4c,SFR_3C48,true,false
6991,24:95:04:db:3c:4c,SFR_3C48,true,false
6992,24:95:04:db:3c:4c,SFR_3C48,true,false
6993,24:95:04:db:3c:4c,SFR_3C48,true,false
6994,24:95:04:db:3c:4c,SFR_3C48,true,false
6995,24:95:04:db:3c:4c,SFR_3C48,true,false
6996,24:95:04:db:3c:4c,SFR_3C48,true,false
6997,24:95:04:db:3c:4c,SFR_3C48,true,false
6998,24:95:04:db:3c:4c,SFR_3C48,true,false
6999,24:95:04:db:3c:4c,SFR_3C48,true,false
7000,24:95:04:db:3c:4c,SFR_3C48,true,false
7001,24:95:04:db:3c:4c,SFR_3C48,true,false
7002,24:95:04:db:3c:4c,SFR_3C48,true,false
7003,24:95:04:db:3c:4c,SFR_3C48,true,false
7004,24:95:04:db:3c:4c,SFR_3C48,true,false
7005,24:95:04:db:3c:4c,SFR_3C48,true,false
7006,24:95:04:db:3c:4c,SFR_3C48,true,false
7007,24:95:04:db:3c:4c,SFR_3C48,true,false
7008,24:95:04:db:3c:4c,SFR_3C48,true,false
7016,24:95:04:db:3c:4c,SFR_3C48,true,false
7017,24:95:04:db:3c:4c,SFR_3C48,true,false
7018,24:95:04:db:3c:4c,SFR_3C48,true,false
7019,24:95:04:db:3c:4c,SFR_3C48,true,false
7020,24:95:04:db:3c:4c,SFR_3C48,true,false
7021,24:95:04:db:3c:4c,SFR_3C48,true,false
7022,24:95:04:db:3c:4c,SFR_3C48,true,false
7023,24:95:04:db:3c:4c,SFR_3C48,true,false
7024,24:95:04:db:3c:4c,SFR_3C48,true,false
7025,24:95:04:db:3c:4c,SFR_3C48,true,false
7026,24:95:04:db:3c:4c,SFR_3C48,true,false
7027,24:95:04:db:3c:4c,SFR_3C48,true,false
7028,24:95:04:db:3c:4c,SFR_3C48,true,false
7029,24:95:04:db:3c:4c,SFR_3C48,true,false
7030,24:95:04:db:3c:4c,SFR_3C48,true,false
7031,24:95:04:db:3c:4c,SFR_3C48,true,false
7032,24:95:04:db:3c:4c,SFR_3C48,true,false
7033,24:95:04:db:3c:4c,SFR_3C48,true,false
7034,24:95:04:db:3c:4c,SFR_3C48,true,false
7035,24:95:04:db:3c:4c,SFR_3C48,true,false
7036,24:95:04:db:3c:4c,SFR_3C48,true,false
7037,24:95:04:db:3c:4c,SFR_3C48,true,false
7038,24:95:04:db:3c:4c,SFR_3C48,true,false
7039,24:95:04:db:3c:4c,SFR_3C48,true,false
7040,24:95:04:db:3c:4c,SFR_3C48,true,false
7041,24:95:04:db:3c:4c,SFR_3C48,true,false
7042,24:95:04:db:3c:4c,SFR_3C48,true,false
7043,24:95:04:db:3c:4c,SFR_3C48,true,false
7044,24:95:04:db:3c:4c,SFR_3C48,true,false
7045,24:95:04:db:3c:4c,SFR_3C48,true,false
7050,24:95:04:db:3c:4c,SFR_3C48,true,false
7056,24:95:04:db:3c:4c,SFR_3C48,true,false
7057,24:95:04:db:3c:4c,SFR_3C48,true,false
7058,24:95:04:db:3c:4c,SFR_3C48,true,false
7059,24:95:04:db:3c:4c,SFR_3C48,true,false
7060,24:95:04:db:3c:4c,SFR_3C48,true,false
7061,24:95:04:db:3c:4c,SFR_3C48,true,false
7062,24:95:04:db:3c:4c,SFR_3C48,true,false
7063,24:95:04:db:3c:4c,SFR_3C48,true,false
7064,24:95:04:db:3c:4c,SFR_3C48,true,false
7065,24:95:04:db:3c:4c,SFR_3C48,true,false
7066,24:95:04:db:3c:4c,SFR_3C48,true,false
7067,24:95:04:db:3c:4c,SFR_3C48,true,false
7068,24:95:04:db:3c:4c,SFR_3C48,true,false
7069,24:95:04:db:3c:4c,SFR_3C48,true,false
7070,24:95:04:db:3c:4c,SFR_3C48,true,false
7071,24:95:04:db:3c:4c,SFR_3C48,true,false
7072,24:95:04:db:3c:4c,SFR_3C48,true,false
7073,24:95:04:db:3c:4c,SFR_3C48,true,false
7074,24:95:04:db:3c:4c,SFR_3C48,true,false
7075,24:95:04:db:3c:4c,SFR_3C48,true,false
7076,24:95:04:db:3c:4c,SFR_3C48,true,false
7077,24:95:04:db:3c:4c,SFR_3C48,true,false
7078,24:95:04:db:3c:4c,SFR_3C48,true,false
7079,24:95:04:db:3c:4c,SFR_3C48,true,false
7080,24:95:04:db:3c:4c,SFR_3C48,true,false
7081,24:95:04:db:3c:4c,SFR_3C48,true,false
7082,24:95:04:db:3c:4c,SFR_3C48,true,false
7083,24:95:04:db:3c:4c,SFR_3C48,true,false
7084,24:95:04:db:3c:4c,SFR_3C48,true,false
7085,24:95:04:db:3c:4c,SFR_3C48,true,false
7086,24:95:04:db:3c:4c,SFR_3C48,true,false
7087,24:95:04:db:3c:4c,SFR_3C48,true,false
7088,24:95:04:db:3c:4c,SFR_3C48,true,false
7089,24:95:04:db:3c:4c,SFR_3C48,true,false
7090,24:95:04:db:3c:4c,SFR_3C48,true,false
7091,24:95:04:db:3c:4c,SFR_3C48,true,false
7092,24:95:04:db:3c:4c,SFR_3C48,true,false
7093,24:95:04:db:3c:4c,SFR_3C48,true,false
7094,24:95:04:db:3c:4c,SFR_3C48,true,false
7095,24:95:04:db:3c:4c,SFR_3C48,true,false
7096,24:95:04:db:3c:4c,SFR_3C48,true,false
7097,24:95:04:db:3c:4c,SFR_3C48,true,false
7098,24:95:04:db:3c:4c,SFR_3C48,true,false
7099,24:95:04:db:3c:4c,SFR_3C48,true,false
7100,24:95:04:db:3c:4c,SFR_3C48,true,false
7101,24:95:04:db:3c:4c,SFR_3C48,true,false
7102,24:95:04:db:3c:4c,SFR_3C48,true,false
7103,24:95:04:db:3c:4c,SFR_3C48,true,false
7104,24:95:04:db:3c:4c,SFR_3C48,true,false
7105,24:95:04:db:3c:4c,SFR_3C48,true,false
7106,24:95:04:db:3c:4c,SFR_3C48,true,false
7107,24:95:04:db:3c:4c,SFR_3C48,true,false
7108,24:95:04:db:3c:4c,SFR_3C48,true,false
7109,24:95:04:db:3c:4c,SFR_3C48,true,false
7110,24:95:04:db:3c:4c,SFR_3C48,true,false
7111,24:95:04:db:3c:4c,SFR_3C48,true,false
7112,24:95:04:db:3c:4c,SFR_3C48,true,false
7113,24:95:04:db:3c:4c,SFR_3C48,true,false
7114,24:95:04:db:3c:4c,SFR_3C48,true,false
7115,24:95:04:db:3c:4c,SFR_3C48,true,false
7116,24:95:04:db:3c:4c,SFR_3C48,true,false
7117,24:95:04:db:3c:4c,SFR_3C48,true,false
7118,24:95:04:db:3c:4c,SFR_3C48,true,false
7119,24:95:04:db:3c:4c,SFR_3C48,true,false
7120,24:95:04:db:3c:4c,SFR_3C48,true,false
7121,24:95:04:db:3c:4c,SFR_3C48,true,false
7122,24:95:04:db:3c:4c,SFR_3C48,true,false
7123,24:95:04:db:3c:4c,SFR_3C48,true,false
7124,24:95:04:db:3c:4c,SFR_3C48,true,false
7125,24:95:04:db:3c:4c,SFR_3C48,true,false
7126,24:95:04:db:3c:4c,SFR_3C48,true,false
7127,24:95:04:db:3c:4c,SFR_3C48,true,false
7128,24:95:04:db:3c:4c,SFR_3C48,true,false
7129,24:95:04:db:3c:4c,SFR_3C48,true,false
7130,24:95:04:db:3c:4c,SFR_3C48,true,false
7131,24:95:04:db:3c:4c,SFR_3C48,true,false
7132,24:95:04:db:3c:4c,SFR_3C48,true,false
7133,24:95:04:db:3c:4c,SFR_3C48,true,false
7134,24:95:04:db:3c:4c,SFR_3C48,true,false
7135,24:95:04:db:3c:4c,SFR_3C48,true,false
7136,24:95:04:db:3c:4c,SFR_3C48,true,false
7137,24:95:04:db:3c:4c,SFR_3C48,true,false
7138,24:95:04:db:3c:4c,SFR_3C48,true,false
7139,24:95:04:db:3c:4c,SFR_3C48,true,false
7140,24:95:04:db:3c:4c,SFR_3C48,true,false
7141,24:95:04:db:3c:4c,SFR_3C48,true,false
7142,24:95:04:db:3c:4c,SFR_3C48,true,false
7143,24:95:04:db:3c:4c,SFR_3C48,true,false
7144,24:95:04:db:3c:4c,SFR_3C48,true,false
7145,24:95:04:db:3c:4c,SFR_3C48,true,false
7146,24:95:04:db:3c:4c,SFR_3C48,true,false
7147,24:95:04:db:3c:4c,SFR_3C48,true,false
7148,24:95:04:db:3c:4c,SFR_3C48,true,false
7149,24:95:04:db:3c:4c,SFR_3C48,true,false
7150,24:95:04:db:3c:4c,SFR_3C48,true,false
7151,24:95:04:db:3c:4c,SFR_3C48,true,false
7152,24:95:04:db:3c:4c,SFR_3C48,true,false
7153,24:95:04:db:3c:4c,SFR_3C48,true,false
7154,24:95:04:db:3c:4c,SFR_3C48,true,false
7155,24:95:04:db:3c:4c,SFR_3C48,true,false
7156,24:95:04:db:3c:4c,SFR_3C48,true,false
7157,24:95:04:db:3c:4c,SFR_3C48,true,false
7158,24:95:04:db:3c:4c,SFR_3C48,true,false
7159,24:95:04:db:3c:4c,SFR_3C48,true,false
7160,24:95:04:db:3c:4c,SFR_3C48,true,false
7161,24:95:04:db:3c:4c,SFR_3C48,true,false
7162,24:95:04:db:3c:4c,SFR_3C48,true,false
7163,24:95:04:db:3c:4c,SFR_3C48,true,false
7164,24:95:04:db:3c:4c,SFR_3C48,true,false
7165,24:95:04:db:3c:4c,SFR_3C48,true,false
7166,24:95:04:db:3c:4c,SFR_3C48,true,false
7167,24:95:04:db:3c:4c,SFR_3C48,true,false
7168,24:95:04:db:3c:4c,SFR_3C48,true,false
7169,24:95:04:db:3c:4c,SFR_3C48,true,false
7170,24:95:04:db:3c:4c,SFR_3C48,true,false
7171,24:95:04:db:3c:4c,SFR_3C48,true,false
7172,24:95:04:db:3c:4c,SFR_3C48,true,false
7173,24:95:04:db:3c:4c,SFR_3C48,true,false
7174,24:95:04:db:3c:4c,SFR_3C48,true,false
7175,24:95:04:db:3c:4c,SFR_3C48,true,false
7176,24:95:04:db:3c:4c,SFR_3C48,true,false
7177,24:95:04:db:3c:4c,SFR_3C48,true,false
7178,24:95:04:db:3c:4c,SFR_3C48,true,false
7179,24:95:04:db:3c:4c,SFR_3C48,true,false
7180,24:95:04:db:3c:4c,SFR_3C48,true,false
7181,24:95:04:db:3c:4c,SFR_3C48,true,false
7182,24:95:04:db:3c:4c,SFR_3C48,true,false
7183,24:95:04:db:3c:4c,SFR_3C48,true,false
7184,24:95:04:db:3c:4c,SFR_3C48,true,false
7185,24:95:04:db:3c:4c,SFR_3C48,true,false
7186,24:95:04:db:3c:4c,SFR_3C48,true,false
7187,24:95:04:db:3c:4c,SFR_3C48,true,false
7188,24:95:04:db:3c:4c,SFR_3C48,true,false
7189,24:95:04:db:3c:4c,SFR_3C48,true,false
7190,24:95:04:db:3c:4c,SFR_3C48,true,false
7191,24:95:04:db:3c:4c,SFR_3C48,true,false
7192,24:95:04:db:3c:4c,SFR_3C48,true,false
7193,24:95:04:db:3c:4c,SFR_3C48,true,false
7194,24:95:04:db:3c:4c,SFR_3C48,true,false
7195,24:95:04:db:3c:4c,SFR_3C48,true,false
7196,24:95:04:db:3c:4c,SFR_3C48,true,false
7197,24:95:04:db:3c:4c,SFR_3C48,true,false
7198,24:95:04:db:3c:4c,SFR_3C48,true,false
7199,24:95:04:db:3c:4c,SFR_3C48,true,false
7200,24:95:04:db:3c:4c,SFR_3C48,true,false
7201,24:95:04:db:3c:4c,SFR_3C48,true,false
7202,24:95:04:db:3c:4c,SFR_3C48,true,false
7203,24:95:04:db:3c:4c,SFR_3C48,true,false
7204,24:95:04:db:3c:4c,SFR_3C48,true,false
7205,24:95:04:db:3c:4c,SFR_3C48,true,false
7206,24:95:04:db:3c:4c,SFR_3C48,true,false
7207,24:95:04:db:3c:4c,SFR_3C48,true,false
7208,24:95:04:db:3c:4c,SFR_3C48,true,false
7209,24:95:04:db:3c:4c,SFR_3C48,true,false
7210,24:95:04:db:3c:4c,SFR_3C48,true,false
7211,24:95:04:db:3c:4c,SFR_3C48,true,false
7212,24:95:04:db:3c:4c,SFR_3C48,true,false
7213,24:95:04:db:3c:4c,SFR_3C48,true,false
7214,24:95:04:db:3c:4c,SFR_3C48,true,false
7215,24:95:04:db:3c:4c,SFR_3C48,true,false
7216,24:95:04:db:3c:4c,SFR_3C48,true,false
7217,24:95:04:db:3c:4c,SFR_3C48,true,false
7218,24:95:04:db:3c:4c,SFR_3C48,true,false
7219,24:95:04:db:3c:4c,SFR_3C48,true,false
7220,24:95:04:db:3c:4c,SFR_3C48,true,false
7221,24:95:04:db:3c:4c,SFR_3C48,true,false
7222,24:95:04:db:3c:4c,SFR_3C48,true,false
7223,24:95:04:db:3c:4c,SFR_3C48,true,false
7224,24:95:04:db:3c:4c,SFR_3C48,true,false
7225,24:95:04:db:3c:4c,SFR_3C48,true,false
7226,24:95:04:db:3c:4c,SFR_3C48,true,false
7227,24:95:04:db:3c:4c,SFR_3C48,true,false
7228,24:95:04:db:3c:4c,SFR_3C48,true,false
7229,24:95:04:db:3c:4c,SFR_3C48,true,false
7230,24:95:04:db:3c:4c,SFR_3C48,true,false
7231,24:95:04:db:3c:4c,SFR_3C48,true,false
7232,24:95:04:db:3c:4c,SFR_3C48,true,false
7233,24:95:04:db:3c:4c,SFR_3C48,true,false
7234,24:95:04:db:3c:4c,SFR_3C48,true,false
7235,24:95:04:db:3c:4c,SFR_3C48,true,false
7236,24:95:04:db:3c:4c,SFR_3C48,true,false
7237,24:95:04:db:3c:4c,SFR_3C48,true,false
7238,24:95:04:db:3c:4c,SFR_3C48,true,false
7239,24:95:04:db:3c:4c,SFR_3C48,true,false
7240,24:95:04:db:3c:4c,SFR_3C48,true,false
7241,24:95:04:db:3c:4c,SFR_3C48,true,false
7242,24:95:04:db:3c:4c,SFR_3C48,true,false
7243,24:95:04:db:3c:4c,SFR_3C48,true,false
7244,24:95:04:db:3c:4c,SFR_3C48,true,false
7245,24:95:04:db:3c:4c,SFR_3C48,true,false
7246,24:95:04:db:3c:4c,SFR_3C48,true,false
7247,24:95:04:db:3c:4c,SFR_3C48,true,false
7248,24:95:04:db:3c:4c,SFR_3C48,true,false
7249,24:95:04:db:3c:4c,SFR_3C48,true,false
7250,24:95:04:db:3c:4c,SFR_3C48,true,false
7251,24:95:04:db:3c:4c,SFR_3C48,true,false
7252,24:95:04:db:3c:4c,SFR_3C48,true,false
7253,24:95:04:db:3c:4c,SFR_3C48,true,false
7254,24:95:04:db:3c:4c,SFR_3C48,true,false
7255,24:95:04:db:3c:4c,SFR_3C48,true,false
7256,24:95:04:db:3c:4c,SFR_3C48,true,false
7257,24:95:04:db:3c:4c,SFR_3C48,true,false
7258,24:95:04:db:3c:4c,SFR_3C48,true,false
7259,24:95:04:db:3c:4c,SFR_3C48,true,false
7266,24:95:04:db:3c:4c,SFR_3C48,true,false
7267,24:95:04:db:3c:4c,SFR_3C48,true,false
7268,24:95:04:db:3c:4c,SFR_3C48,true,false
7269,24:95:04:db:3c:4c,SFR_3C48,true,false
7270,24:95:04:db:3c:4c,SFR_3C48,true,false
7271,24:95:04:db:3c:4c,SFR_3C48,true,false
7272,24:95:04:db:3c:4c,SFR_3C48,true,false
7273,24:95:04:db:3c:4c,SFR_3C48,true,false
7274,24:95:04:db:3c:4c,SFR_3C48,true,false
7275,24:95:04:db:3c:4c,SFR_3C48,true,false
7276,24:95:04:db:3c:4c,SFR_3C48,true,false
7277,24:95:04:db:3c:4c,SFR_3C48,true,false
7278,24:95:04:db:3c:4c,SFR_3C48,true,false
7279,24:95:04:db:3c:4c,SFR_3C48,true,false
7280,24:95:04:db:3c:4c,SFR_3C48,true,false
7281,24:95:04:db:3c:4c,SFR_3C48,true,false
7282,24:95:04:db:3c:4c,SFR_3C48,true,false
7283,24:95:04:db:3c:4c,SFR_3C48,true,false
7284,24:95:04:db:3c:4c,SFR_3C48,true,false
7285,24:95:04:db:3c:4c,SFR_3C48,true,false
7286,24:95:04:db:3c:4c,SFR_3C48,true,false
7287,24:95:04:db:3c:4c,SFR_3C48,true,false
7290,24:95:04:db:3c:4c,SFR_3C48,true,false
7291,24:95:04:db:3c:4c,SFR_3C48,true,false
7292,24:95:04:db:3c:4c,SFR_3C48,true,false
7293,24:95:04:db:3c:4c,SFR_3C48,true,false
7294,24:95:04:db:3c:4c,SFR_3C48,true,false
7295,24:95:04:db:3c:4c,SFR_3C48,true,false
7296,24:95:04:db:3c:4c,SFR_3C48,true,false
7297,24:95:04:db:3c:4c,SFR_3C48,true,false
7298,24:95:04:db:3c:4c,SFR_3C48,true,false
7299,24:95:04:db:3c:4c,SFR_3C48,true,false
7300,24:95:04:db:3c:4c,SFR_3C48,true,false
7301,24:95:04:db:3c:4c,SFR_3C48,true,false
7302,24:95:04:db:3c:4c,SFR_3C48,true,false
7303,24:95:04:db:3c:4c,SFR_3C48,true,false
7304,24:95:04:db:3c:4c,SFR_3C48,true,false
7305,24:95:04:db:3c:4c,SFR_3C48,true,false
7306,24:95:04:db:3c:4c,SFR_3C48,true,false
7307,24:95:04:db:3c:4c,SFR_3C48,true,false
7308,24:95:04:db:3c:4c,SFR_3C48,true,false
7309,24:95:04:db:3c:4c,SFR_3C48,true,false
7310,24:95:04:db:3c:4c,SFR_3C48,true,false
7311,24:95:04:db:3c:4c,SFR_3C48,true,false
7312,24:95:04:db:3c:4c,SFR_3C48,true,false
7313,24:95:04:db:3c:4c,SFR_3C48,true,false
7314,24:95:04:db:3c:4c,SFR_3C48,true,false
7315,24:95:04:db:3c:4c,SFR_3C48,true,false
7316,24:95:04:db:3c:4c,SFR_3C48,true,false
7317,24:95:04:db:3c:4c,SFR_3C48,true,false
7318,24:95:04:db:3c:4c,SFR_3C48,true,false
7319,24:95:04:db:3c:4c,SFR_3C48,true,false
7320,24:95:04:db:3c:4c,SFR_3C48,true,false
7321,24:95:04:db:3c:4c,SFR_3C48,true,false
7322,24:95:04:db:3c:4c,SFR_3C48,true,false
7323,24:95:04:db:3c:4c,SFR_3C48,true,false
7324,24:95:04:db:3c:4c,SFR_3C48,true,false
7325,24:95:04:db:3c:4c,SFR_3C48,true,false
7326,24:95:04:db:3c:4c,SFR_3C48,true,false
7327,24:95:04:db:3c:4c,SFR_3C48,true,false
7328,24:95:04:db:3c:4c,SFR_3C48,true,false
7329,24:95:04:db:3c:4c,SFR_3C48,true,false
7330,24:95:04:db:3c:4c,SFR_3C48,true,false
7331,24:95:04:db:3c:4c,SFR_3C48,true,false
7332,24:95:04:db:3c:4c,SFR_3C48,true,false
7333,24:95:04:db:3c:4c,SFR_3C48,true,false
7334,24:95:04:db:3c:4c,SFR_3C48,true,false
7335,24:95:04:db:3c:4c,SFR_3C48,true,false
7336,24:95:04:db:3c:4c,SFR_3C48,true,false
7337,24:95:04:db:3c:4c,SFR_3C48,true,false
7338,24:95:04:db:3c:4c,SFR_3C48,true,false
7339,24:95:04:db:3c:4c,SFR_3C48,true,false
7340,24:95:04:db:3c:4c,SFR_3C48,true,false
7341,24:95:04:db:3c:4c,SFR_3C48,true,false
7342,24:95:04:db:3c:4c,SFR_3C48,true,false
7343,24:95:04:db:3c:4c,SFR_3C48,true,false
7344,24:95:04:db:3c:4c,SFR_3C48,true,false
7345,24:95:04:db:3c:4c,SFR_3C48,true,false
7346,24:95:04:db:3c:4c,SFR_3C48,true,false
7347,24:95:04:db:3c:4c,SFR_3C48,true,false
7348,24:95:04:db:3c:4c,SFR_3C48,true,false
7349,24:95:04:db:3c:4c,SFR_3C48,true,false
7350,24:95:04:db:3c:4c,SFR_3C48,true,false
7351,24:95:04:db:3c:4c,SFR_3C48,true,false
7352,24:95:04:db:3c:4c,SFR_3C48,true,false
7353,24:95:04:db:3c:4c,SFR_3C48,true,false
7354,24:95:04:db:3c:4c,SFR_3C48,true,false
7355,24:95:04:db:3c:4c,SFR_3C48,true,false
7356,24:95:04:db:3c:4c,SFR_3C48,true,false
7357,24:95:04:db:3c:4c,SFR_3C48,true,false
7358,24:95:04:db:3c:4c,SFR_3C48,true,false
7359,24:95:04:db:3c:4c,SFR_3C48,true,false
7360,24:95:04:db:3c:4c,SFR_3C48,true,false
7361,24:95:04:db:3c:4c,SFR_3C48,true,false
7362,24:95:04:db:3c:4c,SFR_3C48,true,false
7363,24:95:04:db:3c:4c,SFR_3C48,true,false
7364,24:95:04:db:3c:4c,SFR_3C48,true,false
7365,24:95:04:db:3c:4c,SFR_3C48,true,false
7366,24:95:04:db:3c:4c,SFR_3C48,true,false
7367,24:95:04:db:3c:4c,SFR_3C48,true,false
7368,24:95:04:db:3c:4c,SFR_3C48,true,false
7369,24:95:04:db:3c:4c,SFR_3C48,true,false
7370,24:95:04:db:3c:4c,SFR_3C48,true,false
7371,24:95:04:db:3c:4c,SFR_3C48,true,false
7372,24:95:04:db:3c:4c,SFR_3C48,true,false
7373,24:95:04:db:3c:4c,SFR_3C48,true,false
7374,24:95:04:db:3c:4c,SFR_3C48,true,false
7375,24:95:04:db:3c:4c,SFR_3C48,true,false
7376,24:95:04:db:3c:4c,SFR_3C48,true,false
7377,24:95:04:db:3c:4c,SFR_3C48,true,false
7378,24:95:04:db:3c:4c,SFR_3C48,true,false
7379,24:95:04:db:3c:4c,SFR_3C48,true,false
7380,24:95:04:db:3c:4c,SFR_3C48,true,false
7381,24:95:04:db:3c:4c,SFR_3C48,true,false
7382,24:95:04:db:3c:4c,SFR_3C48,true,false
7383,24:95:04:db:3c:4c,SFR_3C48,true,false
7384,24:95:04:db:3c:4c,SFR_3C48,true,false
7385,24:95:04:db:3c:4c,SFR_3C48,true,false
7386,24:95:04:db:3c:4c,SFR_3C48,true,false
7387,24:95:04:db:3c:4c,SFR_3C48,true,false
7388,24:95:04:db:3c:4c,SFR_3C48,true,false
7389,24:95:04:db:3c:4c,SFR_3C48,true,false
7390,24:95:04:db:3c:4c,SFR_3C48,true,false
7391,24:95:04:db:3c:4c,SFR_3C48,true,false
7392,24:95:04:db:3c:4c,SFR_3C48,true,false
7393,24:95:04:db:3c:4c,SFR_3C48,true,false
7394,24:95:04:db:3c:4c,SFR_3C48,true,false
7395,24:95:04:db:3c:4c,SFR_3C48,true,false
7396,24:95:04:db:3c:4c,SFR_3C48,true,false
7397,24:95:04:db:3c:4c,SFR_3C48,true,false
7398,24:95:04:db:3c:4c,SFR_3C48,true,false
7399,24:95:04:db:3c:4c,SFR_3C48,true,false
7400,24:95:04:db:3c:4c,SFR_3C48,true,false
7401,24:95:04:db:3c:4c,SFR_3C48,true,false
7402,24:95:04:db:3c:4c,SFR_3C48,true,false
7403,24:95:04:db:3c:4c,SFR_3C48,true,false
7404,24:95:04:db:3c:4c,SFR_3C48,true,false
7405,24:95:04:db:3c:4c,SFR_3C48,true,false
7406,24:95:04:db:3c:4c,SFR_3C48,true,false
7407,24:95:04:db:3c:4c,SFR_3C48,true,false
7408,24:95:04:db:3c:4c,SFR_3C48,true,false
7409,24:95:04:db:3c:4c,SFR_3C48,true,false
7410,24:95:04:db:3c:4c,SFR_3C48,true,false
7411,24:95:04:db:3c:4c,SFR_3C48,true,false
7412,24:95:04:db:3c:4c,SFR_3C48,true,false
7413,24:95:04:db:3c:4c,SFR_3C48,true,false
7414,24:95:04:db:3c:4c,SFR_3C48,true,false
7415,24:95:04:db:3c:4c,SFR_3C48,true,false
7416,24:95:04:db:3c:4c,SFR_3C48,true,false
7417,24:95:04:db:3c:4c,SFR_3C48,true,false
7418,24:95:04:db:3c:4c,SFR_3C48,true,false
7419,24:95:04:db:3c:4c,SFR_3C48,true,false
7420,24:95:04:db:3c:4c,SFR_3C48,true,false
7421,24:95:04:db:3c:4c,SFR_3C48,true,false
7422,24:95:04:db:3c:4c,SFR_3C48,true,false
7423,24:95:04:db:3c:4c,SFR_3C48,true,false
7424,24:95:04:db:3c:4c,SFR_3C48,true,false
7425,24:95:04:db:3c:4c,SFR_3C48,true,false
7426,24:95:04:db:3c:4c,SFR_3C48,true,false
7427,24:95:04:db:3c:4c,SFR_3C48,true,false
7428,24:95:04:db:3c:4c,SFR_3C48,true,false
7429,24:95:04:db:3c:4c,SFR_3C48,true,false
7430,24:95:04:db:3c:4c,SFR_3C48,true,false
7431,24:95:04:db:3c:4c,SFR_3C48,true,false
7432,24:95:04:db:3c:4c,SFR_3C48,true,false
7433,24:95:04:db:3c:4c,SFR_3C48,true,false
7434,24:95:04:db:3c:4c,SFR_3C48,true,false
7435,24:95:04:db:3c:4c,SFR_3C48,true,false
7436,24:95:04:db:3c:4c,SFR_3C48,true,false
7437,24:95:04:db:3c:4c,SFR_3C48,true,false
7438,24:95:04:db:3c:4c,SFR_3C48,true,false
7439,24:95:04:db:3c:4c,SFR_3C48,true,false
7440,24:95:04:db:3c:4c,SFR_3C48,true,false
7441,24:95:04:db:3c:4c,SFR_3C48,true,false
7442,24:95:04:db:3c:4c,SFR_3C48,true,false
7443,24:95:04:db:3c:4c,SFR_3C48,true,false
7444,24:95:04:db:3c:4c,SFR_3C48,true,false
7445,24:95:04:db:3c:4c,SFR_3C48,true,false
7446,24:95:04:db:3c:4c,SFR_3C48,true,false
7447,24:95:04:db:3c:4c,SFR_3C48,true,false
7448,24:95:04:db:3c:4c,SFR_3C48,true,false
7449,24:95:04:db:3c:4c,SFR_3C48,true,false
7450,24:95:04:db:3c:4c,SFR_3C48,true,false
7451,24:95:04:db:3c:4c,SFR_3C48,true,false
7452,24:95:04:db:3c:4c,SFR_3C48,true,false
7453,24:95:04:db:3c:4c,SFR_3C48,true,false
7454,24:95:04:db:3c:4c,SFR_3C48,true,false
7455,24:95:04:db:3c:4c,SFR_3C48,true,false
7457,24:95:04:db:3c:4c,SFR_3C48,true,false
7458,24:95:04:db:3c:4c,SFR_3C48,true,false
7459,24:95:04:db:3c:4c,SFR_3C48,true,false
7460,24:95:04:db:3c:4c,SFR_3C48,true,false
7461,24:95:04:db:3c:4c,SFR_3C48,true,false
7462,24:95:04:db:3c:4c,SFR_3C48,true,false
7463,24:95:04:db:3c:4c,SFR_3C48,true,false
7464,24:95:04:db:3c:4c,SFR_3C48,true,false
7465,24:95:04:db:3c:4c,SFR_3C48,true,false
7466,24:95:04:db:3c:4c,SFR_3C48,true,false
7467,24:95:04:db:3c:4c,SFR_3C48,true,false
7468,24:95:04:db:3c:4c,SFR_3C48,true,false
7469,24:95:04:db:3c:4c,SFR_3C48,true,false
7470,24:95:04:db:3c:4c,SFR_3C48,true,false
7471,24:95:04:db:3c:4c,SFR_3C48,true,false
7472,24:95:04:db:3c:4c,SFR_3C48,true,false
7473,24:95:04:db:3c:4c,SFR_3C48,true,false
7477,24:95:04:db:3c:4c,SFR_3C48,true,false
7478,24:95:04:db:3c:4c,SFR_3C48,true,false
7481,24:95:04:db:3c:4c,SFR_3C48,true,false
7482,24:95:04:db:3c:4c,SFR_3C48,true,false
7483,24:95:04:db:3c:4c,SFR_3C48,true,false
7484,24:95:04:db:3c:4c,SFR_3C48,true,false
7485,24:95:04:db:3c:4c,SFR_3C48,true,false
7486,24:95:04:db:3c:4c,SFR_3C48,true,false
7487,24:95:04:db:3c:4c,SFR_3C48,true,false
7488,24:95:04:db:3c:4c,SFR_3C48,true,false
7489,24:95:04:db:3c:4c,SFR_3C48,true,false
7490,24:95:04:db:3c:4c,SFR_3C48,true,false
7491,24:95:04:db:3c:4c,SFR_3C48,true,false
7492,24:95:04:db:3c:4c,SFR_3C48,true,false
7493,24:95:04:db:3c:4c,SFR_3C48,true,false
7494,24:95:04:db:3c:4c,SFR_3C48,true,false
7495,24:95:04:db:3c:4c,SFR_3C48,true,false
7496,24:95:04:db:3c:4c,SFR_3C48,true,false
7497,24:95:04:db:3c:4c,SFR_3C48,true,false
7498,24:95:04:db:3c:4c,SFR_3C48,true,false
7499,24:95:04:db:3c:4c,SFR_3C48,true,false
7500,24:95:04:db:3c:4c,SFR_3C48,true,false
7504,24:95:04:db:3c:4c,SFR_3C48,true,false
7505,24:95:04:db:3c:4c,SFR_3C48,true,false
7506,24:95:04:db:3c:4c,SFR_3C48,true,false
7507,24:95:04:db:3c:4c,SFR_3C48,true,false
7508,24:95:04:db:3c:4c,SFR_3C48,true,false
7509,24:95:04:db:3c:4c,SFR_3C48,true,false
7510,24:95:04:db:3c:4c,SFR_3C48,true,false
7511,24:95:04:db:3c:4c,SFR_3C48,true,false
7512,24:95:04:db:3c:4c,SFR_3C48,true,false
7513,24:95:04:db:3c:4c,SFR_3C48,true,false
7514,24:95:04:db:3c:4c,SFR_3C48,true,false
7515,24:95:04:db:3c:4c,SFR_3C48,true,false
7516,24:95:04:db:3c:4c,SFR_3C48,true,false
7517,24:95:04:db:3c:4c,SFR_3C48,true,false
7518,24:95:04:db:3c:4c,SFR_3C48,true,false
7519,24:95:04:db:3c:4c,SFR_3C48,true,false
7520,24:95:04:db:3c:4c,SFR_3C48,true,false
7521,24:95:04:db:3c:4c,SFR_3C48,true,false
7522,24:95:04:db:3c:4c,SFR_3C48,true,false
7523,24:95:04:db:3c:4c,SFR_3C48,true,false
7524,24:95:04:db:3c:4c,SFR_3C48,true,false
7525,24:95:04:db:3c:4c,SFR_3C48,true,false
7526,24:95:04:db:3c:4c,SFR_3C48,true,false
7527,24:95:04:db:3c:4c,SFR_3C48,true,false
7528,24:95:04:db:3c:4c,SFR_3C48,true,false
7529,24:95:04:db:3c:4c,SFR_3C48,true,false
7530,24:95:04:db:3c:4c,SFR_3C48,true,false
7531,24:95:04:db:3c:4c,SFR_3C48,true,false
7532,24:95:04:db:3c:4c,SFR_3C48,true,false
7533,24:95:04:db:3c:4c,SFR_3C48,true,false
7534,24:95:04:db:3c:4c,SFR_3C48,true,false
7535,24:95:04:db:3c:4c,SFR_3C48,true,false
7536,24:95:04:db:3c:4c,SFR_3C48,true,false
7537,24:95:04:db:3c:4c,SFR_3C48,true,false
7538,24:95:04:db:3c:4c,SFR_3C48,true,false
7539,24:95:04:db:3c:4c,SFR_3C48,true,false
7540,24:95:04:db:3c:4c,SFR_3C48,true,false
7541,24:95:04:db:3c:4c,SFR_3C48,true,false
7542,24:95:04:db:3c:4c,SFR_3C48,true,false
7543,24:95:04:db:3c:4c,SFR_3C48,true,false
7544,24:95:04:db:3c:4c,SFR_3C48,true,false
7545,24:95:04:db:3c:4c,SFR_3C48,true,false
7546,24:95:04:db:3c:4c,SFR_3C48,true,false
7547,24:95:04:db:3c:4c,SFR_3C48,true,false
7548,24:95:04:db:3c:4c,SFR_3C48,true,false
7549,24:95:04:db:3c:4c,SFR_3C48,true,false
7550,24:95:04:db:3c:4c,SFR_3C48,true,false
7551,24:95:04:db:3c:4c,SFR_3C48,true,false
7552,24:95:04:db:3c:4c,SFR_3C48,true,false
7553,24:95:04:db:3c:4c,SFR_3C48,true,false
7554,24:95:04:db:3c:4c,SFR_3C48,true,false
7555,24:95:04:db:3c:4c,SFR_3C48,true,false
7556,24:95:04:db:3c:4c,SFR_3C48,true,false
7557,24:95:04:db:3c:4c,SFR_3C48,true,false
7558,24:95:04:db:3c:4c,SFR_3C48,true,false
7559,24:95:04:db:3c:4c,SFR_3C48,true,false
7560,24:95:04:db:3c:4c,SFR_3C48,true,false
7561,24:95:04:db:3c:4c,SFR_3C48,true,false
7562,24:95:04:db:3c:4c,SFR_3C48,true,false
7563,24:95:04:db:3c:4c,SFR_3C48,true,false
7564,24:95:04:db:3c:4c,SFR_3C48,true,false
7565,24:95:04:db:3c:4c,SFR_3C48,true,false
7566,24:95:04:db:3c:4c,SFR_3C48,true,false
7567,24:95:04:db:3c:4c,SFR_3C48,true,false
7568,24:95:04:db:3c:4c,SFR_3C48,true,false
7569,24:95:04:db:3c:4c,SFR_3C48,true,false
7570,24:95:04:db:3c:4c,SFR_3C48,true,false
7571,24:95:04:db:3c:4c,SFR_3C48,true,false
7572,24:95:04:db:3c:4c,SFR_3C48,true,false
7573,24:95:04:db:3c:4c,SFR_3C48,true,false
7574,24:95:04:db:3c:4c,SFR_3C48,true,false
7575,24:95:04:db:3c:4c,SFR_3C48,true,false
7576,24:95:04:db:3c:4c,SFR_3C48,true,false
7577,24:95:04:db:3c:4c,SFR_3C48,true,false
7578,24:95:04:db:3c:4c,SFR_3C48,true,false
7579,24:95:04:db:3c:4c,SFR_3C48,true,false
7580,24:95:04:db:3c:4c,SFR_3C48,true,false
7581,24:95:04:db:3c:4c,SFR_3C48,true,false
7582,24:95:04:db:3c:4c,SFR_3C48,true,false
7583,24:95:04:db:3c:4c,SFR_3C48,true,false
7584,24:95:04:db:3c:4c,SFR_3C48,true,false
7585,24:95:04:db:3c:4c,SFR_3C48,true,false
7586,24:95:04:db:3c:4c,SFR_3C48,true,false
7587,24:95:04:db:3c:4c,SFR_3C48,true,false
7588,24:95:04:db:3c:4c,SFR_3C48,true,false
7589,24:95:04:db:3c:4c,SFR_3C48,true,false
7590,24:95:04:db:3c:4c,SFR_3C48,true,false
7591,24:95:04:db:3c:4c,SFR_3C48,true,false
7592,24:95:04:db:3c:4c,SFR_3C48,true,false
7593,24:95:04:db:3c:4c,SFR_3C48,true,false
7594,24:95:04:db:3c:4c,SFR_3C48,true,false
7595,24:95:04:db:3c:4c,SFR_3C48,true,false
7596,24:95:04:db:3c:4c,SFR_3C48,true,false
7597,24:95:04:db:3c:4c,SFR_3C48,true,false
7598,24:95:04:db:3c:4c,SFR_3C48,true,false
7599,24:95:04:db:3c:4c,SFR_3C48,true,false
7600,24:95:04:db:3c:4c,SFR_3C48,true,false
7601,24:95:04:db:3c:4c,SFR_3C48,true,false
7602,24:95:04:db:3c:4c,SFR_3C48,true,false
7603,24:95:04:db:3c:4c,SFR_3C48,true,false
7604,24:95:04:db:3c:4c,SFR_3C48,true,false
7605,24:95:04:db:3c:4c,SFR_3C48,true,false
7606,24:95:04:db:3c:4c,SFR_3C48,true,false
7607,24:95:04:db:3c:4c,SFR_3C48,true,false
7608,24:95:04:db:3c:4c,SFR_3C48,true,false
7609,24:95:04:db:3c:4c,SFR_3C48,true,false
7610,24:95:04:db:3c:4c,SFR_3C48,true,false
7611,24:95:04:db:3c:4c,SFR_3C48,true,false
7612,24:95:04:db:3c:4c,SFR_3C48,true,false
7613,24:95:04:db:3c:4c,SFR_3C48,true,false
7614,24:95:04:db:3c:4c,SFR_3C48,true,false
7615,24:95:04:db:3c:4c,SFR_3C48,true,false
7616,24:95:04:db:3c:4c,SFR_3C48,true,false
7617,24:95:04:db:3c:4c,SFR_3C48,true,false
7618,24:95:04:db:3c:4c,SFR_3C48,true,false
7619,24:95:04:db:3c:4c,SFR_3C48,true,false
7620,24:95:04:db:3c:4c,SFR_3C48,true,false
7621,24:95:04:db:3c:4c,SFR_3C48,true,false
7622,24:95:04:db:3c:4c,SFR_3C48,true,false
7623,24:95:04:db:3c:4c,SFR_3C48,true,false
7624,24:95:04:db:3c:4c,SFR_3C48,true,false
7625,24:95:04:db:3c:4c,SFR_3C48,true,false
7626,24:95:04:db:3c:4c,SFR_3C48,true,false
7627,24:95:04:db:3c:4c,SFR_3C48,true,false
7628,24:95:04:db:3c:4c,SFR_3C48,true,false
7629,24:95:04:db:3c:4c,SFR_3C48,true,false
7630,24:95:04:db:3c:4c,SFR_3C48,true,false
7631,24:95:04:db:3c:4c,SFR_3C48,true,false
7632,24:95:04:db:3c:4c,SFR_3C48,true,false
7633,24:95:04:db:3c:4c,SFR_3C48,true,false
7634,24:95:04:db:3c:4c,SFR_3C48,true,false
7635,24:95:04:db:3c:4c,SFR_3C48,true,false
7636,24:95:04:db:3c:4c,SFR_3C48,true,false
7637,24:95:04:db:3c:4c,SFR_3C48,true,false
7638,24:95:04:db:3c:4c,SFR_3C48,true,false
7639,24:95:04:db:3c:4c,SFR_3C48,true,false
7640,24:95:04:db:3c:4c,SFR_3C48,true,false
7641,24:95:04:db:3c:4c,SFR_3C48,true,false
7642,24:95:04:db:3c:4c,SFR_3C48,true,false
7643,24:95:04:db:3c:4c,SFR_3C48,true,false
7644,24:95:04:db:3c:4c,SFR_3C48,true,false
7645,24:95:04:db:3c:4c,SFR_3C48,true,false
7646,24:95:04:db:3c:4c,SFR_3C48,true,false
7647,24:95:04:db:3c:4c,SFR_3C48,true,false
7648,24:95:04:db:3c:4c,SFR_3C48,true,false
7649,24:95:04:db:3c:4c,SFR_3C48,true,false
7650,24:95:04:db:3c:4c,SFR_3C48,true,false
7651,24:95:04:db:3c:4c,SFR_3C48,true,false
7652,24:95:04:db:3c:4c,SFR_3C48,true,false
7653,24:95:04:db:3c:4c,SFR_3C48,true,false
7654,24:95:04:db:3c:4c,SFR_3C48,true,false
7655,24:95:04:db:3c:4c,SFR_3C48,true,false
7656,24:95:04:db:3c:4c,SFR_3C48,true,false
7657,24:95:04:db:3c:4c,SFR_3C48,true,false
7658,24:95:04:db:3c:4c,SFR_3C48,true,false
7659,24:95:04:db:3c:4c,SFR_3C48,true,false
7660,24:95:04:db:3c:4c,SFR_3C48,true,false
7661,24:95:04:db:3c:4c,SFR_3C48,true,false
7662,24:95:04:db:3c:4c,SFR_3C48,true,false
7663,24:95:04:db:3c:4c,SFR_3C48,true,false
7664,24:95:04:db:3c:4c,SFR_3C48,true,false
7665,24:95:04:db:3c:4c,SFR_3C48,true,false
7666,24:95:04:db:3c:4c,SFR_3C48,true,false
7667,24:95:04:db:3c:4c,SFR_3C48,true,false
7668,24:95:04:db:3c:4c,SFR_3C48,true,false
7669,24:95:04:db:3c:4c,SFR_3C48,true,false
7670,24:95:04:db:3c:4c,SFR_3C48,true,false
7671,24:95:04:db:3c:4c,SFR_3C48,true,false
7672,24:95:04:db:3c:4c,SFR_3C48,true,false
7673,24:95:04:db:3c:4c,SFR_3C48,true,false
7674,24:95:04:db:3c:4c,SFR_3C48,true,false
7675,24:95:04:db:3c:4c,SFR_3C48,true,false
7676,24:95:04:db:3c:4c,SFR_3C48,true,false
7677,24:95:04:db:3c:4c,SFR_3C48,true,false
7678,24:95:04:db:3c:4c,SFR_3C48,true,false
7679,24:95:04:db:3c:4c,SFR_3C48,true,false
7680,24:95:04:db:3c:4c,SFR_3C48,true,false
7681,24:95:04:db:3c:4c,SFR_3C48,true,false
7682,24:95:04:db:3c:4c,SFR_3C48,true,false
7683,24:95:04:db:3c:4c,SFR_3C48,true,false
7684,24:95:04:db:3c:4c,SFR_3C48,true,false
7685,24:95:04:db:3c:4c,SFR_3C48,true,false
7686,24:95:04:db:3c:4c,SFR_3C48,true,false
7687,24:95:04:db:3c:4c,SFR_3C48,true,false
7688,24:95:04:db:3c:4c,SFR_3C48,true,false
7689,24:95:04:db:3c:4c,SFR_3C48,true,false
7690,24:95:04:db:3c:4c,SFR_3C48,true,false
7701,24:95:04:db:3c:4c,SFR_3C48,true,false
7703,24:95:04:db:3c:4c,SFR_3C48,true,false
7704,24:95:04:db:3c:4c,SFR_3C48,true,false
7705,24:95:04:db:3c:4c,SFR_3C48,true,false
7706,24:95:04:db:3c:4c,SFR_3C48,true,false
7707,24:95:04:db:3c:4c,SFR_3C48,true,false
7708,24:95:04:db:3c:4c,SFR_3C48,true,false
7709,24:95:04:db:3c:4c,SFR_3C48,true,false
7710,24:95:04:db:3c:4c,SFR_3C48,true,false
7711,24:95:04:db:3c:4c,SFR_3C48,true,false
7712,24:95:04:db:3c:4c,SFR_3C48,true,false
7713,24:95:04:db:3c:4c,SFR_3C48,true,false
7714,24:95:04:db:3c:4c,SFR_3C48,true,false
7715,24:95:04:db:3c:4c,SFR_3C48,true,false
7716,24:95:04:db:3c:4c,SFR_3C48,true,false
7717,24:95:04:db:3c:4c,SFR_3C48,true,false
7718,24:95:04:db:3c:4c,SFR_3C48,true,false
7719,24:95:04:db:3c:4c,SFR_3C48,true,false
7720,24:95:04:db:3c:4c,SFR_3C48,true,false
7721,24:95:04:db:3c:4c,SFR_3C48,true,false
7722,24:95:04:db:3c:4c,SFR_3C48,true,false
7723,24:95:04:db:3c:4c,SFR_3C48,true,false
7724,24:95:04:db:3c:4c,SFR_3C48,true,false
7725,24:95:04:db:3c:4c,SFR_3C48,true,false
7726,24:95:04:db:3c:4c,SFR_3C48,true,false
7727,24:95:04:db:3c:4c,SFR_3C48,true,false
7728,24:95:04:db:3c:4c,SFR_3C48,true,false
7729,24:95:04:db:3c:4c,SFR_3C48,true,false
7730,24:95:04:db:3c:4c,SFR_3C48,true,false
7731,24:95:04:db:3c:4c,SFR_3C48,true,false
7732,24:95:04:db:3c:4c,SFR_3C48,true,false
7733,24:95:04:db:3c:4c,SFR_3C48,true,false
7734,24:95:04:db:3c:4c,SFR_3C48,true,false
7735,24:95:04:db:3c:4c,SFR_3C48,true,false
7736,24:95:04:db:3c:4c,SFR_3C48,true,false
7737,24:95:04:db:3c:4c,SFR_3C48,true,false
7738,24:95:04:db:3c:4c,SFR_3C48,true,false
7739,24:95:04:db:3c:4c,SFR_3C48,true,false
7740,24:95:04:db:3c:4c,SFR_3C48,true,false
7741,24:95:04:db:3c:4c,SFR_3C48,true,false
7742,24:95:04:db:3c:4c,SFR_3C48,true,false
7743,24:95:04:db:3c:4c,SFR_3C48,true,false
7744,24:95:04:db:3c:4c,SFR_3C48,true,false
7745,24:95:04:db:3c:4c,SFR_3C48,true,false
7746,24:95:04:db:3c:4c,SFR_3C48,true,false
7747,24:95:04:db:3c:4c,SFR_3C48,true,false
7748,24:95:04:db:3c:4c,SFR_3C48,true,false
7749,24:95:04:db:3c:4c,SFR_3C48,true,false
7750,24:95:04:db:3c:4c,SFR_3C48,true,false
7751,24:95:04:db:3c:4c,SFR_3C48,true,false
7752,24:95:04:db:3c:4c,SFR_3C48,true,false
7753,24:95:04:db:3c:4c,SFR_3C48,true,false
7754,24:95:04:db:3c:4c,SFR_3C48,true,false
7755,24:95:04:db:3c:4c,SFR_3C48,true,false
7756,24:95:04:db:3c:4c,SFR_3C48,true,false
7757,24:95:04:db:3c:4c,SFR_3C48,true,false
7758,24:95:04:db:3c:4c,SFR_3C48,true,false
7759,24:95:04:db:3c:4c,SFR_3C48,true,false
7760,24:95:04:db:3c:4c,SFR_3C48,true,false
7761,24:95:04:db:3c:4c,SFR_3C48,true,false
7762,24:95:04:db:3c:4c,SFR_3C48,true,false
7763,24:95:04:db:3c:4c,SFR_3C48,true,false
7764,24:95:04:db:3c:4c,SFR_3C48,true,false
7765,24:95:04:db:3c:4c,SFR_3C48,true,false
7766,24:95:04:db:3c:4c,SFR_3C48,true,false
7767,24:95:04:db:3c:4c,SFR_3C48,true,false
7768,24:95:04:db:3c:4c,SFR_3C48,true,false
7769,24:95:04:db:3c:4c,SFR_3C48,true,false
7770,24:95:04:db:3c:4c,SFR_3C48,true,false
7772,24:95:04:db:3c:4c,SFR_3C48,true,false
7773,24:95:04:db:3c:4c,SFR_3C48,true,false
7774,24:95:04:db:3c:4c,SFR_3C48,true,false
7775,24:95:04:db:3c:4c,SFR_3C48,true,false
7776,24:95:04:db:3c:4c,SFR_3C48,true,false
7777,24:95:04:db:3c:4c,SFR_3C48,true,false
7778,24:95:04:db:3c:4c,SFR_3C48,true,false
7779,24:95:04:db:3c:4c,SFR_3C48,true,false
7780,24:95:04:db:3c:4c,SFR_3C48,true,false
7781,24:95:04:db:3c:4c,SFR_3C48,true,false
7782,24:95:04:db:3c:4c,SFR_3C48,true,false
7783,24:95:04:db:3c:4c,SFR_3C48,true,false
7784,24:95:04:db:3c:4c,SFR_3C48,true,false
7785,24:95:04:db:3c:4c,SFR_3C48,true,false
7786,24:95:04:db:3c:4c,SFR_3C48,true,false
7787,24:95:04:db:3c:4c,SFR_3C48,true,false
7788,24:95:04:db:3c:4c,SFR_3C48,true,false
7789,24:95:04:db:3c:4c,SFR_3C48,true,false
7790,24:95:04:db:3c:4c,SFR_3C48,true,false
7791,24:95:04:db:3c:4c,SFR_3C48,true,false
7792,24:95:04:db:3c:4c,SFR_3C48,true,false
7793,24:95:04:db:3c:4c,SFR_3C48,true,false
7794,24:95:04:db:3c:4c,SFR_3C48,true,false
7795,24:95:04:db:3c:4c,SFR_3C48,true,false
7796,24:95:04:db:3c:4c,SFR_3C48,true,false
7797,24:95:04:db:3c:4c,SFR_3C48,true,false
7798,24:95:04:db:3c:4c,SFR_3C48,true,false
7799,24:95:04:db:3c:4c,SFR_3C48,true,false
7800,24:95:04:db:3c:4c,SFR_3C48,true,false
7801,24:95:04:db:3c:4c,SFR_3C48,true,false
7802,24:95:04:db:3c:4c,SFR_3C48,true,false
7803,24:95:04:db:3c:4c,SFR_3C48,true,false
7804,24:95:04:db:3c:4c,SFR_3C48,true,false
7805,24:95:04:db:3c:4c,SFR_3C48,true,false
7806,24:95:04:db:3c:4c,SFR_3C48,true,false
7807,24:95:04:db:3c:4c,SFR_3C48,true,false
7808,24:95:04:db:3c:4c,SFR_3C48,true,false
7809,24:95:04:db:3c:4c,SFR_3C48,true,false
7810,24:95:04:db:3c:4c,SFR_3C48,true,false
7811,24:95:04:db:3c:4c,SFR_3C48,true,false
7812,24:95:04:db:3c:4c,SFR_3C48,true,false
7813,24:95:04:db:3c:4c,SFR_3C48,true,false
7814,24:95:04:db:3c:4c,SFR_3C48,true,false
7816,24:95:04:db:3c:4c,SFR_3C48,true,false
7817,24:95:04:db:3c:4c,SFR_3C48,true,false
7818,24:95:04:db:3c:4c,SFR_3C48,true,false
7819,24:95:04:db:3c:4c,SFR_3C48,true,false
7820,24:95:04:db:3c:4c,SFR_3C48,true,false
7821,24:95:04:db:3c:4c,SFR_3C48,true,false
7822,24:95:04:db:3c:4c,SFR_3C48,true,false
7823,24:95:04:db:3c:4c,SFR_3C48,true,false
7824,24:95:04:db:3c:4c,SFR_3C48,true,false
7825,24:95:04:db:3c:4c,SFR_3C48,true,false
7826,24:95:04:db:3c:4c,SFR_3C48,true,false
7827,24:95:04:db:3c:4c,SFR_3C48,true,false
7828,24:95:04:db:3c:4c,SFR_3C48,true,false
7829,24:95:04:db:3c:4c,SFR_3C48,true,false
7830,24:95:04:db:3c:4c,SFR_3C48,true,false
7831,24:95:04:db:3c:4c,SFR_3C48,true,false
7832,24:95:04:db:3c:4c,SFR_3C48,true,false
7833,24:95:04:db:3c:4c,SFR_3C48,true,false
7834,24:95:04:db:3c:4c,SFR_3C48,true,false
7835,24:95:04:db:3c:4c,SFR_3C48,true,false
7836,24:95:04:db:3c:4c,SFR_3C48,true,false
7837,24:95:04:db:3c:4c,SFR_3C48,true,false
7838,24:95:04:db:3c:4c,SFR_3C48,true,false
7839,24:95:04:db:3c:4c,SFR_3C48,true,false
7840,24:95:04:db:3c:4c,SFR_3C48,true,false
7841,24:95:04:db:3c:4c,SFR_3C48,true,false
7842,24:95:04:db:3c:4c,SFR_3C48,true,false
7843,24:95:04:db:3c:4c,SFR_3C48,true,false
7844,24:95:04:db:3c:4c,SFR_3C48,true,false
7845,24:95:04:db:3c:4c,SFR_3C48,true,false
7846,24:95:04:db:3c:4c,SFR_3C48,true,false
7847,24:95:04:db:3c:4c,SFR_3C48,true,false
7848,24:95:04:db:3c:4c,SFR_3C48,true,false
7849,24:95:04:db:3c:4c,SFR_3C48,true,false
7850,24:95:04:db:3c:4c,SFR_3C48,true,false
7851,24:95:04:db:3c:4c,SFR_3C48,true,false
7852,24:95:04:db:3c:4c,SFR_3C48,true,false
7853,24:95:04:db:3c:4c,SFR_3C48,true,false
7854,24:95:04:db:3c:4c,SFR_3C48,true,false
7855,24:95:04:db:3c:4c,SFR_3C48,true,false
7856,24:95:04:db:3c:4c,SFR_3C48,true,false
7857,24:95:04:db:3c:4c,SFR_3C48,true,false
7858,24:95:04:db:3c:4c,SFR_3C48,true,false
7859,24:95:04:db:3c:4c,SFR_3C48,true,false
7860,24:95:04:db:3c:4c,SFR_3C48,true,false
7861,24:95:04:db:3c:4c,SFR_3C48,true,false
7862,24:95:04:db:3c:4c,SFR_3C48,true,false
7863,24:95:04:db:3c:4c,SFR_3C48,true,false
7864,24:95:04:db:3c:4c,SFR_3C48,true,false
7865,24:95:04:db:3c:4c,SFR_3C48,true,false
7866,24:95:04:db:3c:4c,SFR_3C48,true,false
7867,24:95:04:db:3c:4c,SFR_3C48,true,false
7868,24:95:04:db:3c:4c,SFR_3C48,true,false
7869,24:95:04:db:3c:4c,SFR_3C48,true,false
7870,24:95:04:db:3c:4c,SFR_3C48,true,false
7871,24:95:04:db:3c:4c,SFR_3C48,true,false
7872,24:95:04:db:3c:4c,SFR_3C48,true,false
7873,24:95:04:db:3c:4c,SFR_3C48,true,false
7874,24:95:04:db:3c:4c,SFR_3C48,true,false
7875,24:95:04:db:3c:4c,SFR_3C48,true,false
7876,24:95:04:db:3c:4c,SFR_3C48,true,false
7877,24:95:04:db:3c:4c,SFR_3C48,true,false
7878,24:95:04:db:3c:4c,SFR_3C48,true,false
7879,24:95:04:db:3c:4c,SFR_3C48,true,false
7880,24:95:04:db:3c:4c,SFR_3C48,true,false
7881,24:95:04:db:3c:4c,SFR_3C48,true,false
7882,24:95:04:db:3c:4c,SFR_3C48,true,false
7883,24:95:04:db:3c:4c,SFR_3C48,true,false
7884,24:95:04:db:3c:4c,SFR_3C48,true,false
7885,24:95:04:db:3c:4c,SFR_3C48,true,false
7886,24:95:04:db:3c:4c,SFR_3C48,true,false
7887,24:95:04:db:3c:4c,SFR_3C48,true,false
7888,24:95:04:db:3c:4c,SFR_3C48,true,false
7890,24:95:04:db:3c:4c,SFR_3C48,true,false
7891,24:95:04:db:3c:4c,SFR_3C48,true,false
7892,24:95:04:db:3c:4c,SFR_3C48,true,false
7893,24:95:04:db:3c:4c,SFR_3C48,true,false
7894,24:95:04:db:3c:4c,SFR_3C48,true,false
7895,24:95:04:db:3c:4c,SFR_3C48,true,false
7896,24:95:04:db:3c:4c,SFR_3C48,true,false
7897,24:95:04:db:3c:4c,SFR_3C48,true,false
7898,24:95:04:db:3c:4c,SFR_3C48,true,false
7899,24:95:04:db:3c:4c,SFR_3C48,true,false
7900,24:95:04:db:3c:4c,SFR_3C48,true,false
7901,24:95:04:db:3c:4c,SFR_3C48,true,false
7902,24:95:04:db:3c:4c,SFR_3C48,true,false
7903,24:95:04:db:3c:4c,SFR_3C48,true,false
7904,24:95:04:db:3c:4c,SFR_3C48,true,false
7905,24:95:04:db:3c:4c,SFR_3C48,true,false
7906,24:95:04:db:3c:4c,SFR_3C48,true,false
7917,24:95:04:db:3c:4c,SFR_3C48,true,false
7918,24:95:04:db:3c:4c,SFR_3C48,true,false
7919,24:95:04:db:3c:4c,SFR_3C48,true,false
7920,24:95:04:db:3c:4c,SFR_3C48,true,false
7921,24:95:04:db:3c:4c,SFR_3C48,true,false
7922,24:95:04:db:3c:4c,SFR_3C48,true,false
7923,24:95:04:db:3c:4c,SFR_3C48,true,false
7924,24:95:04:db:3c:4c,SFR_3C48,true,false
7925,24:95:04:db:3c:4c,SFR_3C48,true,false
7926,24:95:04:db:3c:4c,SFR_3C48,true,false
7927,24:95:04:db:3c:4c,SFR_3C48,true,false
7928,24:95:04:db:3c:4c,SFR_3C48,true,false
7929,24:95:04:db:3c:4c,SFR_3C48,true,false
7930,24:95:04:db:3c:4c,SFR_3C48,true,false
7931,24:95:04:db:3c:4c,SFR_3C48,true,false
7932,24:95:04:db:3c:4c,SFR_3C48,true,false
7933,24:95:04:db:3c:4c,SFR_3C48,true,false
7934,24:95:04:db:3c:4c,SFR_3C48,true,false
7935,24:95:04:db:3c:4c,SFR_3C48,true,false
7936,24:95:04:db:3c:4c,SFR_3C48,true,false
7937,24:95:04:db:3c:4c,SFR_3C48,true,false
7938,24:95:04:db:3c:4c,SFR_3C48,true,false
7939,24:95:04:db:3c:4c,SFR_3C48,true,false
7940,24:95:04:db:3c:4c,SFR_3C48,true,false
7941,24:95:04:db:3c:4c,SFR_3C48,true,false
7942,24:95:04:db:3c:4c,SFR_3C48,true,false
7943,24:95:04:db:3c:4c,SFR_3C48,true,false
7944,24:95:04:db:3c:4c,SFR_3C48,true,false
7945,24:95:04:db:3c:4c,SFR_3C48,true,false
7946,24:95:04:db:3c:4c,SFR_3C48,true,false
7947,24:95:04:db:3c:4c,SFR_3C48,true,false
7948,24:95:04:db:3c:4c,SFR_3C48,true,false
7949,24:95:04:db:3c:4c,SFR_3C48,true,false
7950,24:95:04:db:3c:4c,SFR_3C48,true,false
7951,24:95:04:db:3c:4c,SFR_3C48,true,false
7952,24:95:04:db:3c:4c,SFR_3C48,true,false
7953,24:95:04:db:3c:4c,SFR_3C48,true,false
7954,24:95:04:db:3c:4c,SFR_3C48,true,false
7955,24:95:04:db:3c:4c,SFR_3C48,true,false
7956,24:95:04:db:3c:4c,SFR_3C48,true,false
7957,24:95:04:db:3c:4c,SFR_3C48,true,false
7958,24:95:04:db:3c:4c,SFR_3C48,true,false
7961,24:95:04:db:3c:4c,SFR_3C48,true,false
7962,24:95:04:db:3c:4c,SFR_3C48,true,false
7963,24:95:04:db:3c:4c,SFR_3C48,true,false
7964,24:95:04:db:3c:4c,SFR_3C48,true,false
7965,24:95:04:db:3c:4c,SFR_3C48,true,false
7966,24:95:04:db:3c:4c,SFR_3C48,true,false
7967,24:95:04:db:3c:4c,SFR_3C48,true,false
7968,24:95:04:db:3c:4c,SFR_3C48,true,false
7969,24:95:04:db:3c:4c,SFR_3C48,true,false
7970,24:95:04:db:3c:4c,SFR_3C48,true,false
7971,24:95:04:db:3c:4c,SFR_3C48,true,false
7972,24:95:04:db:3c:4c,SFR_3C48,true,false
7973,24:95:04:db:3c:4c,SFR_3C48,true,false
7974,24:95:04:db:3c:4c,SFR_3C48,true,false
7975,24:95:04:db:3c:4c,SFR_3C48,true,false
7976,24:95:04:db:3c:4c,SFR_3C48,true,false
7977,24:95:04:db:3c:4c,SFR_3C48,true,false
7978,24:95:04:db:3c:4c,SFR_3C48,true,false
7979,24:95:04:db:3c:4c,SFR_3C48,true,false
7980,24:95:04:db:3c:4c,SFR_3C48,true,false
7981,24:95:04:db:3c:4c,SFR_3C48,true,false
7982,24:95:04:db:3c:4c,SFR_3C48,true,false
7983,24:95:04:db:3c:4c,SFR_3C48,true,false
7985,24:95:04:db:3c:4c,SFR_3C48,true,false
7986,24:95:04:db:3c:4c,SFR_3C48,true,false
7987,24:95:04:db:3c:4c,SFR_3C48,true,false
7988,24:95:04:db:3c:4c,SFR_3C48,true,false
7989,24:95:04:db:3c:4c,SFR_3C48,true,false
7990,24:95:04:db:3c:4c,SFR_3C48,true,false
7991,24:95:04:db:3c:4c,SFR_3C48,true,false
7992,24:95:04:db:3c:4c,SFR_3C48,true,false
7993,24:95:04:db:3c:4c,SFR_3C48,true,false
7994,24:95:04:db:3c:4c,SFR_3C48,true,false
7995,24:95:04:db:3c:4c,SFR_3C48,true,false
7996,24:95:04:db:3c:4c,SFR_3C48,true,false
7997,24:95:04:db:3c:4c,SFR_3C48,true,false
7998,24:95:04:db:3c:4c,SFR_3C48,true,false
7999,24:95:04:db:3c:4c,SFR_3C48,true,false
8000,24:95:04:db:3c:4c,SFR_3C48,true,false
8001,24:95:04:db:3c:4c,SFR_3C48,true,false
8002,24:95:04:db:3c:4c,SFR_3C48,true,false
8003,24:95:04:db:3c:4c,SFR_3C48,true,false
8004,24:95:04:db:3c:4c,SFR_3C48,true,false
8005,24:95:04:db:3c:4c,SFR_3C48,true,false
8006,24:95:04:db:3c:4c,SFR_3C48,true,false
8007,24:95:04:db:3c:4c,SFR_3C48,true,false
8008,24:95:04:db:3c:4c,SFR_3C48,true,false
8009,24:95:04:db:3c:4c,SFR_3C48,true,false
8010,24:95:04:db:3c:4c,SFR_3C48,true,false
8011,24:95:04:db:3c:4c,SFR_3C48,true,false
8012,24:95:04:db:3c:4c,SFR_3C48,true,false
8013,24:95:04:db:3c:4c,SFR_3C48,true,false
8014,24:95:04:db:3c:4c,SFR_3C48,true,false
8015,24:95:04:db:3c:4c,SFR_3C48,true,false
8016,24:95:04:db:3c:4c,SFR_3C48,true,false
8017,24:95:04:db:3c:4c,SFR_3C48,true,false
8018,24:95:04:db:3c:4c,SFR_3C48,true,false
8019,24:95:04:db:3c:4c,SFR_3C48,true,false
8020,24:95:04:db:3c:4c,SFR_3C48,true,false
8021,24:95:04:db:3c:4c,SFR_3C48,true,false
8022,24:95:04:db:3c:4c,SFR_3C48,true,false
8023,24:95:04:db:3c:4c,SFR_3C48,true,false
8024,24:95:04:db:3c:4c,SFR_3C48,true,false
8025,24:95:04:db:3c:4c,SFR_3C48,true,false
8026,24:95:04:db:3c:4c,SFR_3C48,true,false
8027,24:95:04:db:3c:4c,SFR_3C48,true,false
8028,24:95:04:db:3c:4c,SFR_3C48,true,false
8029,24:95:04:db:3c:4c,SFR_3C48,true,false
8030,24:95:04:db:3c:4c,SFR_3C48,true,false
8031,24:95:04:db:3c:4c,SFR_3C48,true,false
8032,24:95:04:db:3c:4c,SFR_3C48,true,false
8033,24:95:04:db:3c:4c,SFR_3C48,true,false
8034,24:95:04:db:3c:4c,SFR_3C48,true,false
8035,24:95:04:db:3c:4c,SFR_3C48,true,false
8036,24:95:04:db:3c:4c,SFR_3C48,true,false
8037,24:95:04:db:3c:4c,SFR_3C48,true,false
8038,24:95:04:db:3c:4c,SFR_3C48,true,false
8039,24:95:04:db:3c:4c,SFR_3C48,true,false
8040,24:95:04:db:3c:4c,SFR_3C48,true,false
8041,24:95:04:db:3c:4c,SFR_3C48,true,false
8042,24:95:04:db:3c:4c,SFR_3C48,true,false
8043,24:95:04:db:3c:4c,SFR_3C48,true,false
8044,24:95:04:db:3c:4c,SFR_3C48,true,false
8045,24:95:04:db:3c:4c,SFR_3C48,true,false
8046,24:95:04:db:3c:4c,SFR_3C48,true,false
8047,24:95:04:db:3c:4c,SFR_3C48,true,false
8048,24:95:04:db:3c:4c,SFR_3C48,true,false
8049,24:95:04:db:3c:4c,SFR_3C48,true,false
8050,24:95:04:db:3c:4c,SFR_3C48,true,false
8051,24:95:04:db:3c:4c,SFR_3C48,true,false
8052,24:95:04:db:3c:4c,SFR_3C48,true,false
8053,24:95:04:db:3c:4c,SFR_3C48,true,false
8054,24:95:04:db:3c:4c,SFR_3C48,true,false
8055,24:95:04:db:3c:4c,SFR_3C48,true,false
8056,24:95:04:db:3c:4c,SFR_3C48,true,false
8057,24:95:04:db:3c:4c,SFR_3C48,true,false
8058,24:95:04:db:3c:4c,SFR_3C48,true,false
8059,24:95:04:db:3c:4c,SFR_3C48,true,false
8060,24:95:04:db:3c:4c,SFR_3C48,true,false
8061,24:95:04:db:3c:4c,SFR_3C48,true,false
8062,24:95:04:db:3c:4c,SFR_3C48,true,false
8063,24:95:04:db:3c:4c,SFR_3C48,true,false
8064,24:95:04:db:3c:4c,SFR_3C48,true,false
8065,24:95:04:db:3c:4c,SFR_3C48,true,false
8066,24:95:04:db:3c:4c,SFR_3C48,true,false
8067,24:95:04:db:3c:4c,SFR_3C48,true,false
8069,24:95:04:db:3c:4c,SFR_3C48,true,false
8071,24:95:04:db:3c:4c,SFR_3C48,true,false
8072,24:95:04:db:3c:4c,SFR_3C48,true,false
8073,24:95:04:db:3c:4c,SFR_3C48,true,false
8074,24:95:04:db:3c:4c,SFR_3C48,true,false
8075,24:95:04:db:3c:4c,SFR_3C48,true,false
8076,24:95:04:db:3c:4c,SFR_3C48,true,false
8077,24:95:04:db:3c:4c,SFR_3C48,true,false
8078,24:95:04:db:3c:4c,SFR_3C48,true,false
8079,24:95:04:db:3c:4c,SFR_3C48,true,false
8080,24:95:04:db:3c:4c,SFR_3C48,true,false
8081,24:95:04:db:3c:4c,SFR_3C48,true,false
8082,24:95:04:db:3c:4c,SFR_3C48,true,false
8083,24:95:04:db:3c:4c,SFR_3C48,true,false
8084,24:95:04:db:3c:4c,SFR_3C48,true,false
8085,24:95:04:db:3c:4c,SFR_3C48,true,false
8086,24:95:04:db:3c:4c,SFR_3C48,true,false
8087,24:95:04:db:3c:4c,SFR_3C48,true,false
8088,24:95:04:db:3c:4c,SFR_3C48,true,false
8089,24:95:04:db:3c:4c,SFR_3C48,true,false
8090,24:95:04:db:3c:4c,SFR_3C48,true,false
8091,24:95:04:db:3c:4c,SFR_3C48,true,false
8092,24:95:04:db:3c:4c,SFR_3C48,true,false
8093,24:95:04:db:3c:4c,SFR_3C48,true,false
8094,24:95:04:db:3c:4c,SFR_3C48,true,false
8095,24:95:04:db:3c:4c,SFR_3C48,true,false
8096,24:95:04:db:3c:4c,SFR_3C48,true,false
8097,24:95:04:db:3c:4c,SFR_3C48,true,false
8098,24:95:04:db:3c:4c,SFR_3C48,true,false
8099,24:95:04:db:3c:4c,SFR_3C48,true,false
8100,24:95:04:db:3c:4c,SFR_3C48,true,false
8101,24:95:04:db:3c:4c,SFR_3C48,true,false
8102,24:95:04:db:3c:4c,SFR_3C48,true,false
8103,24:95:04:db:3c:4c,SFR_3C48,true,false
8104,24:95:04:db:3c:4c,SFR_3C48,true,false
8105,24:95:04:db:3c:4c,SFR_3C48,true,false
8106,24:95:04:db:3c:4c,SFR_3C48,true,false
8107,24:95:04:db:3c:4c,SFR_3C48,true,false
8108,24:95:04:db:3c:4c,SFR_3C48,true,false
8109,24:95:04:db:3c:4c,SFR_3C48,true,false
8110,24:95:04:db:3c:4c,SFR_3C48,true,false
8111,24:95:04:db:3c:4c,SFR_3C48,true,false
8112,24:95:04:db:3c:4c,SFR_3C48,true,false
8113,24:95:04:db:3c:4c,SFR_3C48,true,false
8114,24:95:04:db:3c:4c,SFR_3C48,true,false
8115,24:95:04:db:3c:4c,SFR_3C48,true,false
8116,24:95:04:db:3c:4c,SFR_3C48,true,false
8117,24:95:04:db:3c:4c,SFR_3C48,true,false
8118,24:95:04:db:3c:4c,SFR_3C48,true,false
8119,24:95:04:db:3c:4c,SFR_3C48,true,false
8120,24:95:04:db:3c:4c,SFR_3C48,true,false
8121,24:95:04:db:3c:4c,SFR_3C48,true,false
8122,24:95:04:db:3c:4c,SFR_3C48,true,false
8123,24:95:04:db:3c:4c,SFR_3C48,true,false
8124,24:95:04:db:3c:4c,SFR_3C48,true,false
8125,24:95:04:db:3c:4c,SFR_3C48,true,false
8126,24:95:04:db:3c:4c,SFR_3C48,true,false
8127,24:95:04:db:3c:4c,SFR_3C48,true,false
8128,24:95:04:db:3c:4c,SFR_3C48,true,false
8129,24:95:04:db:3c:4c,SFR_3C48,true,false
8130,24:95:04:db:3c:4c,SFR_3C48,true,false
8131,24:95:04:db:3c:4c,SFR_3C48,true,false
8132,24:95:04:db:3c:4c,SFR_3C48,true,false
8133,24:95:04:db:3c:4c,SFR_3C48,true,false
8134,24:95:04:db:3c:4c,SFR_3C48,true,false
8135,24:95:04:db:3c:4c,SFR_3C48,true,false
8136,24:95:04:db:3c:4c,SFR_3C48,true,false
8139,24:95:04:db:3c:4c,SFR_3C48,true,false
8140,24:95:04:db:3c:4c,SFR_3C48,true,false
8141,24:95:04:db:3c:4c,SFR_3C48,true,false
8142,24:95:04:db:3c:4c,SFR_3C48,true,false
8143,24:95:04:db:3c:4c,SFR_3C48,true,false
8144,24:95:04:db:3c:4c,SFR_3C48,true,false
8145,24:95:04:db:3c:4c,SFR_3C48,true,false
8146,24:95:04:db:3c:4c,SFR_3C48,true,false
8147,24:95:04:db:3c:4c,SFR_3C48,true,false
8148,24:95:04:db:3c:4c,SFR_3C48,true,false
8149,24:95:04:db:3c:4c,SFR_3C48,true,false
8150,24:95:04:db:3c:4c,SFR_3C48,true,false
8151,24:95:04:db:3c:4c,SFR_3C48,true,false
8152,24:95:04:db:3c:4c,SFR_3C48,true,false
8153,24:95:04:db:3c:4c,SFR_3C48,true,false
8154,24:95:04:db:3c:4c,SFR_3C48,true,false
8155,24:95:04:db:3c:4c,SFR_3C48,true,false
8156,24:95:04:db:3c:4c,SFR_3C48,true,false
8157,24:95:04:db:3c:4c,SFR_3C48,true,false
8158,24:95:04:db:3c:4c,SFR_3C48,true,false
8159,24:95:04:db:3c:4c,SFR_3C48,true,false
8160,24:95:04:db:3c:4c,SFR_3C48,true,false
8161,24:95:04:db:3c:4c,SFR_3C48,true,false
8162,24:95:04:db:3c:4c,SFR_3C48,true,false
8163,24:95:04:db:3c:4c,SFR_3C48,true,false
8164,24:95:04:db:3c:4c,SFR_3C48,true,false
8165,24:95:04:db:3c:4c,SFR_3C48,true,false
8166,24:95:04:db:3c:4c,SFR_3C48,true,false
8167,24:95:04:db:3c:4c,SFR_3C48,true,false
8168,24:95:04:db:3c:4c,SFR_3C48,true,false
8169,24:95:04:db:3c:4c,SFR_3C48,true,false
8170,24:95:04:db:3c:4c,SFR_3C48,true,false
8171,24:95:04:db:3c:4c,SFR_3C48,true,false
8172,24:95:04:db:3c:4c,SFR_3C48,true,false
8173,24:95:04:db:3c:4c,SFR_3C48,true,false
8174,24:95:04:db:3c:4c,SFR_3C48,true,false
8175,24:95:04:db:3c:4c,SFR_3C48,true,false
8176,24:95:04:db:3c:4c,SFR_3C48,true,false
8177,24:95:04:db:3c:4c,SFR_3C48,true,false
8178,24:95:04:db:3c:4c,SFR_3C48,true,false
8179,24:95:04:db:3c:4c,SFR_3C48,true,false
8180,24:95:04:db:3c:4c,SFR_3C48,true,false
8181,24:95:04:db:3c:4c,SFR_3C48,true,false
8182,24:95:04:db:3c:4c,SFR_3C48,true,false
8183,24:95:04:db:3c:4c,SFR_3C48,true,false
8184,24:95:04:db:3c:4c,SFR_3C48,true,false
8190,24:95:04:db:3c:4c,SFR_3C48,true,false
8191,24:95:04:db:3c:4c,SFR_3C48,true,false
8192,24:95:04:db:3c:4c,SFR_3C48,true,false
8193,24:95:04:db:3c:4c,SFR_3C48,true,false
8195,24:95:04:db:3c:4c,SFR_3C48,true,false
8196,24:95:04:db:3c:4c,SFR_3C48,true,false
8197,24:95:04:db:3c:4c,SFR_3C48,true,false
8198,24:95:04:db:3c:4c,SFR_3C48,true,false
8199,24:95:04:db:3c:4c,SFR_3C48,true,false
8200,24:95:04:db:3c:4c,SFR_3C48,true,false
8201,24:95:04:db:3c:4c,SFR_3C48,true,false
8202,24:95:04:db:3c:4c,SFR_3C48,true,false
8203,24:95:04:db:3c:4c,SFR_3C48,true,false
8204,24:95:04:db:3c:4c,SFR_3C48,true,false
8205,24:95:04:db:3c:4c,SFR_3C48,true,false
8206,24:95:04:db:3c:4c,SFR_3C48,true,false
8207,24:95:04:db:3c:4c,SFR_3C48,true,false
8208,24:95:04:db:3c:4c,SFR_3C48,true,false
8209,24:95:04:db:3c:4c,SFR_3C48,true,false
8210,24:95:04:db:3c:4c,SFR_3C48,true,false
8211,24:95:04:db:3c:4c,SFR_3C48,true,false
8212,24:95:04:db:3c:4c,SFR_3C48,true,false
8213,24:95:04:db:3c:4c,SFR_3C48,true,false
8214,24:95:04:db:3c:4c,SFR_3C48,true,false
8215,24:95:04:db:3c:4c,SFR_3C48,true,false
8216,24:95:04:db:3c:4c,SFR_3C48,true,false
8217,24:95:04:db:3c:4c,SFR_3C48,true,false
8218,24:95:04:db:3c:4c,SFR_3C48,true,false
8219,24:95:04:db:3c:4c,SFR_3C48,true,false
8220,24:95:04:db:3c:4c,SFR_3C48,true,false
8221,24:95:04:db:3c:4c,SFR_3C48,true,false
8222,24:95:04:db:3c:4c,SFR_3C48,true,false
8223,24:95:04:db:3c:4c,SFR_3C48,true,false
8224,24:95:04:db:3c:4c,SFR_3C48,true,false
8225,24:95:04:db:3c:4c,SFR_3C48,true,false
8226,24:95:04:db:3c:4c,SFR_3C48,true,false
8227,24:95:04:db:3c:4c,SFR_3C48,true,false
8228,24:95:04:db:3c:4c,SFR_3C48,true,false
8229,24:95:04:db:3c:4c,SFR_3C48,true,false
8230,24:95:04:db:3c:4c,SFR_3C48,true,false
8231,24:95:04:db:3c:4c,SFR_3C48,true,false
8232,24:95:04:db:3c:4c,SFR_3C48,true,false
8233,24:95:04:db:3c:4c,SFR_3C48,true,false
8234,24:95:04:db:3c:4c,SFR_3C48,true,false
8235,24:95:04:db:3c:4c,SFR_3C48,true,false
8236,24:95:04:db:3c:4c,SFR_3C48,true,false
8237,24:95:04:db:3c:4c,SFR_3C48,true,false
8238,24:95:04:db:3c:4c,SFR_3C48,true,false
8239,24:95:04:db:3c:4c,SFR_3C48,true,false
8240,24:95:04:db:3c:4c,SFR_3C48,true,false
8241,24:95:04:db:3c:4c,SFR_3C48,true,false
8242,24:95:04:db:3c:4c,SFR_3C48,true,false
8243,24:95:04:db:3c:4c,SFR_3C48,true,false
8244,24:95:04:db:3c:4c,SFR_3C48,true,false
8245,24:95:04:db:3c:4c,SFR_3C48,true,false
8246,24:95:04:db:3c:4c,SFR_3C48,true,false
8247,24:95:04:db:3c:4c,SFR_3C48,true,false
8248,24:95:04:db:3c:4c,SFR_3C48,true,false
8249,24:95:04:db:3c:4c,SFR_3C48,true,false
8250,24:95:04:db:3c:4c,SFR_3C48,true,false
8251,24:95:04:db:3c:4c,SFR_3C48,true,false
8252,24:95:04:db:3c:4c,SFR_3C48,true,false
8253,24:95:04:db:3c:4c,SFR_3C48,true,false
8254,24:95:04:db:3c:4c,SFR_3C48,true,false
8255,24:95:04:db:3c:4c,SFR_3C48,true,false
8256,24:95:04:db:3c:4c,SFR_3C48,true,false
8257,24:95:04:db:3c:4c,SFR_3C48,true,false
8258,24:95:04:db:3c:4c,SFR_3C48,true,false
8259,24:95:04:db:3c:4c,SFR_3C48,true,false
8260,24:95:04:db:3c:4c,SFR_3C48,true,false
8261,24:95:04:db:3c:4c,SFR_3C48,true,false
8262,24:95:04:db:3c:4c,SFR_3C48,true,false
8263,24:95:04:db:3c:4c,SFR_3C48,true,false
8264,24:95:04:db:3c:4c,SFR_3C48,true,false
8265,24:95:04:db:3c:4c,SFR_3C48,true,false
8266,24:95:04:db:3c:4c,SFR_3C48,true,false
8267,24:95:04:db:3c:4c,SFR_3C48,true,false
8268,24:95:04:db:3c:4c,SFR_3C48,true,false
8269,24:95:04:db:3c:4c,SFR_3C48,true,false
8270,24:95:04:db:3c:4c,SFR_3C48,true,false
8271,24:95:04:db:3c:4c,SFR_3C48,true,false
8272,24:95:04:db:3c:4c,SFR_3C48,true,false
8273,24:95:04:db:3c:4c,SFR_3C48,true,false
8274,24:95:04:db:3c:4c,SFR_3C48,true,false
8275,24:95:04:db:3c:4c,SFR_3C48,true,false
8276,24:95:04:db:3c:4c,SFR_3C48,true,false
8277,24:95:04:db:3c:4c,SFR_3C48,true,false
8278,24:95:04:db:3c:4c,SFR_3C48,true,false
8279,24:95:04:db:3c:4c,SFR_3C48,true,false
8280,24:95:04:db:3c:4c,SFR_3C48,true,false
8281,24:95:04:db:3c:4c,SFR_3C48,true,false
8282,24:95:04:db:3c:4c,SFR_3C48,true,false
8283,24:95:04:db:3c:4c,SFR_3C48,true,false
8284,24:95:04:db:3c:4c,SFR_3C48,true,false
8285,24:95:04:db:3c:4c,SFR_3C48,true,false
8286,24:95:04:db:3c:4c,SFR_3C48,true,false
8287,24:95:04:db:3c:4c,SFR_3C48,true,false
8288,24:95:04:db:3c:4c,SFR_3C48,true,false
8289,24:95:04:db:3c:4c,SFR_3C48,true,false
8290,24:95:04:db:3c:4c,SFR_3C48,true,false
8291,24:95:04:db:3c:4c,SFR_3C48,true,false
8292,24:95:04:db:3c:4c,SFR_3C48,true,false
8293,24:95:04:db:3c:4c,SFR_3C48,true,false
8294,24:95:04:db:3c:4c,SFR_3C48,true,false
8295,24:95:04:db:3c:4c,SFR_3C48,true,false
8296,24:95:04:db:3c:4c,SFR_3C48,true,false
8297,24:95:04:db:3c:4c,SFR_3C48,true,false
8298,24:95:04:db:3c:4c,SFR_3C48,true,false
8299,24:95:04:db:3c:4c,SFR_3C48,true,false
8300,24:95:04:db:3c:4c,SFR_3C48,true,false
8301,24:95:04:db:3c:4c,SFR_3C48,true,false
8302,24:95:04:db:3c:4c,SFR_3C48,true,false
8303,24:95:04:db:3c:4c,SFR_3C48,true,false
8304,24:95:04:db:3c:4c,SFR_3C48,true,false
8305,24:95:04:db:3c:4c,SFR_3C48,true,false
8306,24:95:04:db:3c:4c,SFR_3C48,true,false
8307,24:95:04:db:3c:4c,SFR_3C48,true,false
8308,24:95:04:db:3c:4c,SFR_3C48,true,false
8309,24:95:04:db:3c:4c,SFR_3C48,true,false
8310,24:95:04:db:3c:4c,SFR_3C48,true,false
8311,24:95:04:db:3c:4c,SFR_3C48,true,false
8312,24:95:04:db:3c:4c,SFR_3C48,true,false
8313,24:95:04:db:3c:4c,SFR_3C48,true,false
8314,24:95:04:db:3c:4c,SFR_3C48,true,false
8315,24:95:04:db:3c:4c,SFR_3C48,true,false
8316,24:95:04:db:3c:4c,SFR_3C48,true,false
8317,24:95:04:db:3c:4c,SFR_3C48,true,false
8318,24:95:04:db:3c:4c,SFR_3C48,true,false
8319,24:95:04:db:3c:4c,SFR_3C48,true,false
8320,24:95:04:db:3c:4c,SFR_3C48,true,false
8321,24:95:04:db:3c:4c,SFR_3C48,true,false
8322,24:95:04:db:3c:4c,SFR_3C48,true,false
8323,24:95:04:db:3c:4c,SFR_3C48,true,false
8324,24:95:04:db:3c:4c,SFR_3C48,true,false
8325,24:95:04:db:3c:4c,SFR_3C48,true,false
8326,24:95:04:db:3c:4c,SFR_3C48,true,false
8327,24:95:04:db:3c:4c,SFR_3C48,true,false
8328,24:95:04:db:3c:4c,SFR_3C48,true,false
8329,24:95:04:db:3c:4c,SFR_3C48,true,false
8330,24:95:04:db:3c:4c,SFR_3C48,true,false
8331,24:95:04:db:3c:4c,SFR_3C48,true,false
8332,24:95:04:db:3c:4c,SFR_3C48,true,false
8333,24:95:04:db:3c:4c,SFR_3C48,true,false
8334,24:95:04:db:3c:4c,SFR_3C48,true,false
8335,24:95:04:db:3c:4c,SFR_3C48,true,false
8336,24:95:04:db:3c:4c,SFR_3C48,true,false
8337,24:95:04:db:3c:4c,SFR_3C48,true,false
8338,24:95:04:db:3c:4c,SFR_3C48,true,false
8339,24:95:04:db:3c:4c,SFR_3C48,true,false
8340,24:95:04:db:3c:4c,SFR_3C48,true,false
8341,24:95:04:db:3c:4c,SFR_3C48,true,false
8342,24:95:04:db:3c:4c,SFR_3C48,true,false
8343,24:95:04:db:3c:4c,SFR_3C48,true,false
8344,24:95:04:db:3c:4c,SFR_3C48,true,false
8345,24:95:04:db:3c:4c,SFR_3C48,true,false
8346,24:95:04:db:3c:4c,SFR_3C48,true,false
8347,24:95:04:db:3c:4c,SFR_3C48,true,false
8348,24:95:04:db:3c:4c,SFR_3C48,true,false
8349,24:95:04:db:3c:4c,SFR_3C48,true,false
8350,24:95:04:db:3c:4c,SFR_3C48,true,false
8351,24:95:04:db:3c:4c,SFR_3C48,true,false
8352,24:95:04:db:3c:4c,SFR_3C48,true,false
8353,24:95:04:db:3c:4c,SFR_3C48,true,false
8358,24:95:04:db:3c:4c,SFR_3C48,true,false
8361,24:95:04:db:3c:4c,SFR_3C48,true,false
8362,24:95:04:db:3c:4c,SFR_3C48,true,false
8363,24:95:04:db:3c:4c,SFR_3C48,true,false
8364,24:95:04:db:3c:4c,SFR_3C48,true,false
8365,24:95:04:db:3c:4c,SFR_3C48,true,false
8366,24:95:04:db:3c:4c,SFR_3C48,true,false
8367,24:95:04:db:3c:4c,SFR_3C48,true,false
8368,24:95:04:db:3c:4c,SFR_3C48,true,false
8369,24:95:04:db:3c:4c,SFR_3C48,true,false
8370,24:95:04:db:3c:4c,SFR_3C48,true,false
8371,24:95:04:db:3c:4c,SFR_3C48,true,false
8373,24:95:04:db:3c:4c,SFR_3C48,true,false
8374,24:95:04:db:3c:4c,SFR_3C48,true,false
8375,24:95:04:db:3c:4c,SFR_3C48,true,false
8376,24:95:04:db:3c:4c,SFR_3C48,true,false
8377,24:95:04:db:3c:4c,SFR_3C48,true,false
8378,24:95:04:db:3c:4c,SFR_3C48,true,false
8379,24:95:04:db:3c:4c,SFR_3C48,true,false
8380,24:95:04:db:3c:4c,SFR_3C48,true,false
8381,24:95:04:db:3c:4c,SFR_3C48,true,false
8382,24:95:04:db:3c:4c,SFR_3C48,true,false
8383,24:95:04:db:3c:4c,SFR_3C48,true,false
8384,24:95:04:db:3c:4c,SFR_3C48,true,false
8385,24:95:04:db:3c:4c,SFR_3C48,true,false
8386,24:95:04:db:3c:4c,SFR_3C48,true,false
8387,24:95:04:db:3c:4c,SFR_3C48,true,false
8388,24:95:04:db:3c:4c,SFR_3C48,true,false
8389,24:95:04:db:3c:4c,SFR_3C48,true,false
8390,24:95:04:db:3c:4c,SFR_3C48,true,false
8391,24:95:04:db:3c:4c,SFR_3C48,true,false
8392,24:95:04:db:3c:4c,SFR_3C48,true,false
8393,24:95:04:db:3c:4c,SFR_3C48,true,false
8394,24:95:04:db:3c:4c,SFR_3C48,true,false
8395,24:95:04:db:3c:4c,SFR_3C48,true,false
8396,24:95:04:db:3c:4c,SFR_3C48,true,false
8397,24:95:04:db:3c:4c,SFR_3C48,true,false
8398,24:95:04:db:3c:4c,SFR_3C48,true,false
8399,24:95:04:db:3c:4c,SFR_3C48,true,false
8400,24:95:04:db:3c:4c,SFR_3C48,true,false
8401,24:95:04:db:3c:4c,SFR_3C48,true,false
8402,24:95:04:db:3c:4c,SFR_3C48,true,false
8403,24:95:04:db:3c:4c,SFR_3C48,true,false
8404,24:95:04:db:3c:4c,SFR_3C48,true,false
8405,24:95:04:db:3c:4c,SFR_3C48,true,false
8406,24:95:04:db:3c:4c,SFR_3C48,true,false
8407,24:95:04:db:3c:4c,SFR_3C48,true,false
8408,24:95:04:db:3c:4c,SFR_3C48,true,false
8409,24:95:04:db:3c:4c,SFR_3C48,true,false
8410,24:95:04:db:3c:4c,SFR_3C48,true,false
8411,24:95:04:db:3c:4c,SFR_3C48,true,false
8412,24:95:04:db:3c:4c,SFR_3C48,true,false
8413,24:95:04:db:3c:4c,SFR_3C48,true,false
8414,24:95:04:db:3c:4c,SFR_3C48,true,false
8415,24:95:04:db:3c:4c,SFR_3C48,true,false
8416,24:95:04:db:3c:4c,SFR_3C48,true,false
8417,24:95:04:db:3c:4c,SFR_3C48,true,false
8418,24:95:04:db:3c:4c,SFR_3C48,true,false
8419,24:95:04:db:3c:4c,SFR_3C48,true,false
8420,24:95:04:db:3c:4c,SFR_3C48,true,false
8421,24:95:04:db:3c:4c,SFR_3C48,true,false
8422,24:95:04:db:3c:4c,SFR_3C48,true,false
8423,24:95:04:db:3c:4c,SFR_3C48,true,false
8424,24:95:04:db:3c:4c,SFR_3C48,true,false
8425,24:95:04:db:3c:4c,SFR_3C48,true,false
8426,24:95:04:db:3c:4c,SFR_3C48,true,false
8427,24:95:04:db:3c:4c,SFR_3C48,true,false
8428,24:95:04:db:3c:4c,SFR_3C48,true,false
8429,24:95:04:db:3c:4c,SFR_3C48,true,false
8430,24:95:04:db:3c:4c,SFR_3C48,true,false
8431,24:95:04:db:3c:4c,SFR_3C48,true,false
8432,24:95:04:db:3c:4c,SFR_3C48,true,false
8433,24:95:04:db:3c:4c,SFR_3C48,true,false
8434,24:95:04:db:3c:4c,SFR_3C48,true,false
8435,24:95:04:db:3c:4c,SFR_3C48,true,false
8436,24:95:04:db:3c:4c,SFR_3C48,true,false
8437,24:95:04:db:3c:4c,SFR_3C48,true,false
8438,24:95:04:db:3c:4c,SFR_3C48,true,false
8439,24:95:04:db:3c:4c,SFR_3C48,true,false
8440,24:95:04:db:3c:4c,SFR_3C48,true,false
8441,24:95:04:db:3c:4c,SFR_3C48,true,false
8442,24:95:04:db:3c:4c,SFR_3C48,true,false
8443,24:95:04:db:3c:4c,SFR_3C48,true,false
8444,24:95:04:db:3c:4c,SFR_3C48,true,false
8445,24:95:04:db:3c:4c,SFR_3C48,true,false
8446,24:95:04:db:3c:4c,SFR_3C48,true,false
8447,24:95:04:db:3c:4c,SFR_3C48,true,false
8448,24:95:04:db:3c:4c,SFR_3C48,true,false
8449,24:95:04:db:3c:4c,SFR_3C48,true,false
8450,24:95:04:db:3c:4c,SFR_3C48,true,false
8451,24:95:04:db:3c:4c,SFR_3C48,true,false
8452,24:95:04:db:3c:4c,SFR_3C48,true,false
8453,24:95:04:db:3c:4c,SFR_3C48,true,false
8454,24:95:04:db:3c:4c,SFR_3C48,true,false
8455,24:95:04:db:3c:4c,SFR_3C48,true,false
8456,24:95:04:db:3c:4c,SFR_3C48,true,false
8457,24:95:04:db:3c:4c,SFR_3C48,true,false
8458,24:95:04:db:3c:4c,SFR_3C48,true,false
8459,24:95:04:db:3c:4c,SFR_3C48,true,false
8460,24:95:04:db:3c:4c,SFR_3C48,true,false
8461,24:95:04:db:3c:4c,SFR_3C48,true,false
8462,24:95:04:db:3c:4c,SFR_3C48,true,false
8463,24:95:04:db:3c:4c,SFR_3C48,true,false
8464,24:95:04:db:3c:4c,SFR_3C48,true,false
8465,24:95:04:db:3c:4c,SFR_3C48,true,false
8466,24:95:04:db:3c:4c,SFR_3C48,true,false
8467,24:95:04:db:3c:4c,SFR_3C48,true,false
8468,24:95:04:db:3c:4c,SFR_3C48,true,false
8469,24:95:04:db:3c:4c,SFR_3C48,true,false
8470,24:95:04:db:3c:4c,SFR_3C48,true,false
8471,24:95:04:db:3c:4c,SFR_3C48,true,false
8472,24:95:04:db:3c:4c,SFR_3C48,true,false
8473,24:95:04:db:3c:4c,SFR_3C48,true,false
8474,24:95:04:db:3c:4c,SFR_3C48,true,false
8475,24:95:04:db:3c:4c,SFR_3C48,true,false
8476,24:95:04:db:3c:4c,SFR_3C48,true,false
8477,24:95:04:db:3c:4c,SFR_3C48,true,false
8478,24:95:04:db:3c:4c,SFR_3C48,true,false
8479,24:95:04:db:3c:4c,SFR_3C48,true,false
8480,24:95:04:db:3c:4c,SFR_3C48,true,false
8481,24:95:04:db:3c:4c,SFR_3C48,true,false
8482,24:95:04:db:3c:4c,SFR_3C48,true,false
8483,24:95:04:db:3c:4c,SFR_3C48,true,false
8484,24:95:04:db:3c:4c,SFR_3C48,true,false
8485,24:95:04:db:3c:4c,SFR_3C48,true,false
8486,24:95:04:db:3c:4c,SFR_3C48,true,false
8487,24:95:04:db:3c:4c,SFR_3C48,true,false
8488,24:95:04:db:3c:4c,SFR_3C48,true,false
8489,24:95:04:db:3c:4c,SFR_3C48,true,false
8490,24:95:04:db:3c:4c,SFR_3C48,true,false
8491,24:95:04:db:3c:4c,SFR_3C48,true,false
8492,24:95:04:db:3c:4c,SFR_3C48,true,false
8493,24:95:04:db:3c:4c,SFR_3C48,true,false
8494,24:95:04:db:3c:4c,SFR_3C48,true,false
8495,24:95:04:db:3c:4c,SFR_3C48,true,false
8496,24:95:04:db:3c:4c,SFR_3C48,true,false
8497,24:95:04:db:3c:4c,SFR_3C48,true,false
8498,24:95:04:db:3c:4c,SFR_3C48,true,false
8499,24:95:04:db:3c:4c,SFR_3C48,true,false
8500,24:95:04:db:3c:4c,SFR_3C48,true,false
8501,24:95:04:db:3c:4c,SFR_3C48,true,false
8502,24:95:04:db:3c:4c,SFR_3C48,true,false
8503,24:95:04:db:3c:4c,SFR_3C48,true,false
8504,24:95:04:db:3c:4c,SFR_3C48,true,false
8505,24:95:04:db:3c:4c,SFR_3C48,true,false
8506,24:95:04:db:3c:4c,SFR_3C48,true,false
8507,24:95:04:db:3c:4c,SFR_3C48,true,false
8508,24:95:04:db:3c:4c,SFR_3C48,true,false
8509,24:95:04:db:3c:4c,SFR_3C48,true,false
8510,24:95:04:db:3c:4c,SFR_3C48,true,false
8511,24:95:04:db:3c:4c,SFR_3C48,true,false
8512,24:95:04:db:3c:4c,SFR_3C48,true,false
8513,24:95:04:db:3c:4c,SFR_3C48,true,false
8514,24:95:04:db:3c:4c,SFR_3C48,true,false
8515,24:95:04:db:3c:4c,SFR_3C48,true,false
8516,24:95:04:db:3c:4c,SFR_3C48,true,false
8517,24:95:04:db:3c:4c,SFR_3C48,true,false
8518,24:95:04:db:3c:4c,SFR_3C48,true,false
8519,24:95:04:db:3c:4c,SFR_3C48,true,false
8520,24:95:04:db:3c:4c,SFR_3C48,true,false
8521,24:95:04:db:3c:4c,SFR_3C48,true,false
8522,24:95:04:db:3c:4c,SFR_3C48,true,false
8523,24:95:04:db:3c:4c,SFR_3C48,true,false
8524,24:95:04:db:3c:4c,SFR_3C48,true,false
8525,24:95:04:db:3c:4c,SFR_3C48,true,false
8526,24:95:04:db:3c:4c,SFR_3C48,true,false
8527,24:95:04:db:3c:4c,SFR_3C48,true,false
8528,24:95:04:db:3c:4c,SFR_3C48,true,false
8529,24:95:04:db:3c:4c,SFR_3C48,true,false
8530,24:95:04:db:3c:4c,SFR_3C48,true,false
8531,24:95:04:db:3c:4c,SFR_3C48,true,false
8532,24:95:04:db:3c:4c,SFR_3C48,true,false
8533,24:95:04:db:3c:4c,SFR_3C48,true,false
8534,24:95:04:db:3c:4c,SFR_3C48,true,false
8535,24:95:04:db:3c:4c,SFR_3C48,true,false
8536,24:95:04:db:3c:4c,SFR_3C48,true,false
8537,24:95:04:db:3c:4c,SFR_3C48,true,false
8538,24:95:04:db:3c:4c,SFR_3C48,true,false
8539,24:95:04:db:3c:4c,SFR_3C48,true,false
8540,24:95:04:db:3c:4c,SFR_3C48,true,false
8541,24:95:04:db:3c:4c,SFR_3C48,true,false
8542,24:95:04:db:3c:4c,SFR_3C48,true,false
8543,24:95:04:db:3c:4c,SFR_3C48,true,false
8544,24:95:04:db:3c:4c,SFR_3C48,true,false
8552,24:95:04:db:3c:4c,SFR_3C48,true,false
8553,24:95:04:db:3c:4c,SFR_3C48,true,false
8554,24:95:04:db:3c:4c,SFR_3C48,true,false
8555,24:95:04:db:3c:4c,SFR_3C48,true,false
8556,24:95:04:db:3c:4c,SFR_3C48,true,false
8557,24:95:04:db:3c:4c,SFR_3C48,true,false
8558,24:95:04:db:3c:4c,SFR_3C48,true,false
8559,24:95:04:db:3c:4c,SFR_3C48,true,false
8560,24:95:04:db:3c:4c,SFR_3C48,true,false
8561,24:95:04:db:3c:4c,SFR_3C48,true,false
8562,24:95:04:db:3c:4c,SFR_3C48,true,false
8563,24:95:04:db:3c:4c,SFR_3C48,true,false
8564,24:95:04:db:3c:4c,SFR_3C48,true,false
8565,24:95:04:db:3c:4c,SFR_3C48,true,false
8566,24:95:04:db:3c:4c,SFR_3C48,true,false
8567,24:95:04:db:3c:4c,SFR_3C48,true,false
8568,24:95:04:db:3c:4c,SFR_3C48,true,false
8569,24:95:04:db:3c:4c,SFR_3C48,true,false
8570,24:95:04:db:3c:4c,SFR_3C48,true,false
8571,24:95:04:db:3c:4c,SFR_3C48,true,false
8572,24:95:04:db:3c:4c,SFR_3C48,true,false
8573,24:95:04:db:3c:4c,SFR_3C48,true,false
8574,24:95:04:db:3c:4c,SFR_3C48,true,false
8575,24:95:04:db:3c:4c,SFR_3C48,true,false
8576,24:95:04:db:3c:4c,SFR_3C48,true,false
8577,24:95:04:db:3c:4c,SFR_3C48,true,false
8578,24:95:04:db:3c:4c,SFR_3C48,true,false
8579,24:95:04:db:3c:4c,SFR_3C48,true,false
8580,24:95:04:db:3c:4c,SFR_3C48,true,false
8581,24:95:04:db:3c:4c,SFR_3C48,true,false
8582,24:95:04:db:3c:4c,SFR_3C48,true,false
8583,24:95:04:db:3c:4c,SFR_3C48,true,false
8584,24:95:04:db:3c:4c,SFR_3C48,true,false
8585,24:95:04:db:3c:4c,SFR_3C48,true,false
8586,24:95:04:db:3c:4c,SFR_3C48,true,false
8587,24:95:04:db:3c:4c,SFR_3C48,true,false
8588,24:95:04:db:3c:4c,SFR_3C48,true,false
8589,24:95:04:db:3c:4c,SFR_3C48,true,false
8590,24:95:04:db:3c:4c,SFR_3C48,true,false
8591,24:95:04:db:3c:4c,SFR_3C48,true,false
8592,24:95:04:db:3c:4c,SFR_3C48,true,false
8593,24:95:04:db:3c:4c,SFR_3C48,true,false
8594,24:95:04:db:3c:4c,SFR_3C48,true,false
8595,24:95:04:db:3c:4c,SFR_3C48,true,false
8596,24:95:04:db:3c:4c,SFR_3C48,true,false
8597,24:95:04:db:3c:4c,SFR_3C48,true,false
8598,24:95:04:db:3c:4c,SFR_3C48,true,false
8599,24:95:04:db:3c:4c,SFR_3C48,true,false
8600,24:95:04:db:3c:4c,SFR_3C48,true,false
8601,24:95:04:db:3c:4c,SFR_3C48,true,false
8602,24:95:04:db:3c:4c,SFR_3C48,true,false
8603,24:95:04:db:3c:4c,SFR_3C48,true,false
8604,24:95:04:db:3c:4c,SFR_3C48,true,false
8605,24:95:04:db:3c:4c,SFR_3C48,true,false
8606,24:95:04:db:3c:4c,SFR_3C48,true,false
8607,24:95:04:db:3c:4c,SFR_3C48,true,false
8608,24:95:04:db:3c:4c,SFR_3C48,true,false
8609,24:95:04:db:3c:4c,SFR_3C48,true,false
8610,24:95:04:db:3c:4c,SFR_3C48,true,false
8611,24:95:04:db:3c:4c,SFR_3C48,true,false
8612,24:95:04:db:3c:4c,SFR_3C48,true,false
8613,24:95:04:db:3c:4c,SFR_3C48,true,false
8614,24:95:04:db:3c:4c,SFR_3C48,true,false
8615,24:95:04:db:3c:4c,SFR_3C48,true,false
8616,24:95:04:db:3c:4c,SFR_3C48,true,false
8617,24:95:04:db:3c:4c,SFR_3C48,true,false
8618,24:95:04:db:3c:4c,SFR_3C48,true,false
8619,24:95:04:db:3c:4c,SFR_3C48,true,false
8620,24:95:04:db:3c:4c,SFR_3C48,true,false
8621,24:95:04:db:3c:4c,SFR_3C48,true,false
8622,24:95:04:db:3c:4c,SFR_3C48,true,false
8623,24:95:04:db:3c:4c,SFR_3C48,true,false
8624,24:95:04:db:3c:4c,SFR_3C48,true,false
8625,24:95:04:db:3c:4c,SFR_3C48,true,false
8626,24:95:04:db:3c:4c,SFR_3C48,true,false
8627,24:95:04:db:3c:4c,SFR_3C48,true,false
8628,24:95:04:db:3c:4c,SFR_3C48,true,false
8629,24:95:04:db:3c:4c,SFR_3C48,true,false
8630,24:95:04:db:3c:4c,SFR_3C48,true,false
8631,24:95:04:db:3c:4c,SFR_3C48,true,false
8632,24:95:04:db:3c:4c,SFR_3C48,true,false
8633,24:95:04:db:3c:4c,SFR_3C48,true,false
8634,24:95:04:db:3c:4c,SFR_3C48,true,false
8635,24:95:04:db:3c:4c,SFR_3C48,true,false
8636,24:95:04:db:3c:4c,SFR_3C48,true,false
8637,24:95:04:db:3c:4c,SFR_3C48,true,false
8638,24:95:04:db:3c:4c,SFR_3C48,true,false
8639,24:95:04:db:3c:4c,SFR_3C48,true,false
8640,24:95:04:db:3c:4c,SFR_3C48,true,false
8641,24:95:04:db:3c:4c,SFR_3C48,true,false
8642,24:95:04:db:3c:4c,SFR_3C48,true,false
8643,24:95:04:db:3c:4c,SFR_3C48,true,false
8644,24:95:04:db:3c:4c,SFR_3C48,true,false
8645,24:95:04:db:3c:4c,SFR_3C48,true,false
8646,24:95:04:db:3c:4c,SFR_3C48,true,false
8647,24:95:04:db:3c:4c,SFR_3C48,true,false
8648,24:95:04:db:3c:4c,SFR_3C48,true,false
8649,24:95:04:db:3c:4c,SFR_3C48,true,false
8650,24:95:04:db:3c:4c,SFR_3C48,true,false
8651,24:95:04:db:3c:4c,SFR_3C48,true,false
8652,24:95:04:db:3c:4c,SFR_3C48,true,false
8653,24:95:04:db:3c:4c,SFR_3C48,true,false
8654,24:95:04:db:3c:4c,SFR_3C48,true,false
8655,24:95:04:db:3c:4c,SFR_3C48,true,false
8656,24:95:04:db:3c:4c,SFR_3C48,true,false
8657,24:95:04:db:3c:4c,SFR_3C48,true,false
8658,24:95:04:db:3c:4c,SFR_3C48,true,false
8659,24:95:04:db:3c:4c,SFR_3C48,true,false
8660,24:95:04:db:3c:4c,SFR_3C48,true,false
8661,24:95:04:db:3c:4c,SFR_3C48,true,false
8662,24:95:04:db:3c:4c,SFR_3C48,true,false
8663,24:95:04:db:3c:4c,SFR_3C48,true,false
8664,24:95:04:db:3c:4c,SFR_3C48,true,false
8665,24:95:04:db:3c:4c,SFR_3C48,true,false
8666,24:95:04:db:3c:4c,SFR_3C48,true,false
8667,24:95:04:db:3c:4c,SFR_3C48,true,false
8668,24:95:04:db:3c:4c,SFR_3C48,true,false
8669,24:95:04:db:3c:4c,SFR_3C48,true,false
8670,24:95:04:db:3c:4c,SFR_3C48,true,false
8671,24:95:04:db:3c:4c,SFR_3C48,true,false
8672,24:95:04:db:3c:4c,SFR_3C48,true,false
8673,24:95:04:db:3c:4c,SFR_3C48,true,false
8674,24:95:04:db:3c:4c,SFR_3C48,true,false
8675,24:95:04:db:3c:4c,SFR_3C48,true,false
8676,24:95:04:db:3c:4c,SFR_3C48,true,false
8677,24:95:04:db:3c:4c,SFR_3C48,true,false
8678,24:95:04:db:3c:4c,SFR_3C48,true,false
8679,24:95:04:db:3c:4c,SFR_3C48,true,false
8680,24:95:04:db:3c:4c,SFR_3C48,true,false
8681,24:95:04:db:3c:4c,SFR_3C48,true,false
8682,24:95:04:db:3c:4c,SFR_3C48,true,false
8683,24:95:04:db:3c:4c,SFR_3C48,true,false
8684,24:95:04:db:3c:4c,SFR_3C48,true,false
8685,24:95:04:db:3c:4c,SFR_3C48,true,false
8686,24:95:04:db:3c:4c,SFR_3C48,true,false
8687,24:95:04:db:3c:4c,SFR_3C48,true,false
8688,24:95:04:db:3c:4c,SFR_3C48,true,false
8689,24:95:04:db:3c:4c,SFR_3C48,true,false
8690,24:95:04:db:3c:4c,SFR_3C48,true,false
8691,24:95:04:db:3c:4c,SFR_3C48,true,false
8692,24:95:04:db:3c:4c,SFR_3C48,true,false
8693,24:95:04:db:3c:4c,SFR_3C48,true,false
8694,24:95:04:db:3c:4c,SFR_3C48,true,false
8695,24:95:04:db:3c:4c,SFR_3C48,true,false
8696,24:95:04:db:3c:4c,SFR_3C48,true,false
8697,24:95:04:db:3c:4c,SFR_3C48,true,false
8698,24:95:04:db:3c:4c,SFR_3C48,true,false
8699,24:95:04:db:3c:4c,SFR_3C48,true,false
8700,24:95:04:db:3c:4c,SFR_3C48,true,false
8701,24:95:04:db:3c:4c,SFR_3C48,true,false
8702,24:95:04:db:3c:4c,SFR_3C48,true,false
8703,24:95:04:db:3c:4c,SFR_3C48,true,false
8704,24:95:04:db:3c:4c,SFR_3C48,true,false
8705,24:95:04:db:3c:4c,SFR_3C48,true,false
8706,24:95:04:db:3c:4c,SFR_3C48,true,false
8707,24:95:04:db:3c:4c,SFR_3C48,true,false
8708,24:95:04:db:3c:4c,SFR_3C48,true,false
8709,24:95:04:db:3c:4c,SFR_3C48,true,false
8710,24:95:04:db:3c:4c,SFR_3C48,true,false
8711,24:95:04:db:3c:4c,SFR_3C48,true,false
8712,24:95:04:db:3c:4c,SFR_3C48,true,false
8713,24:95:04:db:3c:4c,SFR_3C48,true,false
8714,24:95:04:db:3c:4c,SFR_3C48,true,false
8715,24:95:04:db:3c:4c,SFR_3C48,true,false
8716,24:95:04:db:3c:4c,SFR_3C48,true,false
8717,24:95:04:db:3c:4c,SFR_3C48,true,false
8718,24:95:04:db:3c:4c,SFR_3C48,true,false
8719,24:95:04:db:3c:4c,SFR_3C48,true,false
8720,24:95:04:db:3c:4c,SFR_3C48,true,false
8721,24:95:04:db:3c:4c,SFR_3C48,true,false
8722,24:95:04:db:3c:4c,SFR_3C48,true,false
8723,24:95:04:db:3c:4c,SFR_3C48,true,false
8724,24:95:04:db:3c:4c,SFR_3C48,true,false
8725,24:95:04:db:3c:4c,SFR_3C48,true,false
8726,24:95:04:db:3c:4c,SFR_3C48,true,false
8727,24:95:04:db:3c:4c,SFR_3C48,true,false
8728,24:95:04:db:3c:4c,SFR_3C48,true,false
8729,24:95:04:db:3c:4c,SFR_3C48,true,false
8730,24:95:04:db:3c:4c,SFR_3C48,true,false
8731,24:95:04:db:3c:4c,SFR_3C48,true,false
8732,24:95:04:db:3c:4c,SFR_3C48,true,false
8733,24:95:04:db:3c:4c,SFR_3C48,true,false
8734,24:95:04:db:3c:4c,SFR_3C48,true,false
8735,24:95:04:db:3c:4c,SFR_3C48,true,false
8736,24:95:04:db:3c:4c,SFR_3C48,true,false
8737,24:95:04:db:3c:4c,SFR_3C48,true,false
8738,24:95:04:db:3c:4c,SFR_3C48,true,false
8739,24:95:04:db:3c:4c,SFR_3C48,true,false
8740,24:95:04:db:3c:4c,SFR_3C48,true,false
8741,24:95:04:db:3c:4c,SFR_3C48,true,false
8742,24:95:04:db:3c:4c,SFR_3C48,true,false
8743,24:95:04:db:3c:4c,SFR_3C48,true,false
8744,24:95:04:db:3c:4c,SFR_3C48,true,false
8745,24:95:04:db:3c:4c,SFR_3C48,true,false
8746,24:95:04:db:3c:4c,SFR_3C48,true,false
8747,24:95:04:db:3c:4c,SFR_3C48,true,false
8748,24:95:04:db:3c:4c,SFR_3C48,true,false
8749,24:95:04:db:3c:4c,SFR_3C48,true,false
8750,24:95:04:db:3c:4c,SFR_3C48,true,false
8751,24:95:04:db:3c:4c,SFR_3C48,true,false
8752,24:95:04:db:3c:4c,SFR_3C48,true,false
8753,24:95:04:db:3c:4c,SFR_3C48,true,false
8754,24:95:04:db:3c:4c,SFR_3C48,true,false
8755,24:95:04:db:3c:4c,SFR_3C48,true,false
8756,24:95:04:db:3c:4c,SFR_3C48,true,false
8760,24:95:04:db:3c:4c,SFR_3C48,true,false
8761,24:95:04:db:3c:4c,SFR_3C48,true,false
8762,24:95:04:db:3c:4c,SFR_3C48,true,false
8763,24:95:04:db:3c:4c,SFR_3C48,true,false
8764,24:95:04:db:3c:4c,SFR_3C48,true,false
8765,24:95:04:db:3c:4c,SFR_3C48,true,false
8766,24:95:04:db:3c:4c,SFR_3C48,true,false
8767,24:95:04:db:3c:4c,SFR_3C48,true,false
8768,24:95:04:db:3c:4c,SFR_3C48,true,false
8769,24:95:04:db:3c:4c,SFR_3C48,true,false
8770,24:95:04:db:3c:4c,SFR_3C48,true,false
8771,24:95:04:db:3c:4c,SFR_3C48,true,false
8772,24:95:04:db:3c:4c,SFR_3C48,true,false
8773,24:95:04:db:3c:4c,SFR_3C48,true,false
8774,24:95:04:db:3c:4c,SFR_3C48,true,false
8775,24:95:04:db:3c:4c,SFR_3C48,true,false
8776,24:95:04:db:3c:4c,SFR_3C48,true,false
8777,24:95:04:db:3c:4c,SFR_3C48,true,false
8778,24:95:04:db:3c:4c,SFR_3C48,true,false
8779,24:95:04:db:3c:4c,SFR_3C48,true,false
8780,24:95:04:db:3c:4c,SFR_3C48,true,false
8781,24:95:04:db:3c:4c,SFR_3C48,true,false
8782,24:95:04:db:3c:4c,SFR_3C48,true,false
8783,24:95:04:db:3c:4c,SFR_3C48,true,false
8784,24:95:04:db:3c:4c,SFR_3C48,true,false
8785,24:95:04:db:3c:4c,SFR_3C48,true,false
8786,24:95:04:db:3c:4c,SFR_3C48,true,false
8787,24:95:04:db:3c:4c,SFR_3C48,true,false
8788,24:95:04:db:3c:4c,SFR_3C48,true,false
8789,24:95:04:db:3c:4c,SFR_3C48,true,false
8790,24:95:04:db:3c:4c,SFR_3C48,true,false
8791,24:95:04:db:3c:4c,SFR_3C48,true,false
8792,24:95:04:db:3c:4c,SFR_3C48,true,false
8793,24:95:04:db:3c:4c,SFR_3C48,true,false
8794,24:95:04:db:3c:4c,SFR_3C48,true,false
8795,24:95:04:db:3c:4c,SFR_3C48,true,false
8796,24:95:04:db:3c:4c,SFR_3C48,true,false
8797,24:95:04:db:3c:4c,SFR_3C48,true,false
8798,24:95:04:db:3c:4c,SFR_3C48,true,false
8799,24:95:04:db:3c:4c,SFR_3C48,true,false
8800,24:95:04:db:3c:4c,SFR_3C48,true,false
8801,24:95:04:db:3c:4c,SFR_3C48,true,false
8802,24:95:04:db:3c:4c,SFR_3C48,true,false
8803,24:95:04:db:3c:4c,SFR_3C48,true,false
8804,24:95:04:db:3c:4c,SFR_3C48,true,false
8805,24:95:04:db:3c:4c,SFR_3C48,true,false
8806,24:95:04:db:3c:4c,SFR_3C48,true,false
8807,24:95:04:db:3c:4c,SFR_3C48,true,false
8808,24:95:04:db:3c:4c,SFR_3C48,true,false
8809,24:95:04:db:3c:4c,SFR_3C48,true,false
8810,24:95:04:db:3c:4c,SFR_3C48,true,false
8811,24:95:04:db:3c:4c,SFR_3C48,true,false
8812,24:95:04:db:3c:4c,SFR_3C48,true,false
8813,24:95:04:db:3c:4c,SFR_3C48,true,false
8814,24:95:04:db:3c:4c,SFR_3C48,true,false
8815,24:95:04:db:3c:4c,SFR_3C48,true,false
8816,24:95:04:db:3c:4c,SFR_3C48,true,false
8817,24:95:04:db:3c:4c,SFR_3C48,true,false
8818,24:95:04:db:3c:4c,SFR_3C48,true,false
8819,24:95:04:db:3c:4c,SFR_3C48,true,false
8820,24:95:04:db:3c:4c,SFR_3C48,true,false
8821,24:95:04:db:3c:4c,SFR_3C48,true,false
8822,24:95:04:db:3c:4c,SFR_3C48,true,false
8823,24:95:04:db:3c:4c,SFR_3C48,true,false
8824,24:95:04:db:3c:4c,SFR_3C48,true,false
8825,24:95:04:db:3c:4c,SFR_3C48,true,false
8826,24:95:04:db:3c:4c,SFR_3C48,true,false
8827,24:95:04:db:3c:4c,SFR_3C48,true,false
8828,24:95:04:db:3c:4c,SFR_3C48,true,false
8829,24:95:04:db:3c:4c,SFR_3C48,true,false
8830,24:95:04:db:3c:4c,SFR_3C48,true,false
8831,24:95:04:db:3c:4c,SFR_3C48,true,false
8832,24:95:04:db:3c:4c,SFR_3C48,true,false
8833,24:95:04:db:3c:4c,SFR_3C48,true,false
8834,24:95:04:db:3c:4c,SFR_3C48,true,false
8835,24:95:04:db:3c:4c,SFR_3C48,true,false
8836,24:95:04:db:3c:4c,SFR_3C48,true,false
8837,24:95:04:db:3c:4c,SFR_3C48,true,false
8838,24:95:04:db:3c:4c,SFR_3C48,true,false
8839,24:95:04:db:3c:4c,SFR_3C48,true,false
8840,24:95:04:db:3c:4c,SFR_3C48,true,false
8841,24:95:04:db:3c:4c,SFR_3C48,true,false
8842,24:95:04:db:3c:4c,SFR_3C48,true,false
8843,24:95:04:db:3c:4c,SFR_3C48,true,false
8844,24:95:04:db:3c:4c,SFR_3C48,true,false
8845,24:95:04:db:3c:4c,SFR_3C48,true,false
8846,24:95:04:db:3c:4c,SFR_3C48,true,false
8847,24:95:04:db:3c:4c,SFR_3C48,true,false
8848,24:95:04:db:3c:4c,SFR_3C48,true,false
8849,24:95:04:db:3c:4c,SFR_3C48,true,false
8850,24:95:04:db:3c:4c,SFR_3C48,true,false
8851,24:95:04:db:3c:4c,SFR_3C48,true,false
8852,24:95:04:db:3c:4c,SFR_3C48,true,false
8853,24:95:04:db:3c:4c,SFR_3C48,true,false
8854,24:95:04:db:3c:4c,SFR_3C48,true,false
8855,24:95:04:db:3c:4c,SFR_3C48,true,false
8856,24:95:04:db:3c:4c,SFR_3C48,true,false
8857,24:95:04:db:3c:4c,SFR_3C48,true,false
8858,24:95:04:db:3c:4c,SFR_3C48,true,false
8859,24:95:04:db:3c:4c,SFR_3C48,true,false
8860,24:95:04:db:3c:4c,SFR_3C48,true,false
8861,24:95:04:db:3c:4c,SFR_3C48,true,false
8862,24:95:04:db:3c:4c,SFR_3C48,true,false
8863,24:95:04:db:3c:4c,SFR_3C48,true,false
8864,24:95:04:db:3c:4c,SFR_3C48,true,false
8865,24:95:04:db:3c:4c,SFR_3C48,true,false
8866,24:95:04:db:3c:4c,SFR_3C48,true,false
8867,24:95:04:db:3c:4c,SFR_3C48,true,false
8868,24:95:04:db:3c:4c,SFR_3C48,true,false
8869,24:95:04:db:3c:4c,SFR_3C48,true,false
8870,24:95:04:db:3c:4c,SFR_3C48,true,false
8871,24:95:04:db:3c:4c,SFR_3C48,true,false
8872,24:95:04:db:3c:4c,SFR_3C48,true,false
8873,24:95:04:db:3c:4c,SFR_3C48,true,false
8874,24:95:04:db:3c:4c,SFR_3C48,true,false
8875,24:95:04:db:3c:4c,SFR_3C48,true,false
8876,24:95:04:db:3c:4c,SFR_3C48,true,false
8877,24:95:04:db:3c:4c,SFR_3C48,true,false
8878,24:95:04:db:3c:4c,SFR_3C48,true,false
8879,24:95:04:db:3c:4c,SFR_3C48,true,false
8880,24:95:04:db:3c:4c,SFR_3C48,true,false
8881,24:95:04:db:3c:4c,SFR_3C48,true,false
8882,24:95:04:db:3c:4c,SFR_3C48,true,false
8883,24:95:04:db:3c:4c,SFR_3C48,true,false
8884,24:95:04:db:3c:4c,SFR_3C48,true,false
8885,24:95:04:db:3c:4c,SFR_3C48,true,false
8886,24:95:04:db:3c:4c,SFR_3C48,true,false
8887,24:95:04:db:3c:4c,SFR_3C48,true,false
8888,24:95:04:db:3c:4c,SFR_3C48,true,false
8889,24:95:04:db:3c:4c,SFR_3C48,true,false
8890,24:95:04:db:3c:4c,SFR_3C48,true,false
8891,24:95:04:db:3c:4c,SFR_3C48,true,false
8892,24:95:04:db:3c:4c,SFR_3C48,true,false
8893,24:95:04:db:3c:4c,SFR_3C48,true,false
8894,24:95:04:db:3c:4c,SFR_3C48,true,false
8895,24:95:04:db:3c:4c,SFR_3C48,true,false
8896,24:95:04:db:3c:4c,SFR_3C48,true,false
8897,24:95:04:db:3c:4c,SFR_3C48,true,false
8898,24:95:04:db:3c:4c,SFR_3C48,true,false
8899,24:95:04:db:3c:4c,SFR_3C48,true,false
8900,24:95:04:db:3c:4c,SFR_3C48,true,false
8901,24:95:04:db:3c:4c,SFR_3C48,true,false
8902,24:95:04:db:3c:4c,SFR_3C48,true,false
8903,24:95:04:db:3c:4c,SFR_3C48,true,false
8904,24:95:04:db:3c:4c,SFR_3C48,true,false
8905,24:95:04:db:3c:4c,SFR_3C48,true,false
8906,24:95:04:db:3c:4c,SFR_3C48,true,false
8907,24:95:04:db:3c:4c,SFR_3C48,true,false
8908,24:95:04:db:3c:4c,SFR_3C48,true,false
8909,24:95:04:db:3c:4c,SFR_3C48,true,false
8910,24:95:04:db:3c:4c,SFR_3C48,true,false
8911,24:95:04:db:3c:4c,SFR_3C48,true,false
8912,24:95:04:db:3c:4c,SFR_3C48,true,false
8913,24:95:04:db:3c:4c,SFR_3C48,true,false
8914,24:95:04:db:3c:4c,SFR_3C48,true,false
8915,24:95:04:db:3c:4c,SFR_3C48,true,false
8916,24:95:04:db:3c:4c,SFR_3C48,true,false
8917,24:95:04:db:3c:4c,SFR_3C48,true,false
8918,24:95:04:db:3c:4c,SFR_3C48,true,false
8919,24:95:04:db:3c:4c,SFR_3C48,true,false
8920,24:95:04:db:3c:4c,SFR_3C48,true,false
8921,24:95:04:db:3c:4c,SFR_3C48,true,false
8922,24:95:04:db:3c:4c,SFR_3C48,true,false
8923,24:95:04:db:3c:4c,SFR_3C48,true,false
8924,24:95:04:db:3c:4c,SFR_3C48,true,false
8925,24:95:04:db:3c:4c,SFR_3C48,true,false
8926,24:95:04:db:3c:4c,SFR_3C48,true,false
8927,24:95:04:db:3c:4c,SFR_3C48,true,false
8928,24:95:04:db:3c:4c,SFR_3C48,true,false
8929,24:95:04:db:3c:4c,SFR_3C48,true,false
8930,24:95:04:db:3c:4c,SFR_3C48,true,false
8931,24:95:04:db:3c:4c,SFR_3C48,true,false
8932,24:95:04:db:3c:4c,SFR_3C48,true,false
8933,24:95:04:db:3c:4c,SFR_3C48,true,false
8934,24:95:04:db:3c:4c,SFR_3C48,true,false
8935,24:95:04:db:3c:4c,SFR_3C48,true,false
8936,24:95:04:db:3c:4c,SFR_3C48,true,false
8937,24:95:04:db:3c:4c,SFR_3C48,true,false
8938,24:95:04:db:3c:4c,SFR_3C48,true,false
8939,24:95:04:db:3c:4c,SFR_3C48,true,false
8940,24:95:04:db:3c:4c,SFR_3C48,true,false
8941,24:95:04:db:3c:4c,SFR_3C48,true,false
8942,24:95:04:db:3c:4c,SFR_3C48,true,false
8943,24:95:04:db:3c:4c,SFR_3C48,true,false
8944,24:95:04:db:3c:4c,SFR_3C48,true,false
8945,24:95:04:db:3c:4c,SFR_3C48,true,false
8946,24:95:04:db:3c:4c,SFR_3C48,true,false
8947,24:95:04:db:3c:4c,SFR_3C48,true,false
8948,24:95:04:db:3c:4c,SFR_3C48,true,false
8949,24:95:04:db:3c:4c,SFR_3C48,true,false
8950,24:95:04:db:3c:4c,SFR_3C48,true,false
8951,24:95:04:db:3c:4c,SFR_3C48,true,false
8952,24:95:04:db:3c:4c,SFR_3C48,true,false
8953,24:95:04:db:3c:4c,SFR_3C48,true,false
8954,24:95:04:db:3c:4c,SFR_3C48,true,false
8955,24:95:04:db:3c:4c,SFR_3C48,true,false
8956,24:95:04:db:3c:4c,SFR_3C48,true,false
8957,24:95:04:db:3c:4c,SFR_3C48,true,false
8958,24:95:04:db:3c:4c,SFR_3C48,true,false
8959,24:95:04:db:3c:4c,SFR_3C48,true,false
8960,24:95:04:db:3c:4c,SFR_3C48,true,false
8961,24:95:04:db:3c:4c,SFR_3C48,true,false
8962,24:95:04:db:3c:4c,SFR_3C48,true,false
8963,24:95:04:db:3c:4c,SFR_3C48,true,false
8964,24:95:04:db:3c:4c,SFR_3C48,true,false
8965,24:95:04:db:3c:4c,SFR_3C48,true,false
8966,24:95:04:db:3c:4c,SFR_3C48,true,false
8967,24:95:04:db:3c:4c,SFR_3C48,true,false
8968,24:95:04:db:3c:4c,SFR_3C48,true,false
8969,24:95:04:db:3c:4c,SFR_3C48,true,false
8970,24:95:04:db:3c:4c,SFR_3C48,true,false
8971,24:95:04:db:3c:4c,SFR_3C48,true,false
8972,24:95:04:db:3c:4c,SFR_3C48,true,false
8973,24:95:04:db:3c:4c,SFR_3C48,true,false
8974,24:95:04:db:3c:4c,SFR_3C48,true,false
8975,24:95:04:db:3c:4c,SFR_3C48,true,false
8976,24:95:04:db:3c:4c,SFR_3C48,true,false
8977,24:95:04:db:3c:4c,SFR_3C48,true,false
8978,24:95:04:db:3c:4c,SFR_3C48,true,false
8979,24:95:04:db:3c:4c,SFR_3C48,true,false
8980,24:95:04:db:3c:4c,SFR_3C48,true,false
8981,24:95:04:db:3c:4c,SFR_3C48,true,false
8982,24:95:04:db:3c:4c,SFR_3C48,true,false
8983,24:95:04:db:3c:4c,SFR_3C48,true,false
8984,24:95:04:db:3c:4c,SFR_3C48,true,false
8985,24:95:04:db:3c:4c,SFR_3C48,true,false
8986,24:95:04:db:3c:4c,SFR_3C48,true,false
8987,24:95:04:db:3c:4c,SFR_3C48,true,false
8988,24:95:04:db:3c:4c,SFR_3C48,true,false
8989,24:95:04:db:3c:4c,SFR_3C48,true,false
8990,24:95:04:db:3c:4c,SFR_3C48,true,false
8991,24:95:04:db:3c:4c,SFR_3C48,true,false
8992,24:95:04:db:3c:4c,SFR_3C48,true,false
8993,24:95:04:db:3c:4c,SFR_3C48,true,false
8994,24:95:04:db:3c:4c,SFR_3C48,true,false
8995,24:95:04:db:3c:4c,SFR_3C48,true,false
8996,24:95:04:db:3c:4c,SFR_3C48,true,false
8997,24:95:04:db:3c:4c,SFR_3C48,true,false
8998,24:95:04:db:3c:4c,SFR_3C48,true,false
8999,24:95:04:db:3c:4c,SFR_3C48,true,false
9000,24:95:04:db:3c:4c,SFR_3C48,true,false
9001,24:95:04:db:3c:4c,SFR_3C48,true,false
9002,24:95:04:db:3c:4c,SFR_3C48,true,false
9003,24:95:04:db:3c:4c,SFR_3C48,true,false
9004,24:95:04:db:3c:4c,SFR_3C48,true,false
9005,24:95:04:db:3c:4c,SFR_3C48,true,false
9006,24:95:04:db:3c:4c,SFR_3C48,true,false
9007,24:95:04:db:3c:4c,SFR_3C48,true,false
9008,24:95:04:db:3c:4c,SFR_3C48,true,false
9009,24:95:04:db:3c:4c,SFR_3C48,true,false
9010,24:95:04:db:3c:4c,SFR_3C48,true,false
9011,24:95:04:db:3c:4c,SFR_3C48,true,false
9012,24:95:04:db:3c:4c,SFR_3C48,true,false
9013,24:95:04:db:3c:4c,SFR_3C48,true,false
9014,24:95:04:db:3c:4c,SFR_3C48,true,false
9015,24:95:04:db:3c:4c,SFR_3C48,true,false
9016,24:95:04:db:3c:4c,SFR_3C48,true,false
9017,24:95:04:db:3c:4c,SFR_3C48,true,false
9018,24:95:04:db:3c:4c,SFR_3C48,true,false
9019,24:95:04:db:3c:4c,SFR_3C48,true,false
9020,24:95:04:db:3c:4c,SFR_3C48,true,false
9021,24:95:04:db:3c:4c,SFR_3C48,true,false
9022,24:95:04:db:3c:4c,SFR_3C48,true,false
9023,24:95:04:db:3c:4c,SFR_3C48,true,false
9024,24:95:04:db:3c:4c,SFR_3C48,true,false
9025,24:95:04:db:3c:4c,SFR_3C48,true,false
9026,24:95:04:db:3c:4c,SFR_3C48,true,false
9027,24:95:04:db:3c:4c,SFR_3C48,true,false
9028,24:95:04:db:3c:4c,SFR_3C48,true,false
9029,24:95:04:db:3c:4c,SFR_3C48,true,false
9030,24:95:04:db:3c:4c,SFR_3C48,true,false
9031,24:95:04:db:3c:4c,SFR_3C48,true,false
9032,24:95:04:db:3c:4c,SFR_3C48,true,false
9033,24:95:04:db:3c:4c,SFR_3C48,true,false
9034,24:95:04:db:3c:4c,SFR_3C48,true,false
9035,24:95:04:db:3c:4c,SFR_3C48,true,false
9036,24:95:04:db:3c:4c,SFR_3C48,true,false
9037,24:95:04:db:3c:4c,SFR_3C48,true,false
9038,24:95:04:db:3c:4c,SFR_3C48,true,false
9039,24:95:04:db:3c:4c,SFR_3C48,true,false
9040,24:95:04:db:3c:4c,SFR_3C48,true,false
9041,24:95:04:db:3c:4c,SFR_3C48,true,false
9042,24:95:04:db:3c:4c,SFR_3C48,true,false
9043,24:95:04:db:3c:4c,SFR_3C48,true,false
9054,24:95:04:db:3c:4c,SFR_3C48,true,false
9055,24:95:04:db:3c:4c,SFR_3C48,true,false
9056,24:95:04:db:3c:4c,SFR_3C48,true,false
9057,24:95:04:db:3c:4c,SFR_3C48,true,false
9058,24:95:04:db:3c:4c,SFR_3C48,true,false
9059,24:95:04:db:3c:4c,SFR_3C48,true,false
9060,24:95:04:db:3c:4c,SFR_3C48,true,false
9061,24:95:04:db:3c:4c,SFR_3C48,true,false
9062,24:95:04:db:3c:4c,SFR_3C48,true,false
9063,24:95:04:db:3c:4c,SFR_3C48,true,false
9064,24:95:04:db:3c:4c,SFR_3C48,true,false
9065,24:95:04:db:3c:4c,SFR_3C48,true,false
9066,24:95:04:db:3c:4c,SFR_3C48,true,false
9067,24:95:04:db:3c:4c,SFR_3C48,true,false
9068,24:95:04:db:3c:4c,SFR_3C48,true,false
9069,24:95:04:db:3c:4c,SFR_3C48,true,false
9070,24:95:04:db:3c:4c,SFR_3C48,true,false
9071,24:95:04:db:3c:4c,SFR_3C48,true,false
9072,24:95:04:db:3c:4c,SFR_3C48,true,false
9073,24:95:04:db:3c:4c,SFR_3C48,true,false
9074,24:95:04:db:3c:4c,SFR_3C48,true,false
9075,24:95:04:db:3c:4c,SFR_3C48,true,false
9076,24:95:04:db:3c:4c,SFR_3C48,true,false
9077,24:95:04:db:3c:4c,SFR_3C48,true,false
9078,24:95:04:db:3c:4c,SFR_3C48,true,false
9079,24:95:04:db:3c:4c,SFR_3C48,true,false
9080,24:95:04:db:3c:4c,SFR_3C48,true,false
9081,24:95:04:db:3c:4c,SFR_3C48,true,false
9082,24:95:04:db:3c:4c,SFR_3C48,true,false
9083,24:95:04:db:3c:4c,SFR_3C48,true,false
9084,24:95:04:db:3c:4c,SFR_3C48,true,false
9085,24:95:04:db:3c:4c,SFR_3C48,true,false
9086,24:95:04:db:3c:4c,SFR_3C48,true,false
9087,24:95:04:db:3c:4c,SFR_3C48,true,false
9088,24:95:04:db:3c:4c,SFR_3C48,true,false
9089,24:95:04:db:3c:4c,SFR_3C48,true,false
9090,24:95:04:db:3c:4c,SFR_3C48,true,false
9091,24:95:04:db:3c:4c,SFR_3C48,true,false
9092,24:95:04:db:3c:4c,SFR_3C48,true,false
9093,24:95:04:db:3c:4c,SFR_3C48,true,false
9094,24:95:04:db:3c:4c,SFR_3C48,true,false
9095,24:95:04:db:3c:4c,SFR_3C48,true,false
9096,24:95:04:db:3c:4c,SFR_3C48,true,false
9097,24:95:04:db:3c:4c,SFR_3C48,true,false
9098,24:95:04:db:3c:4c,SFR_3C48,true,false
9099,24:95:04:db:3c:4c,SFR_3C48,true,false
9100,24:95:04:db:3c:4c,SFR_3C48,true,false
9101,24:95:04:db:3c:4c,SFR_3C48,true,false
9102,24:95:04:db:3c:4c,SFR_3C48,true,false
9103,24:95:04:db:3c:4c,SFR_3C48,true,false
9104,24:95:04:db:3c:4c,SFR_3C48,true,false
9105,24:95:04:db:3c:4c,SFR_3C48,true,false
9106,24:95:04:db:3c:4c,SFR_3C48,true,false
9107,24:95:04:db:3c:4c,SFR_3C48,true,false
9108,24:95:04:db:3c:4c,SFR_3C48,true,false
9109,24:95:04:db:3c:4c,SFR_3C48,true,false
9110,24:95:04:db:3c:4c,SFR_3C48,true,false
9111,24:95:04:db:3c:4c,SFR_3C48,true,false
9112,24:95:04:db:3c:4c,SFR_3C48,true,false
9113,24:95:04:db:3c:4c,SFR_3C48,true,false
9114,24:95:04:db:3c:4c,SFR_3C48,true,false
9115,24:95:04:db:3c:4c,SFR_3C48,true,false
9116,24:95:04:db:3c:4c,SFR_3C48,true,false
9117,24:95:04:db:3c:4c,SFR_3C48,true,false
9118,24:95:04:db:3c:4c,SFR_3C48,true,false
9119,24:95:04:db:3c:4c,SFR_3C48,true,false
9120,24:95:04:db:3c:4c,SFR_3C48,true,false
9121,24:95:04:db:3c:4c,SFR_3C48,true,false
9122,24:95:04:db:3c:4c,SFR_3C48,true,false
9123,24:95:04:db:3c:4c,SFR_3C48,true,false
9124,24:95:04:db:3c:4c,SFR_3C48,true,false
9125,24:95:04:db:3c:4c,SFR_3C48,true,false
9126,24:95:04:db:3c:4c,SFR_3C48,true,false
9127,24:95:04:db:3c:4c,SFR_3C48,true,false
9128,24:95:04:db:3c:4c,SFR_3C48,true,false
9129,24:95:04:db:3c:4c,SFR_3C48,true,false
9130,24:95:04:db:3c:4c,SFR_3C48,true,false
9131,24:95:04:db:3c:4c,SFR_3C48,true,false
9132,24:95:04:db:3c:4c,SFR_3C48,true,false
9133,24:95:04:db:3c:4c,SFR_3C48,true,false
9134,24:95:04:db:3c:4c,SFR_3C48,true,false
9135,24:95:04:db:3c:4c,SFR_3C48,true,false
9136,24:95:04:db:3c:4c,SFR_3C48,true,false
9137,24:95:04:db:3c:4c,SFR_3C48,true,false
9138,24:95:04:db:3c:4c,SFR_3C48,true,false
9139,24:95:04:db:3c:4c,SFR_3C48,true,false
9140,24:95:04:db:3c:4c,SFR_3C48,true,false
9141,24:95:04:db:3c:4c,SFR_3C48,true,false
9142,24:95:04:db:3c:4c,SFR_3C48,true,false
9143,24:95:04:db:3c:4c,SFR_3C48,true,false
9144,24:95:04:db:3c:4c,SFR_3C48,true,false
9145,24:95:04:db:3c:4c,SFR_3C48,true,false
9146,24:95:04:db:3c:4c,SFR_3C48,true,false
9147,24:95:04:db:3c:4c,SFR_3C48,true,false
9148,24:95:04:db:3c:4c,SFR_3C48,true,false
9149,24:95:04:db:3c:4c,SFR_3C48,true,false
9150,24:95:04:db:3c:4c,SFR_3C48,true,false
9151,24:95:04:db:3c:4c,SFR_3C48,true,false
9152,24:95:04:db:3c:4c,SFR_3C48,true,false
9153,24:95:04:db:3c:4c,SFR_3C48,true,false
9154,24:95:04:db:3c:4c,SFR_3C48,true,false
9155,24:95:04:db:3c:4c,SFR_3C48,true,false
9156,24:95:04:db:3c:4c,SFR_3C48,true,false
9157,24:95:04:db:3c:4c,SFR_3C48,true,false
9158,24:95:04:db:3c:4c,SFR_3C48,true,false
9159,24:95:04:db:3c:4c,SFR_3C48,true,false
9160,24:95:04:db:3c:4c,SFR_3C48,true,false
9161,24:95:04:db:3c:4c,SFR_3C48,true,false
9162,24:95:04:db:3c:4c,SFR_3C48,true,false
9163,24:95:04:db:3c:4c,SFR_3C48,true,false
9164,24:95:04:db:3c:4c,SFR_3C48,true,false
9165,24:95:04:db:3c:4c,SFR_3C48,true,false
9166,24:95:04:db:3c:4c,SFR_3C48,true,false
9167,24:95:04:db:3c:4c,SFR_3C48,true,false
9168,24:95:04:db:3c:4c,SFR_3C48,true,false
9169,24:95:04:db:3c:4c,SFR_3C48,true,false
9170,24:95:04:db:3c:4c,SFR_3C48,true,false
9171,24:95:04:db:3c:4c,SFR_3C48,true,false
9172,24:95:04:db:3c:4c,SFR_3C48,true,false
9173,24:95:04:db:3c:4c,SFR_3C48,true,false
9174,24:95:04:db:3c:4c,SFR_3C48,true,false
9175,24:95:04:db:3c:4c,SFR_3C48,true,false
9176,24:95:04:db:3c:4c,SFR_3C48,true,false
9177,24:95:04:db:3c:4c,SFR_3C48,true,false
9178,24:95:04:db:3c:4c,SFR_3C48,true,false
9179,24:95:04:db:3c:4c,SFR_3C48,true,false
9180,24:95:04:db:3c:4c,SFR_3C48,true,false
9181,24:95:04:db:3c:4c,SFR_3C48,true,false
9182,24:95:04:db:3c:4c,SFR_3C48,true,false
9183,24:95:04:db:3c:4c,SFR_3C48,true,false
9184,24:95:04:db:3c:4c,SFR_3C48,true,false
9185,24:95:04:db:3c:4c,SFR_3C48,true,false
9186,24:95:04:db:3c:4c,SFR_3C48,true,false
9187,24:95:04:db:3c:4c,SFR_3C48,true,false
9188,24:95:04:db:3c:4c,SFR_3C48,true,false
9189,24:95:04:db:3c:4c,SFR_3C48,true,false
9190,24:95:04:db:3c:4c,SFR_3C48,true,false
9191,24:95:04:db:3c:4c,SFR_3C48,true,false
9192,24:95:04:db:3c:4c,SFR_3C48,true,false
9193,24:95:04:db:3c:4c,SFR_3C48,true,false
9194,24:95:04:db:3c:4c,SFR_3C48,true,false
9195,24:95:04:db:3c:4c,SFR_3C48,true,false
9196,24:95:04:db:3c:4c,SFR_3C48,true,false
9197,24:95:04:db:3c:4c,SFR_3C48,true,false
9198,24:95:04:db:3c:4c,SFR_3C48,true,false
9199,24:95:04:db:3c:4c,SFR_3C48,true,false
9200,24:95:04:db:3c:4c,SFR_3C48,true,false
9201,24:95:04:db:3c:4c,SFR_3C48,true,false
9202,24:95:04:db:3c:4c,SFR_3C48,true,false
9203,24:95:04:db:3c:4c,SFR_3C48,true,false
9204,24:95:04:db:3c:4c,SFR_3C48,true,false
9205,24:95:04:db:3c:4c,SFR_3C48,true,false
9206,24:95:04:db:3c:4c,SFR_3C48,true,false
9207,24:95:04:db:3c:4c,SFR_3C48,true,false
9208,24:95:04:db:3c:4c,SFR_3C48,true,false
9209,24:95:04:db:3c:4c,SFR_3C48,true,false
9210,24:95:04:db:3c:4c,SFR_3C48,true,false
9211,24:95:04:db:3c:4c,SFR_3C48,true,false
9212,24:95:04:db:3c:4c,SFR_3C48,true,false
9213,24:95:04:db:3c:4c,SFR_3C48,true,false
9214,24:95:04:db:3c:4c,SFR_3C48,true,false
9215,24:95:04:db:3c:4c,SFR_3C48,true,false
9216,24:95:04:db:3c:4c,SFR_3C48,true,false
9217,24:95:04:db:3c:4c,SFR_3C48,true,false
9218,24:95:04:db:3c:4c,SFR_3C48,true,false
9219,24:95:04:db:3c:4c,SFR_3C48,true,false
9220,24:95:04:db:3c:4c,SFR_3C48,true,false
9221,24:95:04:db:3c:4c,SFR_3C48,true,false
9222,24:95:04:db:3c:4c,SFR_3C48,true,false
9223,24:95:04:db:3c:4c,SFR_3C48,true,false
9224,24:95:04:db:3c:4c,SFR_3C48,true,false
9225,24:95:04:db:3c:4c,SFR_3C48,true,false
9226,24:95:04:db:3c:4c,SFR_3C48,true,false
9227,24:95:04:db:3c:4c,SFR_3C48,true,false
9228,24:95:04:db:3c:4c,SFR_3C48,true,false
9229,24:95:04:db:3c:4c,SFR_3C48,true,false
9230,24:95:04:db:3c:4c,SFR_3C48,true,false
9231,24:95:04:db:3c:4c,SFR_3C48,true,false
9232,24:95:04:db:3c:4c,SFR_3C48,true,false
9233,24:95:04:db:3c:4c,SFR_3C48,true,false
9234,24:95:04:db:3c:4c,SFR_3C48,true,false
9235,24:95:04:db:3c:4c,SFR_3C48,true,false
9236,24:95:04:db:3c:4c,SFR_3C48,true,false
9237,24:95:04:db:3c:4c,SFR_3C48,true,false
9238,24:95:04:db:3c:4c,SFR_3C48,true,false
9239,24:95:04:db:3c:4c,SFR_3C48,true,false
9240,24:95:04:db:3c:4c,SFR_3C48,true,false
9241,24:95:04:db:3c:4c,SFR_3C48,true,false
9242,24:95:04:db:3c:4c,SFR_3C48,true,false
9243,24:95:04:db:3c:4c,SFR_3C48,true,false
9244,24:95:04:db:3c:4c,SFR_3C48,true,false
9245,24:95:04:db:3c:4c,SFR_3C48,true,false
9246,24:95:04:db:3c:4c,SFR_3C48,true,false
9247,24:95:04:db:3c:4c,SFR_3C48,true,false
9248,24:95:04:db:3c:4c,SFR_3C48,true,false
9249,24:95:04:db:3c:4c,SFR_3C48,true,false
9250,24:95:04:db:3c:4c,SFR_3C48,true,false
9251,24:95:04:db:3c:4c,SFR_3C48,true,false
9252,24:95:04:db:3c:4c,SFR_3C48,true,false
9253,24:95:04:db:3c:4c,SFR_3C48,true,false
9254,24:95:04:db:3c:4c,SFR_3C48,true,false
9255,24:95:04:db:3c:4c,SFR_3C48,true,false
9256,24:95:04:db:3c:4c,SFR_3C48,true,false
9257,24:95:04:db:3c:4c,SFR_3C48,true,false
9258,24:95:04:db:3c:4c,SFR_3C48,true,false
9259,24:95:04:db:3c:4c,SFR_3C48,true,false
9260,24:95:04:db:3c:4c,SFR_3C48,true,false
9261,24:95:04:db:3c:4c,SFR_3C48,true,false
9262,24:95:04:db:3c:4c,SFR_3C48,true,false
9263,24:95:04:db:3c:4c,SFR_3C48,true,false
9264,24:95:04:db:3c:4c,SFR_3C48,true,false
9265,24:95:04:db:3c:4c,SFR_3C48,true,false
9266,24:95:04:db:3c:4c,SFR_3C48,true,false
9267,24:95:04:db:3c:4c,SFR_3C48,true,false
9268,24:95:04:db:3c:4c,SFR_3C48,true,false
9269,24:95:04:db:3c:4c,SFR_3C48,true,false
9270,24:95:04:db:3c:4c,SFR_3C48,true,false
9271,24:95:04:db:3c:4c,SFR_3C48,true,false
9272,24:95:04:db:3c:4c,SFR_3C48,true,false
9273,24:95:04:db:3c:4c,SFR_3C48,true,false
9274,24:95:04:db:3c:4c,SFR_3C48,true,false
9275,24:95:04:db:3c:4c,SFR_3C48,true,false
9276,24:95:04:db:3c:4c,SFR_3C48,true,false
9277,24:95:04:db:3c:4c,SFR_3C48,true,false
9278,24:95:04:db:3c:4c,SFR_3C48,true,false
9279,24:95:04:db:3c:4c,SFR_3C48,true,false
9280,24:95:04:db:3c:4c,SFR_3C48,true,false
9281,24:95:04:db:3c:4c,SFR_3C48,true,false
9282,24:95:04:db:3c:4c,SFR_3C48,true,false
9283,24:95:04:db:3c:4c,SFR_3C48,true,false
9284,24:95:04:db:3c:4c,SFR_3C48,true,false
9285,24:95:04:db:3c:4c,SFR_3C48,true,false
9286,24:95:04:db:3c:4c,SFR_3C48,true,false
9287,24:95:04:db:3c:4c,SFR_3C48,true,false
9288,24:95:04:db:3c:4c,SFR_3C48,true,false
9289,24:95:04:db:3c:4c,SFR_3C48,true,false
9290,24:95:04:db:3c:4c,SFR_3C48,true,false
9291,24:95:04:db:3c:4c,SFR_3C48,true,false
9292,24:95:04:db:3c:4c,SFR_3C48,true,false
9293,24:95:04:db:3c:4c,SFR_3C48,true,false
9294,24:95:04:db:3c:4c,SFR_3C48,true,false
9295,24:95:04:db:3c:4c,SFR_3C48,true,false
9296,24:95:04:db:3c:4c,SFR_3C48,true,false
9297,24:95:04:db:3c:4c,SFR_3C48,true,false
9298,24:95:04:db:3c:4c,SFR_3C48,true,false
9299,24:95:04:db:3c:4c,SFR_3C48,true,false
9300,24:95:04:db:3c:4c,SFR_3C48,true,false
9301,24:95:04:db:3c:4c,SFR_3C48,true,false
9302,24:95:04:db:3c:4c,SFR_3C48,true,false
9303,24:95:04:db:3c:4c,SFR_3C48,true,false
9304,24:95:04:db:3c:4c,SFR_3C48,true,false
9305,24:95:04:db:3c:4c,SFR_3C48,true,false
9306,24:95:04:db:3c:4c,SFR_3C48,true,false
9307,24:95:04:db:3c:4c,SFR_3C48,true,false
9308,24:95:04:db:3c:4c,SFR_3C48,true,false
9309,24:95:04:db:3c:4c,SFR_3C48,true,false
9310,24:95:04:db:3c:4c,SFR_3C48,true,false
9311,24:95:04:db:3c:4c,SFR_3C48,true,false
9312,24:95:04:db:3c:4c,SFR_3C48,true,false
9313,24:95:04:db:3c:4c,SFR_3C48,true,false
9314,24:95:04:db:3c:4c,SFR_3C48,true,false
9315,24:95:04:db:3c:4c,SFR_3C48,true,false
9316,24:95:04:db:3c:4c,SFR_3C48,true,false
9317,24:95:04:db:3c:4c,SFR_3C48,true,false
9318,24:95:04:db:3c:4c,SFR_3C48,true,false
9319,24:95:04:db:3c:4c,SFR_3C48,true,false
9320,24:95:04:db:3c:4c,SFR_3C48,true,false
9321,24:95:04:db:3c:4c,SFR_3C48,true,false
9322,24:95:04:db:3c:4c,SFR_3C48,true,false
9323,24:95:04:db:3c:4c,SFR_3C48,true,false
9324,24:95:04:db:3c:4c,SFR_3C48,true,false
9325,24:95:04:db:3c:4c,SFR_3C48,true,false
9326,24:95:04:db:3c:4c,SFR_3C48,true,false
9327,24:95:04:db:3c:4c,SFR_3C48,true,false
9328,24:95:04:db:3c:4c,SFR_3C48,true,false
9329,24:95:04:db:3c:4c,SFR_3C48,true,false
9330,24:95:04:db:3c:4c,SFR_3C48,true,false
9337,24:95:04:db:3c:4c,SFR_3C48,true,false
9344,24:95:04:db:3c:4c,SFR_3C48,true,false
9345,24:95:04:db:3c:4c,SFR_3C48,true,false
9346,24:95:04:db:3c:4c,SFR_3C48,true,false
9347,24:95:04:db:3c:4c,SFR_3C48,true,false
9348,24:95:04:db:3c:4c,SFR_3C48,true,false
9349,24:95:04:db:3c:4c,SFR_3C48,true,false
9350,24:95:04:db:3c:4c,SFR_3C48,true,false
9351,24:95:04:db:3c:4c,SFR_3C48,true,false
9352,24:95:04:db:3c:4c,SFR_3C48,true,false
9353,24:95:04:db:3c:4c,SFR_3C48,true,false
9354,24:95:04:db:3c:4c,SFR_3C48,true,false
9355,24:95:04:db:3c:4c,SFR_3C48,true,false
9356,24:95:04:db:3c:4c,SFR_3C48,true,false
9357,24:95:04:db:3c:4c,SFR_3C48,true,false
9358,24:95:04:db:3c:4c,SFR_3C48,true,false
9359,24:95:04:db:3c:4c,SFR_3C48,true,false
9360,24:95:04:db:3c:4c,SFR_3C48,true,false
9361,24:95:04:db:3c:4c,SFR_3C48,true,false
9362,24:95:04:db:3c:4c,SFR_3C48,true,false
9363,24:95:04:db:3c:4c,SFR_3C48,true,false
9364,24:95:04:db:3c:4c,SFR_3C48,true,false
9365,24:95:04:db:3c:4c,SFR_3C48,true,false
9366,24:95:04:db:3c:4c,SFR_3C48,true,false
9367,24:95:04:db:3c:4c,SFR_3C48,true,false
9368,24:95:04:db:3c:4c,SFR_3C48,true,false
9369,24:95:04:db:3c:4c,SFR_3C48,true,false
9370,24:95:04:db:3c:4c,SFR_3C48,true,false
9371,24:95:04:db:3c:4c,SFR_3C48,true,false
9372,24:95:04:db:3c:4c,SFR_3C48,true,false
9373,24:95:04:db:3c:4c,SFR_3C48,true,false
9374,24:95:04:db:3c:4c,SFR_3C48,true,false
9375,24:95:04:db:3c:4c,SFR_3C48,true,false
9376,24:95:04:db:3c:4c,SFR_3C48,true,false
9377,24:95:04:db:3c:4c,SFR_3C48,true,false
9378,24:95:04:db:3c:4c,SFR_3C48,true,false
9379,24:95:04:db:3c:4c,SFR_3C48,true,false
9380,24:95:04:db:3c:4c,SFR_3C48,true,false
9381,24:95:04:db:3c:4c,SFR_3C48,true,false
9382,24:95:04:db:3c:4c,SFR_3C48,true,false
9383,24:95:04:db:3c:4c,SFR_3C48,true,false
9384,24:95:04:db:3c:4c,SFR_3C48,true,false
9385,24:95:04:db:3c:4c,SFR_3C48,true,false
9386,24:95:04:db:3c:4c,SFR_3C48,true,false
9387,24:95:04:db:3c:4c,SFR_3C48,true,false
9388,24:95:04:db:3c:4c,SFR_3C48,true,false
9389,24:95:04:db:3c:4c,SFR_3C48,true,false
9390,24:95:04:db:3c:4c,SFR_3C48,true,false
9391,24:95:04:db:3c:4c,SFR_3C48,true,false
9392,24:95:04:db:3c:4c,SFR_3C48,true,false
9393,24:95:04:db:3c:4c,SFR_3C48,true,false
9394,24:95:04:db:3c:4c,SFR_3C48,true,false
9395,24:95:04:db:3c:4c,SFR_3C48,true,false
9396,24:95:04:db:3c:4c,SFR_3C48,true,false
9397,24:95:04:db:3c:4c,SFR_3C48,true,false
9398,24:95:04:db:3c:4c,SFR_3C48,true,false
9399,24:95:04:db:3c:4c,SFR_3C48,true,false
9400,24:95:04:db:3c:4c,SFR_3C48,true,false
9401,24:95:04:db:3c:4c,SFR_3C48,true,false
9402,24:95:04:db:3c:4c,SFR_3C48,true,false
9403,24:95:04:db:3c:4c,SFR_3C48,true,false
9404,24:95:04:db:3c:4c,SFR_3C48,true,false
9405,24:95:04:db:3c:4c,SFR_3C48,true,false
9406,24:95:04:db:3c:4c,SFR_3C48,true,false
9407,24:95:04:db:3c:4c,SFR_3C48,true,false
9408,24:95:04:db:3c:4c,SFR_3C48,true,false
9409,24:95:04:db:3c:4c,SFR_3C48,true,false
9410,24:95:04:db:3c:4c,SFR_3C48,true,false
9411,24:95:04:db:3c:4c,SFR_3C48,true,false
9412,24:95:04:db:3c:4c,SFR_3C48,true,false
9413,24:95:04:db:3c:4c,SFR_3C48,true,false
9414,24:95:04:db:3c:4c,SFR_3C48,true,false
9415,24:95:04:db:3c:4c,SFR_3C48,true,false
9416,24:95:04:db:3c:4c,SFR_3C48,true,false
9417,24:95:04:db:3c:4c,SFR_3C48,true,false
9418,24:95:04:db:3c:4c,SFR_3C48,true,false
9419,24:95:04:db:3c:4c,SFR_3C48,true,false
9420,24:95:04:db:3c:4c,SFR_3C48,true,false
9421,24:95:04:db:3c:4c,SFR_3C48,true,false
9422,24:95:04:db:3c:4c,SFR_3C48,true,false
9423,24:95:04:db:3c:4c,SFR_3C48,true,false
9424,24:95:04:db:3c:4c,SFR_3C48,true,false
9425,24:95:04:db:3c:4c,SFR_3C48,true,false
9426,24:95:04:db:3c:4c,SFR_3C48,true,false
9427,24:95:04:db:3c:4c,SFR_3C48,true,false
9428,24:95:04:db:3c:4c,SFR_3C48,true,false
9429,24:95:04:db:3c:4c,SFR_3C48,true,false
9430,24:95:04:db:3c:4c,SFR_3C48,true,false
9431,24:95:04:db:3c:4c,SFR_3C48,true,false
9432,24:95:04:db:3c:4c,SFR_3C48,true,false
9433,24:95:04:db:3c:4c,SFR_3C48,true,false
9434,24:95:04:db:3c:4c,SFR_3C48,true,false
9435,24:95:04:db:3c:4c,SFR_3C48,true,false
9436,24:95:04:db:3c:4c,SFR_3C48,true,false
9437,24:95:04:db:3c:4c,SFR_3C48,true,false
9438,24:95:04:db:3c:4c,SFR_3C48,true,false
9439,24:95:04:db:3c:4c,SFR_3C48,true,false
9440,24:95:04:db:3c:4c,SFR_3C48,true,false
9441,24:95:04:db:3c:4c,SFR_3C48,true,false
9442,24:95:04:db:3c:4c,SFR_3C48,true,false
9443,24:95:04:db:3c:4c,SFR_3C48,true,false
9444,24:95:04:db:3c:4c,SFR_3C48,true,false
9445,24:95:04:db:3c:4c,SFR_3C48,true,false
9446,24:95:04:db:3c:4c,SFR_3C48,true,false
9447,24:95:04:db:3c:4c,SFR_3C48,true,false
9448,24:95:04:db:3c:4c,SFR_3C48,true,false
9449,24:95:04:db:3c:4c,SFR_3C48,true,false
9450,24:95:04:db:3c:4c,SFR_3C48,true,false
9451,24:95:04:db:3c:4c,SFR_3C48,true,false
9452,24:95:04:db:3c:4c,SFR_3C48,true,false
9453,24:95:04:db:3c:4c,SFR_3C48,true,false
9454,24:95:04:db:3c:4c,SFR_3C48,true,false
9455,24:95:04:db:3c:4c,SFR_3C48,true,false
9456,24:95:04:db:3c:4c,SFR_3C48,true,false
9457,24:95:04:db:3c:4c,SFR_3C48,true,false
9458,24:95:04:db:3c:4c,SFR_3C48,true,false
9459,24:95:04:db:3c:4c,SFR_3C48,true,false
9460,24:95:04:db:3c:4c,SFR_3C48,true,false
9461,24:95:04:db:3c:4c,SFR_3C48,true,false
9462,24:95:04:db:3c:4c,SFR_3C48,true,false
9463,24:95:04:db:3c:4c,SFR_3C48,true,false
9464,24:95:04:db:3c:4c,SFR_3C48,true,false
9465,24:95:04:db:3c:4c,SFR_3C48,true,false
9466,24:95:04:db:3c:4c,SFR_3C48,true,false
9467,24:95:04:db:3c:4c,SFR_3C48,true,false
9468,24:95:04:db:3c:4c,SFR_3C48,true,false
9469,24:95:04:db:3c:4c,SFR_3C48,true,false
9470,24:95:04:db:3c:4c,SFR_3C48,true,false
9471,24:95:04:db:3c:4c,SFR_3C48,true,false
9472,24:95:04:db:3c:4c,SFR_3C48,true,false
9473,24:95:04:db:3c:4c,SFR_3C48,true,false
9474,24:95:04:db:3c:4c,SFR_3C48,true,false
9475,24:95:04:db:3c:4c,SFR_3C48,true,false
9476,24:95:04:db:3c:4c,SFR_3C48,true,false
9477,24:95:04:db:3c:4c,SFR_3C48,true,false
9478,24:95:04:db:3c:4c,SFR_3C48,true,false
9479,24:95:04:db:3c:4c,SFR_3C48,true,false
9480,24:95:04:db:3c:4c,SFR_3C48,true,false
9481,24:95:04:db:3c:4c,SFR_3C48,true,false
9482,24:95:04:db:3c:4c,SFR_3C48,true,false
9483,24:95:04:db:3c:4c,SFR_3C48,true,false
9484,24:95:04:db:3c:4c,SFR_3C48,true,false
9485,24:95:04:db:3c:4c,SFR_3C48,true,false
9486,24:95:04:db:3c:4c,SFR_3C48,true,false
9487,24:95:04:db:3c:4c,SFR_3C48,true,false
9488,24:95:04:db:3c:4c,SFR_3C48,true,false
9489,24:95:04:db:3c:4c,SFR_3C48,true,false
9490,24:95:04:db:3c:4c,SFR_3C48,true,false
9491,24:95:04:db:3c:4c,SFR_3C48,true,false
9492,24:95:04:db:3c:4c,SFR_3C48,true,false
9493,24:95:04:db:3c:4c,SFR_3C48,true,false
9494,24:95:04:db:3c:4c,SFR_3C48,true,false
9495,24:95:04:db:3c:4c,SFR_3C48,true,false
9496,24:95:04:db:3c:4c,SFR_3C48,true,false
9497,24:95:04:db:3c:4c,SFR_3C48,true,false
9498,24:95:04:db:3c:4c,SFR_3C48,true,false
9499,24:95:04:db:3c:4c,SFR_3C48,true,false
9500,24:95:04:db:3c:4c,SFR_3C48,true,false
9501,24:95:04:db:3c:4c,SFR_3C48,true,false
9502,24:95:04:db:3c:4c,SFR_3C48,true,false
9503,24:95:04:db:3c:4c,SFR_3C48,true,false
9504,24:95:04:db:3c:4c,SFR_3C48,true,false
9505,24:95:04:db:3c:4c,SFR_3C48,true,false
9506,24:95:04:db:3c:4c,SFR_3C48,true,false
9507,24:95:04:db:3c:4c,SFR_3C48,true,false
9508,24:95:04:db:3c:4c,SFR_3C48,true,false
9509,24:95:04:db:3c:4c,SFR_3C48,true,false
9510,24:95:04:db:3c:4c,SFR_3C48,true,false
9511,24:95:04:db:3c:4c,SFR_3C48,true,false
9512,24:95:04:db:3c:4c,SFR_3C48,true,false
9513,24:95:04:db:3c:4c,SFR_3C48,true,false
9514,24:95:04:db:3c:4c,SFR_3C48,true,false
9515,24:95:04:db:3c:4c,SFR_3C48,true,false
9516,24:95:04:db:3c:4c,SFR_3C48,true,false
9517,24:95:04:db:3c:4c,SFR_3C48,true,false
9518,24:95:04:db:3c:4c,SFR_3C48,true,false
9519,24:95:04:db:3c:4c,SFR_3C48,true,false
9520,24:95:04:db:3c:4c,SFR_3C48,true,false
9521,24:95:04:db:3c:4c,SFR_3C48,true,false
9522,24:95:04:db:3c:4c,SFR_3C48,true,false
9523,24:95:04:db:3c:4c,SFR_3C48,true,false
9524,24:95:04:db:3c:4c,SFR_3C48,true,false
9525,24:95:04:db:3c:4c,SFR_3C48,true,false
9526,24:95:04:db:3c:4c,SFR_3C48,true,false
9527,24:95:04:db:3c:4c,SFR_3C48,true,false
9528,24:95:04:db:3c:4c,SFR_3C48,true,false
9529,24:95:04:db:3c:4c,SFR_3C48,true,false
9530,24:95:04:db:3c:4c,SFR_3C48,true,false
9531,24:95:04:db:3c:4c,SFR_3C48,true,false
9532,24:95:04:db:3c:4c,SFR_3C48,true,false
9533,24:95:04:db:3c:4c,SFR_3C48,true,false
9534,24:95:04:db:3c:4c,SFR_3C48,true,false
9535,24:95:04:db:3c:4c,SFR_3C48,true,false
9536,24:95:04:db:3c:4c,SFR_3C48,true,false
9537,24:95:04:db:3c:4c,SFR_3C48,true,false
9538,24:95:04:db:3c:4c,SFR_3C48,true,false
9539,24:95:04:db:3c:4c,SFR_3C48,true,false
9540,24:95:04:db:3c:4c,SFR_3C48,true,false
9541,24:95:04:db:3c:4c,SFR_3C48,true,false
9542,24:95:04:db:3c:4c,SFR_3C48,true,false
9543,24:95:04:db:3c:4c,SFR_3C48,true,false
9544,24:95:04:db:3c:4c,SFR_3C48,true,false
9545,24:95:04:db:3c:4c,SFR_3C48,true,false
9546,24:95:04:db:3c:4c,SFR_3C48,true,false
9547,24:95:04:db:3c:4c,SFR_3C48,true,false
9548,24:95:04:db:3c:4c,SFR_3C48,true,false
9549,24:95:04:db:3c:4c,SFR_3C48,true,false
9550,24:95:04:db:3c:4c,SFR_3C48,true,false
9551,24:95:04:db:3c:4c,SFR_3C48,true,false
9552,24:95:04:db:3c:4c,SFR_3C48,true,false
9553,24:95:04:db:3c:4c,SFR_3C48,true,false
9554,24:95:04:db:3c:4c,SFR_3C48,true,false
9555,24:95:04:db:3c:4c,SFR_3C48,true,false
9556,24:95:04:db:3c:4c,SFR_3C48,true,false
9557,24:95:04:db:3c:4c,SFR_3C48,true,false
9558,24:95:04:db:3c:4c,SFR_3C48,true,false
9559,24:95:04:db:3c:4c,SFR_3C48,true,false
9560,24:95:04:db:3c:4c,SFR_3C48,true,false
9561,24:95:04:db:3c:4c,SFR_3C48,true,false
9562,24:95:04:db:3c:4c,SFR_3C48,true,false
9563,24:95:04:db:3c:4c,SFR_3C48,true,false
9564,24:95:04:db:3c:4c,SFR_3C48,true,false
9565,24:95:04:db:3c:4c,SFR_3C48,true,false
9566,24:95:04:db:3c:4c,SFR_3C48,true,false
9567,24:95:04:db:3c:4c,SFR_3C48,true,false
9568,24:95:04:db:3c:4c,SFR_3C48,true,false
9569,24:95:04:db:3c:4c,SFR_3C48,true,false
9570,24:95:04:db:3c:4c,SFR_3C48,true,false
9571,24:95:04:db:3c:4c,SFR_3C48,true,false
9572,24:95:04:db:3c:4c,SFR_3C48,true,false
9573,24:95:04:db:3c:4c,SFR_3C48,true,false
9574,24:95:04:db:3c:4c,SFR_3C48,true,false
9575,24:95:04:db:3c:4c,SFR_3C48,true,false
9576,24:95:04:db:3c:4c,SFR_3C48,true,false
9577,24:95:04:db:3c:4c,SFR_3C48,true,false
9578,24:95:04:db:3c:4c,SFR_3C48,true,false
9579,24:95:04:db:3c:4c,SFR_3C48,true,false
9580,24:95:04:db:3c:4c,SFR_3C48,true,false
9581,24:95:04:db:3c:4c,SFR_3C48,true,false
9582,24:95:04:db:3c:4c,SFR_3C48,true,false
9583,24:95:04:db:3c:4c,SFR_3C48,true,false
9584,24:95:04:db:3c:4c,SFR_3C48,true,false
9585,24:95:04:db:3c:4c,SFR_3C48,true,false
9586,24:95:04:db:3c:4c,SFR_3C48,true,false
9587,24:95:04:db:3c:4c,SFR_3C48,true,false
9588,24:95:04:db:3c:4c,SFR_3C48,true,false
9589,24:95:04:db:3c:4c,SFR_3C48,true,false
9590,24:95:04:db:3c:4c,SFR_3C48,true,false
9591,24:95:04:db:3c:4c,SFR_3C48,true,false
9592,24:95:04:db:3c:4c,SFR_3C48,true,false
9593,24:95:04:db:3c:4c,SFR_3C48,true,false
9594,24:95:04:db:3c:4c,SFR_3C48,true,false
9595,24:95:04:db:3c:4c,SFR_3C48,true,false
9596,24:95:04:db:3c:4c,SFR_3C48,true,false
9597,24:95:04:db:3c:4c,SFR_3C48,true,false
9598,24:95:04:db:3c:4c,SFR_3C48,true,false
9599,24:95:04:db:3c:4c,SFR_3C48,true,false
9600,24:95:04:db:3c:4c,SFR_3C48,true,false
9601,24:95:04:db:3c:4c,SFR_3C48,true,false
9602,24:95:04:db:3c:4c,SFR_3C48,true,false
9603,24:95:04:db:3c:4c,SFR_3C48,true,false
9604,24:95:04:db:3c:4c,SFR_3C48,true,false
9605,24:95:04:db:3c:4c,SFR_3C48,true,false
9606,24:95:04:db:3c:4c,SFR_3C48,true,false
9607,24:95:04:db:3c:4c,SFR_3C48,true,false
9608,24:95:04:db:3c:4c,SFR_3C48,true,false
9609,24:95:04:db:3c:4c,SFR_3C48,true,false
9610,24:95:04:db:3c:4c,SFR_3C48,true,false
9611,24:95:04:db:3c:4c,SFR_3C48,true,false
9612,24:95:04:db:3c:4c,SFR_3C48,true,false
9613,24:95:04:db:3c:4c,SFR_3C48,true,false
9614,24:95:04:db:3c:4c,SFR_3C48,true,false
9615,24:95:04:db:3c:4c,SFR_3C48,true,false
9616,24:95:04:db:3c:4c,SFR_3C48,true,false
9617,24:95:04:db:3c:4c,SFR_3C48,true,false
9618,24:95:04:db:3c:4c,SFR_3C48,true,false
9619,24:95:04:db:3c:4c,SFR_3C48,true,false
9620,24:95:04:db:3c:4c,SFR_3C48,true,false
9621,24:95:04:db:3c:4c,SFR_3C48,true,false
9622,24:95:04:db:3c:4c,SFR_3C48,true,false
9627,24:95:04:db:3c:4c,SFR_3C48,true,false
9628,24:95:04:db:3c:4c,SFR_3C48,true,false
9629,24:95:04:db:3c:4c,SFR_3C48,true,false
9630,24:95:04:db:3c:4c,SFR_3C48,true,false
9631,24:95:04:db:3c:4c,SFR_3C48,true,false
9632,24:95:04:db:3c:4c,SFR_3C48,true,false
9635,24:95:04:db:3c:4c,SFR_3C48,true,false
9636,24:95:04:db:3c:4c,SFR_3C48,true,false
9637,24:95:04:db:3c:4c,SFR_3C48,true,false
9638,24:95:04:db:3c:4c,SFR_3C48,true,false
9639,24:95:04:db:3c:4c,SFR_3C48,true,false
9640,24:95:04:db:3c:4c,SFR_3C48,true,false
9641,24:95:04:db:3c:4c,SFR_3C48,true,false
9642,24:95:04:db:3c:4c,SFR_3C48,true,false
9643,24:95:04:db:3c:4c,SFR_3C48,true,false
9644,24:95:04:db:3c:4c,SFR_3C48,true,false
9645,24:95:04:db:3c:4c,SFR_3C48,true,false
9646,24:95:04:db:3c:4c,SFR_3C48,true,false
9647,24:95:04:db:3c:4c,SFR_3C48,true,false
9648,24:95:04:db:3c:4c,SFR_3C48,true,false
9649,24:95:04:db:3c:4c,SFR_3C48,true,false
9650,24:95:04:db:3c:4c,SFR_3C48,true,false
9651,24:95:04:db:3c:4c,SFR_3C48,true,false
9652,24:95:04:db:3c:4c,SFR_3C48,true,false
9653,24:95:04:db:3c:4c,SFR_3C48,true,false
9654,24:95:04:db:3c:4c,SFR_3C48,true,false
9655,24:95:04:db:3c:4c,SFR_3C48,true,false
9656,24:95:04:db:3c:4c,SFR_3C48,true,false
9657,24:95:04:db:3c:4c,SFR_3C48,true,false
9658,24:95:04:db:3c:4c,SFR_3C48,true,false
9659,24:95:04:db:3c:4c,SFR_3C48,true,false
9660,24:95:04:db:3c:4c,SFR_3C48,true,false
9661,24:95:04:db:3c:4c,SFR_3C48,true,false
9662,24:95:04:db:3c:4c,SFR_3C48,true,false
9663,24:95:04:db:3c:4c,SFR_3C48,true,false
9664,24:95:04:db:3c:4c,SFR_3C48,true,false
9665,24:95:04:db:3c:4c,SFR_3C48,true,false
9666,24:95:04:db:3c:4c,SFR_3C48,true,false
9667,24:95:04:db:3c:4c,SFR_3C48,true,false
9668,24:95:04:db:3c:4c,SFR_3C48,true,false
9669,24:95:04:db:3c:4c,SFR_3C48,true,false
9670,24:95:04:db:3c:4c,SFR_3C48,true,false
9671,24:95:04:db:3c:4c,SFR_3C48,true,false
9672,24:95:04:db:3c:4c,SFR_3C48,true,false
9673,24:95:04:db:3c:4c,SFR_3C48,true,false
9674,24:95:04:db:3c:4c,SFR_3C48,true,false
9675,24:95:04:db:3c:4c,SFR_3C48,true,false
9676,24:95:04:db:3c:4c,SFR_3C48,true,false
9677,24:95:04:db:3c:4c,SFR_3C48,true,false
9678,24:95:04:db:3c:4c,SFR_3C48,true,false
9679,24:95:04:db:3c:4c,SFR_3C48,true,false
9680,24:95:04:db:3c:4c,SFR_3C48,true,false
9681,24:95:04:db:3c:4c,SFR_3C48,true,false
9682,24:95:04:db:3c:4c,SFR_3C48,true,false
9683,24:95:04:db:3c:4c,SFR_3C48,true,false
9684,24:95:04:db:3c:4c,SFR_3C48,true,false
9685,24:95:04:db:3c:4c,SFR_3C48,true,false
9686,24:95:04:db:3c:4c,SFR_3C48,true,false
9687,24:95:04:db:3c:4c,SFR_3C48,true,false
9688,24:95:04:db:3c:4c,SFR_3C48,true,false
9689,24:95:04:db:3c:4c,SFR_3C48,true,false
9690,24:95:04:db:3c:4c,SFR_3C48,true,false
9691,24:95:04:db:3c:4c,SFR_3C48,true,false
9692,24:95:04:db:3c:4c,SFR_3C48,true,false
9693,24:95:04:db:3c:4c,SFR_3C48,true,false
9694,24:95:04:db:3c:4c,SFR_3C48,true,false
9695,24:95:04:db:3c:4c,SFR_3C48,true,false
9696,24:95:04:db:3c:4c,SFR_3C48,true,false
9697,24:95:04:db:3c:4c,SFR_3C48,true,false
9698,24:95:04:db:3c:4c,SFR_3C48,true,false
9699,24:95:04:db:3c:4c,SFR_3C48,true,false
9700,24:95:04:db:3c:4c,SFR_3C48,true,false
9701,24:95:04:db:3c:4c,SFR_3C48,true,false
9702,24:95:04:db:3c:4c,SFR_3C48,true,false
9703,24:95:04:db:3c:4c,SFR_3C48,true,false
9704,24:95:04:db:3c:4c,SFR_3C48,true,false
9705,24:95:04:db:3c:4c,SFR_3C48,true,false
9706,24:95:04:db:3c:4c,SFR_3C48,true,false
9707,24:95:04:db:3c:4c,SFR_3C48,true,false
9708,24:95:04:db:3c:4c,SFR_3C48,true,false
9709,24:95:04:db:3c:4c,SFR_3C48,true,false
9710,24:95:04:db:3c:4c,SFR_3C48,true,false
9711,24:95:04:db:3c:4c,SFR_3C48,true,false
9712,24:95:04:db:3c:4c,SFR_3C48,true,false
9713,24:95:04:db:3c:4c,SFR_3C48,true,false
9714,24:95:04:db:3c:4c,SFR_3C48,true,false
9715,24:95:04:db:3c:4c,SFR_3C48,true,false
9716,24:95:04:db:3c:4c,SFR_3C48,true,false
9717,24:95:04:db:3c:4c,SFR_3C48,true,false
9718,24:95:04:db:3c:4c,SFR_3C48,true,false
9719,24:95:04:db:3c:4c,SFR_3C48,true,false
9720,24:95:04:db:3c:4c,SFR_3C48,true,false
9721,24:95:04:db:3c:4c,SFR_3C48,true,false
9722,24:95:04:db:3c:4c,SFR_3C48,true,false
9723,24:95:04:db:3c:4c,SFR_3C48,true,false
9724,24:95:04:db:3c:4c,SFR_3C48,true,false
9725,24:95:04:db:3c:4c,SFR_3C48,true,false
9726,24:95:04:db:3c:4c,SFR_3C48,true,false
9727,24:95:04:db:3c:4c,SFR_3C48,true,false
9728,24:95:04:db:3c:4c,SFR_3C48,true,false
9729,24:95:04:db:3c:4c,SFR_3C48,true,false
9730,24:95:04:db:3c:4c,SFR_3C48,true,false
9731,24:95:04:db:3c:4c,SFR_3C48,true,false
9732,24:95:04:db:3c:4c,SFR_3C48,true,false
9733,24:95:04:db:3c:4c,SFR_3C48,true,false
9734,24:95:04:db:3c:4c,SFR_3C48,true,false
9735,24:95:04:db:3c:4c,SFR_3C48,true,false
9736,24:95:04:db:3c:4c,SFR_3C48,true,false
9737,24:95:04:db:3c:4c,SFR_3C48,true,false
9738,24:95:04:db:3c:4c,SFR_3C48,true,false
9739,24:95:04:db:3c:4c,SFR_3C48,true,false
9740,24:95:04:db:3c:4c,SFR_3C48,true,false
9741,24:95:04:db:3c:4c,SFR_3C48,true,false
9742,24:95:04:db:3c:4c,SFR_3C48,true,false
9743,24:95:04:db:3c:4c,SFR_3C48,true,false
9744,24:95:04:db:3c:4c,SFR_3C48,true,false
9745,24:95:04:db:3c:4c,SFR_3C48,true,false
9746,24:95:04:db:3c:4c,SFR_3C48,true,false
9747,24:95:04:db:3c:4c,SFR_3C48,true,false
9748,24:95:04:db:3c:4c,SFR_3C48,true,false
9749,24:95:04:db:3c:4c,SFR_3C48,true,false
9750,24:95:04:db:3c:4c,SFR_3C48,true,false
9751,24:95:04:db:3c:4c,SFR_3C48,true,false
9752,24:95:04:db:3c:4c,SFR_3C48,true,false
9753,24:95:04:db:3c:4c,SFR_3C48,true,false
9754,24:95:04:db:3c:4c,SFR_3C48,true,false
9755,24:95:04:db:3c:4c,SFR_3C48,true,false
9756,24:95:04:db:3c:4c,SFR_3C48,true,false
9757,24:95:04:db:3c:4c,SFR_3C48,true,false
9758,24:95:04:db:3c:4c,SFR_3C48,true,false
9759,24:95:04:db:3c:4c,SFR_3C48,true,false
9760,24:95:04:db:3c:4c,SFR_3C48,true,false
9761,24:95:04:db:3c:4c,SFR_3C48,true,false
9762,24:95:04:db:3c:4c,SFR_3C48,true,false
9763,24:95:04:db:3c:4c,SFR_3C48,true,false
9764,24:95:04:db:3c:4c,SFR_3C48,true,false
9765,24:95:04:db:3c:4c,SFR_3C48,true,false
9766,24:95:04:db:3c:4c,SFR_3C48,true,false
9767,24:95:04:db:3c:4c,SFR_3C48,true,false
9768,24:95:04:db:3c:4c,SFR_3C48,true,false
9769,24:95:04:db:3c:4c,SFR_3C48,true,false
9770,24:95:04:db:3c:4c,SFR_3C48,true,false
9771,24:95:04:db:3c:4c,SFR_3C48,true,false
9772,24:95:04:db:3c:4c,SFR_3C48,true,false
9773,24:95:04:db:3c:4c,SFR_3C48,true,false
9774,24:95:04:db:3c:4c,SFR_3C48,true,false
9775,24:95:04:db:3c:4c,SFR_3C48,true,false
9776,24:95:04:db:3c:4c,SFR_3C48,true,false
9777,24:95:04:db:3c:4c,SFR_3C48,true,false
9778,24:95:04:db:3c:4c,SFR_3C48,true,false
9779,24:95:04:db:3c:4c,SFR_3C48,true,false
9780,24:95:04:db:3c:4c,SFR_3C48,true,false
9781,24:95:04:db:3c:4c,SFR_3C48,true,false
9782,24:95:04:db:3c:4c,SFR_3C48,true,false
9783,24:95:04:db:3c:4c,SFR_3C48,true,false
9784,24:95:04:db:3c:4c,SFR_3C48,true,false
9785,24:95:04:db:3c:4c,SFR_3C48,true,false
9786,24:95:04:db:3c:4c,SFR_3C48,true,false
9787,24:95:04:db:3c:4c,SFR_3C48,true,false
9788,24:95:04:db:3c:4c,SFR_3C48,true,false
9789,24:95:04:db:3c:4c,SFR_3C48,true,false
9790,24:95:04:db:3c:4c,SFR_3C48,true,false
9791,24:95:04:db:3c:4c,SFR_3C48,true,false
9792,24:95:04:db:3c:4c,SFR_3C48,true,false
9793,24:95:04:db:3c:4c,SFR_3C48,true,false
9794,24:95:04:db:3c:4c,SFR_3C48,true,false
9795,24:95:04:db:3c:4c,SFR_3C48,true,false
9796,24:95:04:db:3c:4c,SFR_3C48,true,false
9797,24:95:04:db:3c:4c,SFR_3C48,true,false
9798,24:95:04:db:3c:4c,SFR_3C48,true,false
9799,24:95:04:db:3c:4c,SFR_3C48,true,false
9800,24:95:04:db:3c:4c,SFR_3C48,true,false
9801,24:95:04:db:3c:4c,SFR_3C48,true,false
9802,24:95:04:db:3c:4c,SFR_3C48,true,false
9803,24:95:04:db:3c:4c,SFR_3C48,true,false
9804,24:95:04:db:3c:4c,SFR_3C48,true,false
9805,24:95:04:db:3c:4c,SFR_3C48,true,false
9806,24:95:04:db:3c:4c,SFR_3C48,true,false
9807,24:95:04:db:3c:4c,SFR_3C48,true,false
9808,24:95:04:db:3c:4c,SFR_3C48,true,false
9809,24:95:04:db:3c:4c,SFR_3C48,true,false
9810,24:95:04:db:3c:4c,SFR_3C48,true,false
9811,24:95:04:db:3c:4c,SFR_3C48,true,false
9812,24:95:04:db:3c:4c,SFR_3C48,true,false
9813,24:95:04:db:3c:4c,SFR_3C48,true,false
9814,24:95:04:db:3c:4c,SFR_3C48,true,false
9815,24:95:04:db:3c:4c,SFR_3C48,true,false
9816,24:95:04:db:3c:4c,SFR_3C48,true,false
9817,24:95:04:db:3c:4c,SFR_3C48,true,false
9818,24:95:04:db:3c:4c,SFR_3C48,true,false
9819,24:95:04:db:3c:4c,SFR_3C48,true,false
9820,24:95:04:db:3c:4c,SFR_3C48,true,false
9821,24:95:04:db:3c:4c,SFR_3C48,true,false
9822,24:95:04:db:3c:4c,SFR_3C48,true,false
9823,24:95:04:db:3c:4c,SFR_3C48,true,false
9824,24:95:04:db:3c:4c,SFR_3C48,true,false
9825,24:95:04:db:3c:4c,SFR_3C48,true,false
9826,24:95:04:db:3c:4c,SFR_3C48,true,false
9827,24:95:04:db:3c:4c,SFR_3C48,true,false
9828,24:95:04:db:3c:4c,SFR_3C48,true,false
9829,24:95:04:db:3c:4c,SFR_3C48,true,false
9830,24:95:04:db:3c:4c,SFR_3C48,true,false
9831,24:95:04:db:3c:4c,SFR_3C48,true,false
9832,24:95:04:db:3c:4c,SFR_3C48,true,false
9833,24:95:04:db:3c:4c,SFR_3C48,true,false
9834,24:95:04:db:3c:4c,SFR_3C48,true,false
9835,24:95:04:db:3c:4c,SFR_3C48,true,false
9836,24:95:04:db:3c:4c,SFR_3C48,true,false
9837,24:95:04:db:3c:4c,SFR_3C48,true,false
9838,24:95:04:db:3c:4c,SFR_3C48,true,false
9839,24:95:04:db:3c:4c,SFR_3C48,true,false
9840,24:95:04:db:3c:4c,SFR_3C48,true,false
9841,24:95:04:db:3c:4c,SFR_3C48,true,false
9842,24:95:04:db:3c:4c,SFR_3C48,true,false
9843,24:95:04:db:3c:4c,SFR_3C48,true,false
9844,24:95:04:db:3c:4c,SFR_3C48,true,false
9845,24:95:04:db:3c:4c,SFR_3C48,true,false
9846,24:95:04:db:3c:4c,SFR_3C48,true,false
9847,24:95:04:db:3c:4c,SFR_3C48,true,false
9848,24:95:04:db:3c:4c,SFR_3C48,true,false
9849,24:95:04:db:3c:4c,SFR_3C48,true,false
9850,24:95:04:db:3c:4c,SFR_3C48,true,false
9851,24:95:04:db:3c:4c,SFR_3C48,true,false
9852,24:95:04:db:3c:4c,SFR_3C48,true,false
9853,24:95:04:db:3c:4c,SFR_3C48,true,false
9854,24:95:04:db:3c:4c,SFR_3C48,true,false
9855,24:95:04:db:3c:4c,SFR_3C48,true,false
9856,24:95:04:db:3c:4c,SFR_3C48,true,false
9857,24:95:04:db:3c:4c,SFR_3C48,true,false
9858,24:95:04:db:3c:4c,SFR_3C48,true,false
9859,24:95:04:db:3c:4c,SFR_3C48,true,false
9860,24:95:04:db:3c:4c,SFR_3C48,true,false
9861,24:95:04:db:3c:4c,SFR_3C48,true,false
9862,24:95:04:db:3c:4c,SFR_3C48,true,false
9863,24:95:04:db:3c:4c,SFR_3C48,true,false
9864,24:95:04:db:3c:4c,SFR_3C48,true,false
9865,24:95:04:db:3c:4c,SFR_3C48,true,false
9866,24:95:04:db:3c:4c,SFR_3C48,true,false
9867,24:95:04:db:3c:4c,SFR_3C48,true,false
9868,24:95:04:db:3c:4c,SFR_3C48,true,false
9869,24:95:04:db:3c:4c,SFR_3C48,true,false
9870,24:95:04:db:3c:4c,SFR_3C48,true,false
9871,24:95:04:db:3c:4c,SFR_3C48,true,false
9872,24:95:04:db:3c:4c,SFR_3C48,true,false
9873,24:95:04:db:3c:4c,SFR_3C48,true,false
9874,24:95:04:db:3c:4c,SFR_3C48,true,false
9875,24:95:04:db:3c:4c,SFR_3C48,true,false
9876,24:95:04:db:3c:4c,SFR_3C48,true,false
9877,24:95:04:db:3c:4c,SFR_3C48,true,false
9878,24:95:04:db:3c:4c,SFR_3C48,true,false
9879,24:95:04:db:3c:4c,SFR_3C48,true,false
9880,24:95:04:db:3c:4c,SFR_3C48,true,false
9881,24:95:04:db:3c:4c,SFR_3C48,true,false
9882,24:95:04:db:3c:4c,SFR_3C48,true,false
9883,24:95:04:db:3c:4c,SFR_3C48,true,false
9884,24:95:04:db:3c:4c,SFR_3C48,true,false
9885,24:95:04:db:3c:4c,SFR_3C48,true,false
9886,24:95:04:db:3c:4c,SFR_3C48,true,false
9887,24:95:04:db:3c:4c,SFR_3C48,true,false
9888,24:95:04:db:3c:4c,SFR_3C48,true,false
9889,24:95:04:db:3c:4c,SFR_3C48,true,false
9890,24:95:04:db:3c:4c,SFR_3C48,true,false
9891,24:95:04:db:3c:4c,SFR_3C48,true,false
9892,24:95:04:db:3c:4c,SFR_3C48,true,false
9893,24:95:04:db:3c:4c,SFR_3C48,true,false
9894,24:95:04:db:3c:4c,SFR_3C48,true,false
9895,24:95:04:db:3c:4c,SFR_3C48,true,false
9896,24:95:04:db:3c:4c,SFR_3C48,true,false
9897,24:95:04:db:3c:4c,SFR_3C48,true,false
9898,24:95:04:db:3c:4c,SFR_3C48,true,false
9899,24:95:04:db:3c:4c,SFR_3C48,true,false
9909,24:95:04:db:3c:4c,SFR_3C48,true,false
9910,24:95:04:db:3c:4c,SFR_3C48,true,false
9911,24:95:04:db:3c:4c,SFR_3C48,true,false
9912,24:95:04:db:3c:4c,SFR_3C48,true,false
9913,24:95:04:db:3c:4c,SFR_3C48,true,false
9914,24:95:04:db:3c:4c,SFR_3C48,true,false
9915,24:95:04:db:3c:4c,SFR_3C48,true,false
9916,24:95:04:db:3c:4c,SFR_3C48,true,false
9917,24:95:04:db:3c:4c,SFR_3C48,true,false
9918,24:95:04:db:3c:4c,SFR_3C48,true,false
9919,24:95:04:db:3c:4c,SFR_3C48,true,false
9920,24:95:04:db:3c:4c,SFR_3C48,true,false
9921,24:95:04:db:3c:4c,SFR_3C48,true,false
9922,24:95:04:db:3c:4c,SFR_3C48,true,false
9923,24:95:04:db:3c:4c,SFR_3C48,true,false
9924,24:95:04:db:3c:4c,SFR_3C48,true,false
9925,24:95:04:db:3c:4c,SFR_3C48,true,false
9926,24:95:04:db:3c:4c,SFR_3C48,true,false
9927,24:95:04:db:3c:4c,SFR_3C48,true,false
9928,24:95:04:db:3c:4c,SFR_3C48,true,false
9929,24:95:04:db:3c:4c,SFR_3C48,true,false
9930,24:95:04:db:3c:4c,SFR_3C48,true,false
9931,24:95:04:db:3c:4c,SFR_3C48,true,false
9932,24:95:04:db:3c:4c,SFR_3C48,true,false
9933,24:95:04:db:3c:4c,SFR_3C48,true,false
9934,24:95:04:db:3c:4c,SFR_3C48,true,false
9935,24:95:04:db:3c:4c,SFR_3C48,true,false
9936,24:95:04:db:3c:4c,SFR_3C48,true,false
9937,24:95:04:db:3c:4c,SFR_3C48,true,false
9938,24:95:04:db:3c:4c,SFR_3C48,true,false
9939,24:95:04:db:3c:4c,SFR_3C48,true,false
9940,24:95:04:db:3c:4c,SFR_3C48,true,false
9941,24:95:04:db:3c:4c,SFR_3C48,true,false
9942,24:95:04:db:3c:4c,SFR_3C48,true,false
9943,24:95:04:db:3c:4c,SFR_3C48,true,false
9944,24:95:04:db:3c:4c,SFR_3C48,true,false
9945,24:95:04:db:3c:4c,SFR_3C48,true,false
9946,24:95:04:db:3c:4c,SFR_3C48,true,false
9947,24:95:04:db:3c:4c,SFR_3C48,true,false
9948,24:95:04:db:3c:4c,SFR_3C48,true,false
9949,24:95:04:db:3c:4c,SFR_3C48,true,false
9950,24:95:04:db:3c:4c,SFR_3C48,true,false
9951,24:95:04:db:3c:4c,SFR_3C48,true,false
9952,24:95:04:db:3c:4c,SFR_3C48,true,false
9953,24:95:04:db:3c:4c,SFR_3C48,true,false
9954,24:95:04:db:3c:4c,SFR_3C48,true,false
9955,24:95:04:db:3c:4c,SFR_3C48,true,false
9956,24:95:04:db:3c:4c,SFR_3C48,true,false
9957,24:95:04:db:3c:4c,SFR_3C48,true,false
9958,24:95:04:db:3c:4c,SFR_3C48,true,false
9959,24:95:04:db:3c:4c,SFR_3C48,true,false
9960,24:95:04:db:3c:4c,SFR_3C48,true,false
9961,24:95:04:db:3c:4c,SFR_3C48,true,false
9962,24:95:04:db:3c:4c,SFR_3C48,true,false
9963,24:95:04:db:3c:4c,SFR_3C48,true,false
9964,24:95:04:db:3c:4c,SFR_3C48,true,false
9965,24:95:04:db:3c:4c,SFR_3C48,true,false
9966,24:95:04:db:3c:4c,SFR_3C48,true,false
9967,24:95:04:db:3c:4c,SFR_3C48,true,false
9968,24:95:04:db:3c:4c,SFR_3C48,true,false
9969,24:95:04:db:3c:4c,SFR_3C48,true,false
9970,24:95:04:db:3c:4c,SFR_3C48,true,false
9971,24:95:04:db:3c:4c,SFR_3C48,true,false
9972,24:95:04:db:3c:4c,SFR_3C48,true,false
9973,24:95:04:db:3c:4c,SFR_3C48,true,false
9974,24:95:04:db:3c:4c,SFR_3C48,true,false
9975,24:95:04:db:3c:4c,SFR_3C48,true,false
9976,24:95:04:db:3c:4c,SFR_3C48,true,false
9977,24:95:04:db:3c:4c,SFR_3C48,true,false
9978,24:95:04:db:3c:4c,SFR_3C48,true,false
9979,24:95:04:db:3c:4c,SFR_3C48,true,false
9980,24:95:04:db:3c:4c,SFR_3C48,true,false
9981,24:95:04:db:3c:4c,SFR_3C48,true,false
9982,24:95:04:db:3c:4c,SFR_3C48,true,false
9983,24:95:04:db:3c:4c,SFR_3C48,true,false
9984,24:95:04:db:3c:4c,SFR_3C48,true,false
9985,24:95:04:db:3c:4c,SFR_3C48,true,false
9986,24:95:04:db:3c:4c,SFR_3C48,true,false
9987,24:95:04:db:3c:4c,SFR_3C48,true,false
9988,24:95:04:db:3c:4c,SFR_3C48,true,false
9989,24:95:04:db:3c:4c,SFR_3C48,true,false
9990,24:95:04:db:3c:4c,SFR_3C48,true,false
9991,24:95:04:db:3c:4c,SFR_3C48,true,false
9992,24:95:04:db:3c:4c,SFR_3C48,true,false
9993,24:95:04:db:3c:4c,SFR_3C48,true,false
9994,24:95:04:db:3c:4c,SFR_3C48,true,false
9995,24:95:04:db:3c:4c,SFR_3C48,true,false
9996,24:95:04:db:3c:4c,SFR_3C48,true,false
9997,24:95:04:db:3c:4c,SFR_3C48,true,false
9998,24:95:04:db:3c:4c,SFR_3C48,true,false
9999,24:95:04:db:3c:4c,SFR_3C48,true,false
10000,24:95:04:db:3c:4c,SFR_3C48,true,false
10001,24:95:04:db:3c:4c,SFR_3C48,true,false
10002,24:95:04:db:3c:4c,SFR_3C48,true,false
10003,24:95:04:db:3c:4c,SFR_3C48,true,false
10004,24:95:04:db:3c:4c,SFR_3C48,true,false
10005,24:95:04:db:3c:4c,SFR_3C48,true,false
10006,24:95:04:db:3c:4c,SFR_3C48,true,false
10007,24:95:04:db:3c:4c,SFR_3C48,true,false
10008,24:95:04:db:3c:4c,SFR_3C48,true,false
10009,24:95:04:db:3c:4c,SFR_3C48,true,false
10010,24:95:04:db:3c:4c,SFR_3C48,true,false
10011,24:95:04:db:3c:4c,SFR_3C48,true,false
10012,24:95:04:db:3c:4c,SFR_3C48,true,false
10013,24:95:04:db:3c:4c,SFR_3C48,true,false
10014,24:95:04:db:3c:4c,SFR_3C48,true,false
10015,24:95:04:db:3c:4c,SFR_3C48,true,false
10016,24:95:04:db:3c:4c,SFR_3C48,true,false
10017,24:95:04:db:3c:4c,SFR_3C48,true,false
10018,24:95:04:db:3c:4c,SFR_3C48,true,false
10019,24:95:04:db:3c:4c,SFR_3C48,true,false
10020,24:95:04:db:3c:4c,SFR_3C48,true,false
10021,24:95:04:db:3c:4c,SFR_3C48,true,false
10022,24:95:04:db:3c:4c,SFR_3C48,true,false
10023,24:95:04:db:3c:4c,SFR_3C48,true,false
10024,24:95:04:db:3c:4c,SFR_3C48,true,false
10025,24:95:04:db:3c:4c,SFR_3C48,true,false
10026,24:95:04:db:3c:4c,SFR_3C48,true,false
10027,24:95:04:db:3c:4c,SFR_3C48,true,false
10028,24:95:04:db:3c:4c,SFR_3C48,true,false
10029,24:95:04:db:3c:4c,SFR_3C48,true,false
10030,24:95:04:db:3c:4c,SFR_3C48,true,false
10031,24:95:04:db:3c:4c,SFR_3C48,true,false
10032,24:95:04:db:3c:4c,SFR_3C48,true,false
10033,24:95:04:db:3c:4c,SFR_3C48,true,false
10034,24:95:04:db:3c:4c,SFR_3C48,true,false
10035,24:95:04:db:3c:4c,SFR_3C48,true,false
10036,24:95:04:db:3c:4c,SFR_3C48,true,false
10037,24:95:04:db:3c:4c,SFR_3C48,true,false
10038,24:95:04:db:3c:4c,SFR_3C48,true,false
10039,24:95:04:db:3c:4c,SFR_3C48,true,false
10040,24:95:04:db:3c:4c,SFR_3C48,true,false
10041,24:95:04:db:3c:4c,SFR_3C48,true,false
10042,24:95:04:db:3c:4c,SFR_3C48,true,false
10043,24:95:04:db:3c:4c,SFR_3C48,true,false
10044,24:95:04:db:3c:4c,SFR_3C48,true,false
10045,24:95:04:db:3c:4c,SFR_3C48,true,false
10046,24:95:04:db:3c:4c,SFR_3C48,true,false
10047,24:95:04:db:3c:4c,SFR_3C48,true,false
10048,24:95:04:db:3c:4c,SFR_3C48,true,false
10049,24:95:04:db:3c:4c,SFR_3C48,true,false
10050,24:95:04:db:3c:4c,SFR_3C48,true,false
10051,24:95:04:db:3c:4c,SFR_3C48,true,false
10052,24:95:04:db:3c:4c,SFR_3C48,true,false
10053,24:95:04:db:3c:4c,SFR_3C48,true,false
10054,24:95:04:db:3c:4c,SFR_3C48,true,false
10055,24:95:04:db:3c:4c,SFR_3C48,true,false
10056,24:95:04:db:3c:4c,SFR_3C48,true,false
10057,24:95:04:db:3c:4c,SFR_3C48,true,false
10058,24:95:04:db:3c:4c,SFR_3C48,true,false
10059,24:95:04:db:3c:4c,SFR_3C48,true,false
10060,24:95:04:db:3c:4c,SFR_3C48,true,false
10061,24:95:04:db:3c:4c,SFR_3C48,true,false
10062,24:95:04:db:3c:4c,SFR_3C48,true,false
10063,24:95:04:db:3c:4c,SFR_3C48,true,false
10064,24:95:04:db:3c:4c,SFR_3C48,true,false
10065,24:95:04:db:3c:4c,SFR_3C48,true,false
10066,24:95:04:db:3c:4c,SFR_3C48,true,false
10067,24:95:04:db:3c:4c,SFR_3C48,true,false
10068,24:95:04:db:3c:4c,SFR_3C48,true,false
10069,24:95:04:db:3c:4c,SFR_3C48,true,false
10070,24:95:04:db:3c:4c,SFR_3C48,true,false
10071,24:95:04:db:3c:4c,SFR_3C48,true,false
10072,24:95:04:db:3c:4c,SFR_3C48,true,false
10073,24:95:04:db:3c:4c,SFR_3C48,true,false
10074,24:95:04:db:3c:4c,SFR_3C48,true,false
10075,24:95:04:db:3c:4c,SFR_3C48,true,false
10076,24:95:04:db:3c:4c,SFR_3C48,true,false
10077,24:95:04:db:3c:4c,SFR_3C48,true,false
10078,24:95:04:db:3c:4c,SFR_3C48,true,false
10079,24:95:04:db:3c:4c,SFR_3C48,true,false
10080,24:95:04:db:3c:4c,SFR_3C48,true,false
10081,24:95:04:db:3c:4c,SFR_3C48,true,false
10082,24:95:04:db:3c:4c,SFR_3C48,true,false
10083,24:95:04:db:3c:4c,SFR_3C48,true,false
10084,24:95:04:db:3c:4c,SFR_3C48,true,false
10085,24:95:04:db:3c:4c,SFR_3C48,true,false
10086,24:95:04:db:3c:4c,SFR_3C48,true,false
10087,24:95:04:db:3c:4c,SFR_3C48,true,false
10088,24:95:04:db:3c:4c,SFR_3C48,true,false
10089,24:95:04:db:3c:4c,SFR_3C48,true,false
10090,24:95:04:db:3c:4c,SFR_3C48,true,false
10091,24:95:04:db:3c:4c,SFR_3C48,true,false
10092,24:95:04:db:3c:4c,SFR_3C48,true,false
10093,24:95:04:db:3c:4c,SFR_3C48,true,false
10094,24:95:04:db:3c:4c,SFR_3C48,true,false
10095,24:95:04:db:3c:4c,SFR_3C48,true,false
10096,24:95:04:db:3c:4c,SFR_3C48,true,false
10097,24:95:04:db:3c:4c,SFR_3C48,true,false
10098,24:95:04:db:3c:4c,SFR_3C48,true,false
10099,24:95:04:db:3c:4c,SFR_3C48,true,false
10100,24:95:04:db:3c:4c,SFR_3C48,true,false
10101,24:95:04:db:3c:4c,SFR_3C48,true,false
10102,24:95:04:db:3c:4c,SFR_3C48,true,false
10103,24:95:04:db:3c:4c,SFR_3C48,true,false
10104,24:95:04:db:3c:4c,SFR_3C48,true,false
10105,24:95:04:db:3c:4c,SFR_3C48,true,false
10106,24:95:04:db:3c:4c,SFR_3C48,true,false
10107,24:95:04:db:3c:4c,SFR_3C48,true,false
10108,24:95:04:db:3c:4c,SFR_3C48,true,false
10109,24:95:04:db:3c:4c,SFR_3C48,true,false
10110,24:95:04:db:3c:4c,SFR_3C48,true,false
10111,24:95:04:db:3c:4c,SFR_3C48,true,false
10112,24:95:04:db:3c:4c,SFR_3C48,true,false
10113,24:95:04:db:3c:4c,SFR_3C48,true,false
10114,24:95:04:db:3c:4c,SFR_3C48,true,false
10115,24:95:04:db:3c:4c,SFR_3C48,true,false
10116,24:95:04:db:3c:4c,SFR_3C48,true,false
10117,24:95:04:db:3c:4c,SFR_3C48,true,false
10118,24:95:04:db:3c:4c,SFR_3C48,true,false
10119,24:95:04:db:3c:4c,SFR_3C48,true,false
10120,24:95:04:db:3c:4c,SFR_3C48,true,false
10121,24:95:04:db:3c:4c,SFR_3C48,true,false
10122,24:95:04:db:3c:4c,SFR_3C48,true,false
10123,24:95:04:db:3c:4c,SFR_3C48,true,false
10124,24:95:04:db:3c:4c,SFR_3C48,true,false
10125,24:95:04:db:3c:4c,SFR_3C48,true,false
10126,24:95:04:db:3c:4c,SFR_3C48,true,false
10127,24:95:04:db:3c:4c,SFR_3C48,true,false
10128,24:95:04:db:3c:4c,SFR_3C48,true,false
10129,24:95:04:db:3c:4c,SFR_3C48,true,false
10130,24:95:04:db:3c:4c,SFR_3C48,true,false
10131,24:95:04:db:3c:4c,SFR_3C48,true,false
10132,24:95:04:db:3c:4c,SFR_3C48,true,false
10133,24:95:04:db:3c:4c,SFR_3C48,true,false
10134,24:95:04:db:3c:4c,SFR_3C48,true,false
10135,24:95:04:db:3c:4c,SFR_3C48,true,false
10136,24:95:04:db:3c:4c,SFR_3C48,true,false
10137,24:95:04:db:3c:4c,SFR_3C48,true,false
10138,24:95:04:db:3c:4c,SFR_3C48,true,false
10139,24:95:04:db:3c:4c,SFR_3C48,true,false
10140,24:95:04:db:3c:4c,SFR_3C48,true,false
10141,24:95:04:db:3c:4c,SFR_3C48,true,false
10142,24:95:04:db:3c:4c,SFR_3C48,true,false
10143,24:95:04:db:3c:4c,SFR_3C48,true,false
10144,24:95:04:db:3c:4c,SFR_3C48,true,false
10145,24:95:04:db:3c:4c,SFR_3C48,true,false
10146,24:95:04:db:3c:4c,SFR_3C48,true,false
10147,24:95:04:db:3c:4c,SFR_3C48,true,false
10148,24:95:04:db:3c:4c,SFR_3C48,true,false
10149,24:95:04:db:3c:4c,SFR_3C48,true,false
10150,24:95:04:db:3c:4c,SFR_3C48,true,false
10151,24:95:04:db:3c:4c,SFR_3C48,true,false
10152,24:95:04:db:3c:4c,SFR_3C48,true,false
10153,24:95:04:db:3c:4c,SFR_3C48,true,false
10154,24:95:04:db:3c:4c,SFR_3C48,true,false
10155,24:95:04:db:3c:4c,SFR_3C48,true,false
10156,24:95:04:db:3c:4c,SFR_3C48,true,false
10157,24:95:04:db:3c:4c,SFR_3C48,true,false
10158,24:95:04:db:3c:4c,SFR_3C48,true,false
10159,24:95:04:db:3c:4c,SFR_3C48,true,false
10160,24:95:04:db:3c:4c,SFR_3C48,true,false
10161,24:95:04:db:3c:4c,SFR_3C48,true,false
10162,24:95:04:db:3c:4c,SFR_3C48,true,false
10163,24:95:04:db:3c:4c,SFR_3C48,true,false
10164,24:95:04:db:3c:4c,SFR_3C48,true,false
10165,24:95:04:db:3c:4c,SFR_3C48,true,false
10166,24:95:04:db:3c:4c,SFR_3C48,true,false
10167,24:95:04:db:3c:4c,SFR_3C48,true,false
10168,24:95:04:db:3c:4c,SFR_3C48,true,false
10169,24:95:04:db:3c:4c,SFR_3C48,true,false
10170,24:95:04:db:3c:4c,SFR_3C48,true,false
10171,24:95:04:db:3c:4c,SFR_3C48,true,false
10172,24:95:04:db:3c:4c,SFR_3C48,true,false
10173,24:95:04:db:3c:4c,SFR_3C48,true,false
10174,24:95:04:db:3c:4c,SFR_3C48,true,false
10175,24:95:04:db:3c:4c,SFR_3C48,true,false
10176,24:95:04:db:3c:4c,SFR_3C48,true,false
10183,24:95:04:db:3c:4c,SFR_3C48,true,false
10184,24:95:04:db:3c:4c,SFR_3C48,true,false
10185,24:95:04:db:3c:4c,SFR_3C48,true,false
10186,24:95:04:db:3c:4c,SFR_3C48,true,false
10187,24:95:04:db:3c:4c,SFR_3C48,true,false
10188,24:95:04:db:3c:4c,SFR_3C48,true,false
10189,24:95:04:db:3c:4c,SFR_3C48,true,false
10190,24:95:04:db:3c:4c,SFR_3C48,true,false
10191,24:95:04:db:3c:4c,SFR_3C48,true,false
10192,24:95:04:db:3c:4c,SFR_3C48,true,false
10193,24:95:04:db:3c:4c,SFR_3C48,true,false
10194,24:95:04:db:3c:4c,SFR_3C48,true,false
10195,24:95:04:db:3c:4c,SFR_3C48,true,false
10196,24:95:04:db:3c:4c,SFR_3C48,true,false
10197,24:95:04:db:3c:4c,SFR_3C48,true,false
10198,24:95:04:db:3c:4c,SFR_3C48,true,false
10199,24:95:04:db:3c:4c,SFR_3C48,true,false
10200,24:95:04:db:3c:4c,SFR_3C48,true,false
10201,24:95:04:db:3c:4c,SFR_3C48,true,false
10202,24:95:04:db:3c:4c,SFR_3C48,true,false
10203,24:95:04:db:3c:4c,SFR_3C48,true,false
10204,24:95:04:db:3c:4c,SFR_3C48,true,false
10205,24:95:04:db:3c:4c,SFR_3C48,true,false
10206,24:95:04:db:3c:4c,SFR_3C48,true,false
10207,24:95:04:db:3c:4c,SFR_3C48,true,false
10208,24:95:04:db:3c:4c,SFR_3C48,true,false
10209,24:95:04:db:3c:4c,SFR_3C48,true,false
10210,24:95:04:db:3c:4c,SFR_3C48,true,false
10211,24:95:04:db:3c:4c,SFR_3C48,true,false
10212,24:95:04:db:3c:4c,SFR_3C48,true,false
10213,24:95:04:db:3c:4c,SFR_3C48,true,false
10214,24:95:04:db:3c:4c,SFR_3C48,true,false
10215,24:95:04:db:3c:4c,SFR_3C48,true,false
10216,24:95:04:db:3c:4c,SFR_3C48,true,false
10217,24:95:04:db:3c:4c,SFR_3C48,true,false
10218,24:95:04:db:3c:4c,SFR_3C48,true,false
10219,24:95:04:db:3c:4c,SFR_3C48,true,false
10220,24:95:04:db:3c:4c,SFR_3C48,true,false
10221,24:95:04:db:3c:4c,SFR_3C48,true,false
10222,24:95:04:db:3c:4c,SFR_3C48,true,false
10223,24:95:04:db:3c:4c,SFR_3C48,true,false
10224,24:95:04:db:3c:4c,SFR_3C48,true,false
10225,24:95:04:db:3c:4c,SFR_3C48,true,false
10226,24:95:04:db:3c:4c,SFR_3C48,true,false
10227,24:95:04:db:3c:4c,SFR_3C48,true,false
10228,24:95:04:db:3c:4c,SFR_3C48,true,false
10229,24:95:04:db:3c:4c,SFR_3C48,true,false
10230,24:95:04:db:3c:4c,SFR_3C48,true,false
10231,24:95:04:db:3c:4c,SFR_3C48,true,false
10232,24:95:04:db:3c:4c,SFR_3C48,true,false
10233,24:95:04:db:3c:4c,SFR_3C48,true,false
10234,24:95:04:db:3c:4c,SFR_3C48,true,false
10235,24:95:04:db:3c:4c,SFR_3C48,true,false
10236,24:95:04:db:3c:4c,SFR_3C48,true,false
10237,24:95:04:db:3c:4c,SFR_3C48,true,false
10238,24:95:04:db:3c:4c,SFR_3C48,true,false
10239,24:95:04:db:3c:4c,SFR_3C48,true,false
10240,24:95:04:db:3c:4c,SFR_3C48,true,false
10241,24:95:04:db:3c:4c,SFR_3C48,true,false
10242,24:95:04:db:3c:4c,SFR_3C48,true,false
10243,24:95:04:db:3c:4c,SFR_3C48,true,false
10244,24:95:04:db:3c:4c,SFR_3C48,true,false
10245,24:95:04:db:3c:4c,SFR_3C48,true,false
10246,24:95:04:db:3c:4c,SFR_3C48,true,false
10247,24:95:04:db:3c:4c,SFR_3C48,true,false
10248,24:95:04:db:3c:4c,SFR_3C48,true,false
10249,24:95:04:db:3c:4c,SFR_3C48,true,false
10250,24:95:04:db:3c:4c,SFR_3C48,true,false
10251,24:95:04:db:3c:4c,SFR_3C48,true,false
10252,24:95:04:db:3c:4c,SFR_3C48,true,false
10253,24:95:04:db:3c:4c,SFR_3C48,true,false
10254,24:95:04:db:3c:4c,SFR_3C48,true,false
10257,24:95:04:db:3c:4c,SFR_3C48,true,false
10258,24:95:04:db:3c:4c,SFR_3C48,true,false
10259,24:95:04:db:3c:4c,SFR_3C48,true,false
10260,24:95:04:db:3c:4c,SFR_3C48,true,false
10261,24:95:04:db:3c:4c,SFR_3C48,true,false
10262,24:95:04:db:3c:4c,SFR_3C48,true,false
10263,24:95:04:db:3c:4c,SFR_3C48,true,false
10264,24:95:04:db:3c:4c,SFR_3C48,true,false
10265,24:95:04:db:3c:4c,SFR_3C48,true,false
10266,24:95:04:db:3c:4c,SFR_3C48,true,false
10267,24:95:04:db:3c:4c,SFR_3C48,true,false
10268,24:95:04:db:3c:4c,SFR_3C48,true,false
10269,24:95:04:db:3c:4c,SFR_3C48,true,false
10270,24:95:04:db:3c:4c,SFR_3C48,true,false
10271,24:95:04:db:3c:4c,SFR_3C48,true,false
10272,24:95:04:db:3c:4c,SFR_3C48,true,false
10273,24:95:04:db:3c:4c,SFR_3C48,true,false
10274,24:95:04:db:3c:4c,SFR_3C48,true,false
10275,24:95:04:db:3c:4c,SFR_3C48,true,false
10276,24:95:04:db:3c:4c,SFR_3C48,true,false
10277,24:95:04:db:3c:4c,SFR_3C48,true,false
10278,24:95:04:db:3c:4c,SFR_3C48,true,false
10279,24:95:04:db:3c:4c,SFR_3C48,true,false
10280,24:95:04:db:3c:4c,SFR_3C48,true,false
10281,24:95:04:db:3c:4c,SFR_3C48,true,false
10282,24:95:04:db:3c:4c,SFR_3C48,true,false
10283,24:95:04:db:3c:4c,SFR_3C48,true,false
10284,24:95:04:db:3c:4c,SFR_3C48,true,false
10285,24:95:04:db:3c:4c,SFR_3C48,true,false
10286,24:95:04:db:3c:4c,SFR_3C48,true,false
10287,24:95:04:db:3c:4c,SFR_3C48,true,false
10288,24:95:04:db:3c:4c,SFR_3C48,true,false
10289,24:95:04:db:3c:4c,SFR_3C48,true,false
10290,24:95:04:db:3c:4c,SFR_3C48,true,false
10291,24:95:04:db:3c:4c,SFR_3C48,true,false
10292,24:95:04:db:3c:4c,SFR_3C48,true,false
10293,24:95:04:db:3c:4c,SFR_3C48,true,false
10294,24:95:04:db:3c:4c,SFR_3C48,true,false
10295,24:95:04:db:3c:4c,SFR_3C48,true,false
10296,24:95:04:db:3c:4c,SFR_3C48,true,false
10297,24:95:04:db:3c:4c,SFR_3C48,true,false
10298,24:95:04:db:3c:4c,SFR_3C48,true,false
10299,24:95:04:db:3c:4c,SFR_3C48,true,false
10300,24:95:04:db:3c:4c,SFR_3C48,true,false
10301,24:95:04:db:3c:4c,SFR_3C48,true,false
10302,24:95:04:db:3c:4c,SFR_3C48,true,false
10303,24:95:04:db:3c:4c,SFR_3C48,true,false
10304,24:95:04:db:3c:4c,SFR_3C48,true,false
10305,24:95:04:db:3c:4c,SFR_3C48,true,false
10306,24:95:04:db:3c:4c,SFR_3C48,true,false
10307,24:95:04:db:3c:4c,SFR_3C48,true,false
10308,24:95:04:db:3c:4c,SFR_3C48,true,false
10309,24:95:04:db:3c:4c,SFR_3C48,true,false
10310,24:95:04:db:3c:4c,SFR_3C48,true,false
10311,24:95:04:db:3c:4c,SFR_3C48,true,false
10312,24:95:04:db:3c:4c,SFR_3C48,true,false
10313,24:95:04:db:3c:4c,SFR_3C48,true,false
10315,24:95:04:db:3c:4c,SFR_3C48,true,false
10316,24:95:04:db:3c:4c,SFR_3C48,true,false
10317,24:95:04:db:3c:4c,SFR_3C48,true,false
10318,24:95:04:db:3c:4c,SFR_3C48,true,false
10319,24:95:04:db:3c:4c,SFR_3C48,true,false
10320,24:95:04:db:3c:4c,SFR_3C48,true,false
10321,24:95:04:db:3c:4c,SFR_3C48,true,false
10322,24:95:04:db:3c:4c,SFR_3C48,true,false
10323,24:95:04:db:3c:4c,SFR_3C48,true,false
10324,24:95:04:db:3c:4c,SFR_3C48,true,false
10327,24:95:04:db:3c:4c,SFR_3C48,true,false
10328,24:95:04:db:3c:4c,SFR_3C48,true,false
10329,24:95:04:db:3c:4c,SFR_3C48,true,false
10330,24:95:04:db:3c:4c,SFR_3C48,true,false
10331,24:95:04:db:3c:4c,SFR_3C48,true,false
10332,24:95:04:db:3c:4c,SFR_3C48,true,false
10333,24:95:04:db:3c:4c,SFR_3C48,true,false
10336,24:95:04:db:3c:4c,SFR_3C48,true,false
10339,24:95:04:db:3c:4c,SFR_3C48,true,false
10340,24:95:04:db:3c:4c,SFR_3C48,true,false
10341,24:95:04:db:3c:4c,SFR_3C48,true,false
10342,24:95:04:db:3c:4c,SFR_3C48,true,false
10343,24:95:04:db:3c:4c,SFR_3C48,true,false
10344,24:95:04:db:3c:4c,SFR_3C48,true,false
10345,24:95:04:db:3c:4c,SFR_3C48,true,false
10346,24:95:04:db:3c:4c,SFR_3C48,true,false
10357,24:95:04:db:3c:4c,SFR_3C48,true,false
10358,24:95:04:db:3c:4c,SFR_3C48,true,false
10359,24:95:04:db:3c:4c,SFR_3C48,true,false
10360,24:95:04:db:3c:4c,SFR_3C48,true,false
10361,24:95:04:db:3c:4c,SFR_3C48,true,false
10364,24:95:04:db:3c:4c,SFR_3C48,true,false
10365,24:95:04:db:3c:4c,SFR_3C48,true,false
10366,24:95:04:db:3c:4c,SFR_3C48,true,false
10367,24:95:04:db:3c:4c,SFR_3C48,true,false
10368,24:95:04:db:3c:4c,SFR_3C48,true,false
10369,24:95:04:db:3c:4c,SFR_3C48,true,false
10370,24:95:04:db:3c:4c,SFR_3C48,true,false
10371,24:95:04:db:3c:4c,SFR_3C48,true,false
10372,24:95:04:db:3c:4c,SFR_3C48,true,false
10373,24:95:04:db:3c:4c,SFR_3C48,true,false
10374,24:95:04:db:3c:4c,SFR_3C48,true,false
10375,24:95:04:db:3c:4c,SFR_3C48,true,false
10376,24:95:04:db:3c:4c,SFR_3C48,true,false
10377,24:95:04:db:3c:4c,SFR_3C48,true,false
10382,24:95:04:db:3c:4c,SFR_3C48,true,false
10383,24:95:04:db:3c:4c,SFR_3C48,true,false
10384,24:95:04:db:3c:4c,SFR_3C48,true,false
10385,24:95:04:db:3c:4c,SFR_3C48,true,false
10386,24:95:04:db:3c:4c,SFR_3C48,true,false
10387,24:95:04:db:3c:4c,SFR_3C48,true,false
10388,24:95:04:db:3c:4c,SFR_3C48,true,false
10389,24:95:04:db:3c:4c,SFR_3C48,true,false
10390,24:95:04:db:3c:4c,SFR_3C48,true,false
10391,24:95:04:db:3c:4c,SFR_3C48,true,false
10392,24:95:04:db:3c:4c,SFR_3C48,true,false
10395,24:95:04:db:3c:4c,SFR_3C48,true,false
10396,24:95:04:db:3c:4c,SFR_3C48,true,false
